[
{
"GEMEINDE": "Aeugst a.A.",
"BEZIRK": "Affoltern",
"STIMMBETEILIGUNG": "   46.12",
"AZ_GÜLTIGE_STIMMZETTEL": 413,
"AZ_JA_STIMMEN": 351
}
,
{
"GEMEINDE": "Affoltern a.A.",
"BEZIRK": "Affoltern",
"STIMMBETEILIGUNG": "   42.71",
"AZ_GÜLTIGE_STIMMZETTEL": 2349,
"AZ_JA_STIMMEN": 1978
}
,
{
"GEMEINDE": "Bonstetten",
"BEZIRK": "Affoltern",
"STIMMBETEILIGUNG": "   54.65",
"AZ_GÜLTIGE_STIMMZETTEL": 1112,
"AZ_JA_STIMMEN": 950
}
,
{
"GEMEINDE": "Hausen a.A.",
"BEZIRK": "Affoltern",
"STIMMBETEILIGUNG": "   52.02",
"AZ_GÜLTIGE_STIMMZETTEL": 951,
"AZ_JA_STIMMEN": 835
}
,
{
"GEMEINDE": "Hedingen",
"BEZIRK": "Affoltern",
"STIMMBETEILIGUNG": "   43.41",
"AZ_GÜLTIGE_STIMMZETTEL": 669,
"AZ_JA_STIMMEN": 583
}
,
{
"GEMEINDE": "Kappel a.A.",
"BEZIRK": "Affoltern",
"STIMMBETEILIGUNG": "   49.91",
"AZ_GÜLTIGE_STIMMZETTEL": 274,
"AZ_JA_STIMMEN": 231
}
,
{
"GEMEINDE": "Knonau",
"BEZIRK": "Affoltern",
"STIMMBETEILIGUNG": "   65.27",
"AZ_GÜLTIGE_STIMMZETTEL": 485,
"AZ_JA_STIMMEN": 394
}
,
{
"GEMEINDE": "Maschwanden",
"BEZIRK": "Affoltern",
"STIMMBETEILIGUNG": "   53.70",
"AZ_GÜLTIGE_STIMMZETTEL": 192,
"AZ_JA_STIMMEN": 158
}
,
{
"GEMEINDE": "Mettmenstetten",
"BEZIRK": "Affoltern",
"STIMMBETEILIGUNG": "   47.62",
"AZ_GÜLTIGE_STIMMZETTEL": 941,
"AZ_JA_STIMMEN": 836
}
,
{
"GEMEINDE": "Obfelden",
"BEZIRK": "Affoltern",
"STIMMBETEILIGUNG": "   40.45",
"AZ_GÜLTIGE_STIMMZETTEL": 999,
"AZ_JA_STIMMEN": 878
}
,
{
"GEMEINDE": "Ottenbach",
"BEZIRK": "Affoltern",
"STIMMBETEILIGUNG": "   47.05",
"AZ_GÜLTIGE_STIMMZETTEL": 677,
"AZ_JA_STIMMEN": 589
}
,
{
"GEMEINDE": "Rifferswil",
"BEZIRK": "Affoltern",
"STIMMBETEILIGUNG": "   68.03",
"AZ_GÜLTIGE_STIMMZETTEL": 296,
"AZ_JA_STIMMEN": 263
}
,
{
"GEMEINDE": "Stallikon",
"BEZIRK": "Affoltern",
"STIMMBETEILIGUNG": "   43.65",
"AZ_GÜLTIGE_STIMMZETTEL": 683,
"AZ_JA_STIMMEN": 596
}
,
{
"GEMEINDE": "Wettswil a.A.",
"BEZIRK": "Affoltern",
"STIMMBETEILIGUNG": "   52.35",
"AZ_GÜLTIGE_STIMMZETTEL": 1299,
"AZ_JA_STIMMEN": 1138
}
,
{
"GEMEINDE": "Adlikon",
"BEZIRK": "Andelfingen",
"STIMMBETEILIGUNG": "   73.74",
"AZ_GÜLTIGE_STIMMZETTEL": 276,
"AZ_JA_STIMMEN": 232
}
,
{
"GEMEINDE": "Andelfingen",
"BEZIRK": "Andelfingen",
"STIMMBETEILIGUNG": "   61.42",
"AZ_GÜLTIGE_STIMMZETTEL": 671,
"AZ_JA_STIMMEN": 598
}
,
{
"GEMEINDE": "Benken",
"BEZIRK": "Andelfingen",
"STIMMBETEILIGUNG": "   65.08",
"AZ_GÜLTIGE_STIMMZETTEL": 282,
"AZ_JA_STIMMEN": 226
}
,
{
"GEMEINDE": "Berg a.I.",
"BEZIRK": "Andelfingen",
"STIMMBETEILIGUNG": "   64.86",
"AZ_GÜLTIGE_STIMMZETTEL": 214,
"AZ_JA_STIMMEN": 177
}
,
{
"GEMEINDE": "Buch a.I.",
"BEZIRK": "Andelfingen",
"STIMMBETEILIGUNG": "   59.08",
"AZ_GÜLTIGE_STIMMZETTEL": 244,
"AZ_JA_STIMMEN": 204
}
,
{
"GEMEINDE": "Dachsen",
"BEZIRK": "Andelfingen",
"STIMMBETEILIGUNG": "   53.14",
"AZ_GÜLTIGE_STIMMZETTEL": 462,
"AZ_JA_STIMMEN": 387
}
,
{
"GEMEINDE": "Dorf",
"BEZIRK": "Andelfingen",
"STIMMBETEILIGUNG": "   64.65",
"AZ_GÜLTIGE_STIMMZETTEL": 200,
"AZ_JA_STIMMEN": 173
}
,
{
"GEMEINDE": "Feuerthalen",
"BEZIRK": "Andelfingen",
"STIMMBETEILIGUNG": "   45.47",
"AZ_GÜLTIGE_STIMMZETTEL": 831,
"AZ_JA_STIMMEN": 730
}
,
{
"GEMEINDE": "Flaach",
"BEZIRK": "Andelfingen",
"STIMMBETEILIGUNG": "   57.70",
"AZ_GÜLTIGE_STIMMZETTEL": 397,
"AZ_JA_STIMMEN": 338
}
,
{
"GEMEINDE": "Flurlingen",
"BEZIRK": "Andelfingen",
"STIMMBETEILIGUNG": "   57.73",
"AZ_GÜLTIGE_STIMMZETTEL": 478,
"AZ_JA_STIMMEN": 427
}
,
{
"GEMEINDE": "Henggart",
"BEZIRK": "Andelfingen",
"STIMMBETEILIGUNG": "   95.31",
"AZ_GÜLTIGE_STIMMZETTEL": 578,
"AZ_JA_STIMMEN": 473
}
,
{
"GEMEINDE": "Humlikon",
"BEZIRK": "Andelfingen",
"STIMMBETEILIGUNG": "   60.08",
"AZ_GÜLTIGE_STIMMZETTEL": 152,
"AZ_JA_STIMMEN": 124
}
,
{
"GEMEINDE": "Kleinandelfingen",
"BEZIRK": "Andelfingen",
"STIMMBETEILIGUNG": "   57.73",
"AZ_GÜLTIGE_STIMMZETTEL": 574,
"AZ_JA_STIMMEN": 483
}
,
{
"GEMEINDE": "Laufen-Uhwiesen",
"BEZIRK": "Andelfingen",
"STIMMBETEILIGUNG": "   50.43",
"AZ_GÜLTIGE_STIMMZETTEL": 510,
"AZ_JA_STIMMEN": 435
}
,
{
"GEMEINDE": "Marthalen",
"BEZIRK": "Andelfingen",
"STIMMBETEILIGUNG": "   54.86",
"AZ_GÜLTIGE_STIMMZETTEL": 617,
"AZ_JA_STIMMEN": 535
}
,
{
"GEMEINDE": "Oberstammheim",
"BEZIRK": "Andelfingen",
"STIMMBETEILIGUNG": "   67.50",
"AZ_GÜLTIGE_STIMMZETTEL": 462,
"AZ_JA_STIMMEN": 407
}
,
{
"GEMEINDE": "Ossingen",
"BEZIRK": "Andelfingen",
"STIMMBETEILIGUNG": "   52.81",
"AZ_GÜLTIGE_STIMMZETTEL": 440,
"AZ_JA_STIMMEN": 359
}
,
{
"GEMEINDE": "Rheinau",
"BEZIRK": "Andelfingen",
"STIMMBETEILIGUNG": "   54.86",
"AZ_GÜLTIGE_STIMMZETTEL": 406,
"AZ_JA_STIMMEN": 340
}
,
{
"GEMEINDE": "Thalheim a.d.Th.",
"BEZIRK": "Andelfingen",
"STIMMBETEILIGUNG": "   50.34",
"AZ_GÜLTIGE_STIMMZETTEL": 215,
"AZ_JA_STIMMEN": 173
}
,
{
"GEMEINDE": "Trüllikon",
"BEZIRK": "Andelfingen",
"STIMMBETEILIGUNG": "   53.31",
"AZ_GÜLTIGE_STIMMZETTEL": 365,
"AZ_JA_STIMMEN": 332
}
,
{
"GEMEINDE": "Truttikon",
"BEZIRK": "Andelfingen",
"STIMMBETEILIGUNG": "   69.70",
"AZ_GÜLTIGE_STIMMZETTEL": 180,
"AZ_JA_STIMMEN": 160
}
,
{
"GEMEINDE": "Unterstammheim",
"BEZIRK": "Andelfingen",
"STIMMBETEILIGUNG": "   56.55",
"AZ_GÜLTIGE_STIMMZETTEL": 321,
"AZ_JA_STIMMEN": 290
}
,
{
"GEMEINDE": "Volken",
"BEZIRK": "Andelfingen",
"STIMMBETEILIGUNG": "   71.19",
"AZ_GÜLTIGE_STIMMZETTEL": 123,
"AZ_JA_STIMMEN": 101
}
,
{
"GEMEINDE": "Waltalingen",
"BEZIRK": "Andelfingen",
"STIMMBETEILIGUNG": "   66.50",
"AZ_GÜLTIGE_STIMMZETTEL": 245,
"AZ_JA_STIMMEN": 202
}
,
{
"GEMEINDE": "Bachenbülach",
"BEZIRK": "Bülach",
"STIMMBETEILIGUNG": "   45.95",
"AZ_GÜLTIGE_STIMMZETTEL": 720,
"AZ_JA_STIMMEN": 619
}
,
{
"GEMEINDE": "Bassersdorf",
"BEZIRK": "Bülach",
"STIMMBETEILIGUNG": "   49.06",
"AZ_GÜLTIGE_STIMMZETTEL": 2080,
"AZ_JA_STIMMEN": 1778
}
,
{
"GEMEINDE": "Bülach",
"BEZIRK": "Bülach",
"STIMMBETEILIGUNG": "   49.33",
"AZ_GÜLTIGE_STIMMZETTEL": 4138,
"AZ_JA_STIMMEN": 3535
}
,
{
"GEMEINDE": "Dietlikon",
"BEZIRK": "Bülach",
"STIMMBETEILIGUNG": "   45.12",
"AZ_GÜLTIGE_STIMMZETTEL": 1649,
"AZ_JA_STIMMEN": 1456
}
,
{
"GEMEINDE": "Eglisau",
"BEZIRK": "Bülach",
"STIMMBETEILIGUNG": "   59.88",
"AZ_GÜLTIGE_STIMMZETTEL": 1078,
"AZ_JA_STIMMEN": 933
}
,
{
"GEMEINDE": "Embrach",
"BEZIRK": "Bülach",
"STIMMBETEILIGUNG": "   43.82",
"AZ_GÜLTIGE_STIMMZETTEL": 1820,
"AZ_JA_STIMMEN": 1528
}
,
{
"GEMEINDE": "Freienstein-Teufen",
"BEZIRK": "Bülach",
"STIMMBETEILIGUNG": "   54.06",
"AZ_GÜLTIGE_STIMMZETTEL": 658,
"AZ_JA_STIMMEN": 522
}
,
{
"GEMEINDE": "Glattfelden",
"BEZIRK": "Bülach",
"STIMMBETEILIGUNG": "   46.32",
"AZ_GÜLTIGE_STIMMZETTEL": 910,
"AZ_JA_STIMMEN": 745
}
,
{
"GEMEINDE": "Hochfelden",
"BEZIRK": "Bülach",
"STIMMBETEILIGUNG": "   49.09",
"AZ_GÜLTIGE_STIMMZETTEL": 371,
"AZ_JA_STIMMEN": 309
}
,
{
"GEMEINDE": "Höri",
"BEZIRK": "Bülach",
"STIMMBETEILIGUNG": "   45.72",
"AZ_GÜLTIGE_STIMMZETTEL": 446,
"AZ_JA_STIMMEN": 367
}
,
{
"GEMEINDE": "Hüntwangen",
"BEZIRK": "Bülach",
"STIMMBETEILIGUNG": "   51.68",
"AZ_GÜLTIGE_STIMMZETTEL": 269,
"AZ_JA_STIMMEN": 226
}
,
{
"GEMEINDE": "Kloten",
"BEZIRK": "Bülach",
"STIMMBETEILIGUNG": "   48.96",
"AZ_GÜLTIGE_STIMMZETTEL": 4676,
"AZ_JA_STIMMEN": 3957
}
,
{
"GEMEINDE": "Lufingen",
"BEZIRK": "Bülach",
"STIMMBETEILIGUNG": "   58.16",
"AZ_GÜLTIGE_STIMMZETTEL": 429,
"AZ_JA_STIMMEN": 377
}
,
{
"GEMEINDE": "Nürensdorf",
"BEZIRK": "Bülach",
"STIMMBETEILIGUNG": "   55.55",
"AZ_GÜLTIGE_STIMMZETTEL": 1548,
"AZ_JA_STIMMEN": 1354
}
,
{
"GEMEINDE": "Oberembrach",
"BEZIRK": "Bülach",
"STIMMBETEILIGUNG": "   54.95",
"AZ_GÜLTIGE_STIMMZETTEL": 368,
"AZ_JA_STIMMEN": 322
}
,
{
"GEMEINDE": "Opfikon",
"BEZIRK": "Bülach",
"STIMMBETEILIGUNG": "   47.21",
"AZ_GÜLTIGE_STIMMZETTEL": 3332,
"AZ_JA_STIMMEN": 2930
}
,
{
"GEMEINDE": "Rafz",
"BEZIRK": "Bülach",
"STIMMBETEILIGUNG": "   50.70",
"AZ_GÜLTIGE_STIMMZETTEL": 872,
"AZ_JA_STIMMEN": 745
}
,
{
"GEMEINDE": "Rorbas",
"BEZIRK": "Bülach",
"STIMMBETEILIGUNG": "   47.55",
"AZ_GÜLTIGE_STIMMZETTEL": 607,
"AZ_JA_STIMMEN": 504
}
,
{
"GEMEINDE": "Wallisellen",
"BEZIRK": "Bülach",
"STIMMBETEILIGUNG": "   49.56",
"AZ_GÜLTIGE_STIMMZETTEL": 3725,
"AZ_JA_STIMMEN": 3282
}
,
{
"GEMEINDE": "Wasterkingen",
"BEZIRK": "Bülach",
"STIMMBETEILIGUNG": "   55.44",
"AZ_GÜLTIGE_STIMMZETTEL": 195,
"AZ_JA_STIMMEN": 161
}
,
{
"GEMEINDE": "Wil",
"BEZIRK": "Bülach",
"STIMMBETEILIGUNG": "   53.49",
"AZ_GÜLTIGE_STIMMZETTEL": 445,
"AZ_JA_STIMMEN": 374
}
,
{
"GEMEINDE": "Winkel",
"BEZIRK": "Bülach",
"STIMMBETEILIGUNG": "   55.85",
"AZ_GÜLTIGE_STIMMZETTEL": 914,
"AZ_JA_STIMMEN": 766
}
,
{
"GEMEINDE": "Bachs",
"BEZIRK": "Dielsdorf",
"STIMMBETEILIGUNG": "   59.24",
"AZ_GÜLTIGE_STIMMZETTEL": 227,
"AZ_JA_STIMMEN": 172
}
,
{
"GEMEINDE": "Boppelsen",
"BEZIRK": "Dielsdorf",
"STIMMBETEILIGUNG": "   55.57",
"AZ_GÜLTIGE_STIMMZETTEL": 324,
"AZ_JA_STIMMEN": 291
}
,
{
"GEMEINDE": "Buchs",
"BEZIRK": "Dielsdorf",
"STIMMBETEILIGUNG": "   38.85",
"AZ_GÜLTIGE_STIMMZETTEL": 886,
"AZ_JA_STIMMEN": 763
}
,
{
"GEMEINDE": "Dällikon",
"BEZIRK": "Dielsdorf",
"STIMMBETEILIGUNG": "   43.91",
"AZ_GÜLTIGE_STIMMZETTEL": 700,
"AZ_JA_STIMMEN": 600
}
,
{
"GEMEINDE": "Dänikon",
"BEZIRK": "Dielsdorf",
"STIMMBETEILIGUNG": "   47.04",
"AZ_GÜLTIGE_STIMMZETTEL": 377,
"AZ_JA_STIMMEN": 305
}
,
{
"GEMEINDE": "Dielsdorf",
"BEZIRK": "Dielsdorf",
"STIMMBETEILIGUNG": "   43.73",
"AZ_GÜLTIGE_STIMMZETTEL": 1154,
"AZ_JA_STIMMEN": 968
}
,
{
"GEMEINDE": "Hüttikon",
"BEZIRK": "Dielsdorf",
"STIMMBETEILIGUNG": "   50.33",
"AZ_GÜLTIGE_STIMMZETTEL": 150,
"AZ_JA_STIMMEN": 132
}
,
{
"GEMEINDE": "Neerach",
"BEZIRK": "Dielsdorf",
"STIMMBETEILIGUNG": "   48.12",
"AZ_GÜLTIGE_STIMMZETTEL": 643,
"AZ_JA_STIMMEN": 525
}
,
{
"GEMEINDE": "Niederglatt",
"BEZIRK": "Dielsdorf",
"STIMMBETEILIGUNG": "   43.98",
"AZ_GÜLTIGE_STIMMZETTEL": 934,
"AZ_JA_STIMMEN": 783
}
,
{
"GEMEINDE": "Niederhasli",
"BEZIRK": "Dielsdorf",
"STIMMBETEILIGUNG": "   46.52",
"AZ_GÜLTIGE_STIMMZETTEL": 1699,
"AZ_JA_STIMMEN": 1402
}
,
{
"GEMEINDE": "Niederweningen",
"BEZIRK": "Dielsdorf",
"STIMMBETEILIGUNG": "   48.07",
"AZ_GÜLTIGE_STIMMZETTEL": 496,
"AZ_JA_STIMMEN": 443
}
,
{
"GEMEINDE": "Oberglatt",
"BEZIRK": "Dielsdorf",
"STIMMBETEILIGUNG": "   40.82",
"AZ_GÜLTIGE_STIMMZETTEL": 1050,
"AZ_JA_STIMMEN": 869
}
,
{
"GEMEINDE": "Oberweningen",
"BEZIRK": "Dielsdorf",
"STIMMBETEILIGUNG": "   53.19",
"AZ_GÜLTIGE_STIMMZETTEL": 399,
"AZ_JA_STIMMEN": 324
}
,
{
"GEMEINDE": "Otelfingen",
"BEZIRK": "Dielsdorf",
"STIMMBETEILIGUNG": "   46.48",
"AZ_GÜLTIGE_STIMMZETTEL": 476,
"AZ_JA_STIMMEN": 398
}
,
{
"GEMEINDE": "Regensberg",
"BEZIRK": "Dielsdorf",
"STIMMBETEILIGUNG": "   51.60",
"AZ_GÜLTIGE_STIMMZETTEL": 189,
"AZ_JA_STIMMEN": 157
}
,
{
"GEMEINDE": "Regensdorf",
"BEZIRK": "Dielsdorf",
"STIMMBETEILIGUNG": "   42.01",
"AZ_GÜLTIGE_STIMMZETTEL": 3283,
"AZ_JA_STIMMEN": 2723
}
,
{
"GEMEINDE": "Rümlang",
"BEZIRK": "Dielsdorf",
"STIMMBETEILIGUNG": "   47.98",
"AZ_GÜLTIGE_STIMMZETTEL": 1559,
"AZ_JA_STIMMEN": 1285
}
,
{
"GEMEINDE": "Schleinikon",
"BEZIRK": "Dielsdorf",
"STIMMBETEILIGUNG": "   47.00",
"AZ_GÜLTIGE_STIMMZETTEL": 195,
"AZ_JA_STIMMEN": 154
}
,
{
"GEMEINDE": "Schöfflisdorf",
"BEZIRK": "Dielsdorf",
"STIMMBETEILIGUNG": "   48.54",
"AZ_GÜLTIGE_STIMMZETTEL": 358,
"AZ_JA_STIMMEN": 288
}
,
{
"GEMEINDE": "Stadel",
"BEZIRK": "Dielsdorf",
"STIMMBETEILIGUNG": "   50.61",
"AZ_GÜLTIGE_STIMMZETTEL": 530,
"AZ_JA_STIMMEN": 435
}
,
{
"GEMEINDE": "Steinmaur",
"BEZIRK": "Dielsdorf",
"STIMMBETEILIGUNG": "   48.94",
"AZ_GÜLTIGE_STIMMZETTEL": 847,
"AZ_JA_STIMMEN": 707
}
,
{
"GEMEINDE": "Weiach",
"BEZIRK": "Dielsdorf",
"STIMMBETEILIGUNG": "   50.37",
"AZ_GÜLTIGE_STIMMZETTEL": 251,
"AZ_JA_STIMMEN": 204
}
,
{
"GEMEINDE": "Aesch",
"BEZIRK": "Dietikon",
"STIMMBETEILIGUNG": "   59.78",
"AZ_GÜLTIGE_STIMMZETTEL": 425,
"AZ_JA_STIMMEN": 385
}
,
{
"GEMEINDE": "Birmensdorf",
"BEZIRK": "Dietikon",
"STIMMBETEILIGUNG": "   46.00",
"AZ_GÜLTIGE_STIMMZETTEL": 1519,
"AZ_JA_STIMMEN": 1299
}
,
{
"GEMEINDE": "Dietikon",
"BEZIRK": "Dietikon",
"STIMMBETEILIGUNG": "   40.26",
"AZ_GÜLTIGE_STIMMZETTEL": 4783,
"AZ_JA_STIMMEN": 3977
}
,
{
"GEMEINDE": "Geroldswil",
"BEZIRK": "Dietikon",
"STIMMBETEILIGUNG": "   41.84",
"AZ_GÜLTIGE_STIMMZETTEL": 1285,
"AZ_JA_STIMMEN": 1085
}
,
{
"GEMEINDE": "Oberengstringen",
"BEZIRK": "Dietikon",
"STIMMBETEILIGUNG": "   40.04",
"AZ_GÜLTIGE_STIMMZETTEL": 1599,
"AZ_JA_STIMMEN": 1358
}
,
{
"GEMEINDE": "Oetwil a.d.L",
"BEZIRK": "Dietikon",
"STIMMBETEILIGUNG": "   39.81",
"AZ_GÜLTIGE_STIMMZETTEL": 607,
"AZ_JA_STIMMEN": 512
}
,
{
"GEMEINDE": "Schlieren",
"BEZIRK": "Dietikon",
"STIMMBETEILIGUNG": "   40.29",
"AZ_GÜLTIGE_STIMMZETTEL": 2985,
"AZ_JA_STIMMEN": 2481
}
,
{
"GEMEINDE": "Uitikon",
"BEZIRK": "Dietikon",
"STIMMBETEILIGUNG": "   52.68",
"AZ_GÜLTIGE_STIMMZETTEL": 1202,
"AZ_JA_STIMMEN": 1031
}
,
{
"GEMEINDE": "Unterengstringen",
"BEZIRK": "Dietikon",
"STIMMBETEILIGUNG": "   50.45",
"AZ_GÜLTIGE_STIMMZETTEL": 913,
"AZ_JA_STIMMEN": 777
}
,
{
"GEMEINDE": "Urdorf",
"BEZIRK": "Dietikon",
"STIMMBETEILIGUNG": "   42.40",
"AZ_GÜLTIGE_STIMMZETTEL": 2289,
"AZ_JA_STIMMEN": 1923
}
,
{
"GEMEINDE": "Weiningen",
"BEZIRK": "Dietikon",
"STIMMBETEILIGUNG": "   40.71",
"AZ_GÜLTIGE_STIMMZETTEL": 916,
"AZ_JA_STIMMEN": 786
}
,
{
"GEMEINDE": "Bäretswil",
"BEZIRK": "Hinwil",
"STIMMBETEILIGUNG": "   45.49",
"AZ_GÜLTIGE_STIMMZETTEL": 1164,
"AZ_JA_STIMMEN": 977
}
,
{
"GEMEINDE": "Bubikon",
"BEZIRK": "Hinwil",
"STIMMBETEILIGUNG": "   43.87",
"AZ_GÜLTIGE_STIMMZETTEL": 1353,
"AZ_JA_STIMMEN": 1141
}
,
{
"GEMEINDE": "Dürnten",
"BEZIRK": "Hinwil",
"STIMMBETEILIGUNG": "   41.70",
"AZ_GÜLTIGE_STIMMZETTEL": 1534,
"AZ_JA_STIMMEN": 1280
}
,
{
"GEMEINDE": "Fischenthal",
"BEZIRK": "Hinwil",
"STIMMBETEILIGUNG": "   45.56",
"AZ_GÜLTIGE_STIMMZETTEL": 528,
"AZ_JA_STIMMEN": 417
}
,
{
"GEMEINDE": "Gossau",
"BEZIRK": "Hinwil",
"STIMMBETEILIGUNG": "   44.39",
"AZ_GÜLTIGE_STIMMZETTEL": 2167,
"AZ_JA_STIMMEN": 1860
}
,
{
"GEMEINDE": "Grüningen",
"BEZIRK": "Hinwil",
"STIMMBETEILIGUNG": "   45.01",
"AZ_GÜLTIGE_STIMMZETTEL": 739,
"AZ_JA_STIMMEN": 605
}
,
{
"GEMEINDE": "Hinwil",
"BEZIRK": "Hinwil",
"STIMMBETEILIGUNG": "   45.25",
"AZ_GÜLTIGE_STIMMZETTEL": 2556,
"AZ_JA_STIMMEN": 2141
}
,
{
"GEMEINDE": "Rüti",
"BEZIRK": "Hinwil",
"STIMMBETEILIGUNG": "   45.72",
"AZ_GÜLTIGE_STIMMZETTEL": 2937,
"AZ_JA_STIMMEN": 2506
}
,
{
"GEMEINDE": "Seegräben",
"BEZIRK": "Hinwil",
"STIMMBETEILIGUNG": "   61.64",
"AZ_GÜLTIGE_STIMMZETTEL": 429,
"AZ_JA_STIMMEN": 388
}
,
{
"GEMEINDE": "Wald",
"BEZIRK": "Hinwil",
"STIMMBETEILIGUNG": "   40.63",
"AZ_GÜLTIGE_STIMMZETTEL": 1936,
"AZ_JA_STIMMEN": 1661
}
,
{
"GEMEINDE": "Wetzikon",
"BEZIRK": "Hinwil",
"STIMMBETEILIGUNG": "   39.65",
"AZ_GÜLTIGE_STIMMZETTEL": 4110,
"AZ_JA_STIMMEN": 3436
}
,
{
"GEMEINDE": "Adliswil",
"BEZIRK": "Horgen",
"STIMMBETEILIGUNG": "   42.51",
"AZ_GÜLTIGE_STIMMZETTEL": 4319,
"AZ_JA_STIMMEN": 3706
}
,
{
"GEMEINDE": "Hirzel",
"BEZIRK": "Horgen",
"STIMMBETEILIGUNG": "   43.18",
"AZ_GÜLTIGE_STIMMZETTEL": 518,
"AZ_JA_STIMMEN": 445
}
,
{
"GEMEINDE": "Horgen",
"BEZIRK": "Horgen",
"STIMMBETEILIGUNG": "   45.92",
"AZ_GÜLTIGE_STIMMZETTEL": 4615,
"AZ_JA_STIMMEN": 3928
}
,
{
"GEMEINDE": "Hütten",
"BEZIRK": "Horgen",
"STIMMBETEILIGUNG": "   34.05",
"AZ_GÜLTIGE_STIMMZETTEL": 183,
"AZ_JA_STIMMEN": 148
}
,
{
"GEMEINDE": "Kilchberg",
"BEZIRK": "Horgen",
"STIMMBETEILIGUNG": "   56.07",
"AZ_GÜLTIGE_STIMMZETTEL": 2720,
"AZ_JA_STIMMEN": 2425
}
,
{
"GEMEINDE": "Langnau a.A.",
"BEZIRK": "Horgen",
"STIMMBETEILIGUNG": "   44.52",
"AZ_GÜLTIGE_STIMMZETTEL": 1930,
"AZ_JA_STIMMEN": 1644
}
,
{
"GEMEINDE": "Oberrieden",
"BEZIRK": "Horgen",
"STIMMBETEILIGUNG": "   51.66",
"AZ_GÜLTIGE_STIMMZETTEL": 1593,
"AZ_JA_STIMMEN": 1430
}
,
{
"GEMEINDE": "Richterswil",
"BEZIRK": "Horgen",
"STIMMBETEILIGUNG": "   43.18",
"AZ_GÜLTIGE_STIMMZETTEL": 2716,
"AZ_JA_STIMMEN": 2341
}
,
{
"GEMEINDE": "Rüschlikon",
"BEZIRK": "Horgen",
"STIMMBETEILIGUNG": "   49.94",
"AZ_GÜLTIGE_STIMMZETTEL": 1626,
"AZ_JA_STIMMEN": 1450
}
,
{
"GEMEINDE": "Schönenberg",
"BEZIRK": "Horgen",
"STIMMBETEILIGUNG": "   42.52",
"AZ_GÜLTIGE_STIMMZETTEL": 502,
"AZ_JA_STIMMEN": 416
}
,
{
"GEMEINDE": "Thalwil",
"BEZIRK": "Horgen",
"STIMMBETEILIGUNG": "   53.68",
"AZ_GÜLTIGE_STIMMZETTEL": 5402,
"AZ_JA_STIMMEN": 4677
}
,
{
"GEMEINDE": "Wädenswil",
"BEZIRK": "Horgen",
"STIMMBETEILIGUNG": "   50.14",
"AZ_GÜLTIGE_STIMMZETTEL": 6040,
"AZ_JA_STIMMEN": 5083
}
,
{
"GEMEINDE": "Erlenbach",
"BEZIRK": "Meilen",
"STIMMBETEILIGUNG": "   52.40",
"AZ_GÜLTIGE_STIMMZETTEL": 1537,
"AZ_JA_STIMMEN": 1333
}
,
{
"GEMEINDE": "Herrliberg",
"BEZIRK": "Meilen",
"STIMMBETEILIGUNG": "   48.46",
"AZ_GÜLTIGE_STIMMZETTEL": 1633,
"AZ_JA_STIMMEN": 1416
}
,
{
"GEMEINDE": "Hombrechtikon",
"BEZIRK": "Meilen",
"STIMMBETEILIGUNG": "   44.71",
"AZ_GÜLTIGE_STIMMZETTEL": 1982,
"AZ_JA_STIMMEN": 1662
}
,
{
"GEMEINDE": "Küsnacht",
"BEZIRK": "Meilen",
"STIMMBETEILIGUNG": "   52.08",
"AZ_GÜLTIGE_STIMMZETTEL": 4525,
"AZ_JA_STIMMEN": 4007
}
,
{
"GEMEINDE": "Männedorf",
"BEZIRK": "Meilen",
"STIMMBETEILIGUNG": "   50.40",
"AZ_GÜLTIGE_STIMMZETTEL": 2620,
"AZ_JA_STIMMEN": 2234
}
,
{
"GEMEINDE": "Meilen",
"BEZIRK": "Meilen",
"STIMMBETEILIGUNG": "   50.48",
"AZ_GÜLTIGE_STIMMZETTEL": 3723,
"AZ_JA_STIMMEN": 3270
}
,
{
"GEMEINDE": "Oetwil a.S.",
"BEZIRK": "Meilen",
"STIMMBETEILIGUNG": "   37.39",
"AZ_GÜLTIGE_STIMMZETTEL": 716,
"AZ_JA_STIMMEN": 616
}
,
{
"GEMEINDE": "Stäfa",
"BEZIRK": "Meilen",
"STIMMBETEILIGUNG": "   44.98",
"AZ_GÜLTIGE_STIMMZETTEL": 3196,
"AZ_JA_STIMMEN": 2703
}
,
{
"GEMEINDE": "Uetikon a.S.",
"BEZIRK": "Meilen",
"STIMMBETEILIGUNG": "   48.54",
"AZ_GÜLTIGE_STIMMZETTEL": 1157,
"AZ_JA_STIMMEN": 1000
}
,
{
"GEMEINDE": "Zollikon",
"BEZIRK": "Meilen",
"STIMMBETEILIGUNG": "   50.73",
"AZ_GÜLTIGE_STIMMZETTEL": 4194,
"AZ_JA_STIMMEN": 3560
}
,
{
"GEMEINDE": "Zumikon",
"BEZIRK": "Meilen",
"STIMMBETEILIGUNG": "   55.93",
"AZ_GÜLTIGE_STIMMZETTEL": 1789,
"AZ_JA_STIMMEN": 1570
}
,
{
"GEMEINDE": "Bauma",
"BEZIRK": "Pfäffikon",
"STIMMBETEILIGUNG": "   44.71",
"AZ_GÜLTIGE_STIMMZETTEL": 1225,
"AZ_JA_STIMMEN": 958
}
,
{
"GEMEINDE": "Fehraltorf",
"BEZIRK": "Pfäffikon",
"STIMMBETEILIGUNG": "   45.76",
"AZ_GÜLTIGE_STIMMZETTEL": 1144,
"AZ_JA_STIMMEN": 962
}
,
{
"GEMEINDE": "Hittnau",
"BEZIRK": "Pfäffikon",
"STIMMBETEILIGUNG": "   47.74",
"AZ_GÜLTIGE_STIMMZETTEL": 734,
"AZ_JA_STIMMEN": 629
}
,
{
"GEMEINDE": "Illnau-Effretikon",
"BEZIRK": "Pfäffikon",
"STIMMBETEILIGUNG": "   47.14",
"AZ_GÜLTIGE_STIMMZETTEL": 4532,
"AZ_JA_STIMMEN": 3887
}
,
{
"GEMEINDE": "Lindau",
"BEZIRK": "Pfäffikon",
"STIMMBETEILIGUNG": "   51.09",
"AZ_GÜLTIGE_STIMMZETTEL": 1032,
"AZ_JA_STIMMEN": 893
}
,
{
"GEMEINDE": "Pfäffikon",
"BEZIRK": "Pfäffikon",
"STIMMBETEILIGUNG": "   46.41",
"AZ_GÜLTIGE_STIMMZETTEL": 2528,
"AZ_JA_STIMMEN": 2132
}
,
{
"GEMEINDE": "Russikon",
"BEZIRK": "Pfäffikon",
"STIMMBETEILIGUNG": "   50.88",
"AZ_GÜLTIGE_STIMMZETTEL": 1192,
"AZ_JA_STIMMEN": 1024
}
,
{
"GEMEINDE": "Weisslingen",
"BEZIRK": "Pfäffikon",
"STIMMBETEILIGUNG": "   50.53",
"AZ_GÜLTIGE_STIMMZETTEL": 872,
"AZ_JA_STIMMEN": 746
}
,
{
"GEMEINDE": "Wila",
"BEZIRK": "Pfäffikon",
"STIMMBETEILIGUNG": "   62.57",
"AZ_GÜLTIGE_STIMMZETTEL": 694,
"AZ_JA_STIMMEN": 552
}
,
{
"GEMEINDE": "Wildberg",
"BEZIRK": "Pfäffikon",
"STIMMBETEILIGUNG": "   69.83",
"AZ_GÜLTIGE_STIMMZETTEL": 385,
"AZ_JA_STIMMEN": 305
}
,
{
"GEMEINDE": "Dübendorf",
"BEZIRK": "Uster",
"STIMMBETEILIGUNG": "   42.31",
"AZ_GÜLTIGE_STIMMZETTEL": 5670,
"AZ_JA_STIMMEN": 4857
}
,
{
"GEMEINDE": "Egg",
"BEZIRK": "Uster",
"STIMMBETEILIGUNG": "   44.16",
"AZ_GÜLTIGE_STIMMZETTEL": 1906,
"AZ_JA_STIMMEN": 1604
}
,
{
"GEMEINDE": "Fällanden",
"BEZIRK": "Uster",
"STIMMBETEILIGUNG": "   43.17",
"AZ_GÜLTIGE_STIMMZETTEL": 1850,
"AZ_JA_STIMMEN": 1606
}
,
{
"GEMEINDE": "Greifensee",
"BEZIRK": "Uster",
"STIMMBETEILIGUNG": "   47.58",
"AZ_GÜLTIGE_STIMMZETTEL": 1592,
"AZ_JA_STIMMEN": 1339
}
,
{
"GEMEINDE": "Maur",
"BEZIRK": "Uster",
"STIMMBETEILIGUNG": "   49.05",
"AZ_GÜLTIGE_STIMMZETTEL": 2424,
"AZ_JA_STIMMEN": 2116
}
,
{
"GEMEINDE": "Mönchaltorf",
"BEZIRK": "Uster",
"STIMMBETEILIGUNG": "   53.80",
"AZ_GÜLTIGE_STIMMZETTEL": 1181,
"AZ_JA_STIMMEN": 1005
}
,
{
"GEMEINDE": "Schwerzenbach",
"BEZIRK": "Uster",
"STIMMBETEILIGUNG": "   43.70",
"AZ_GÜLTIGE_STIMMZETTEL": 1048,
"AZ_JA_STIMMEN": 885
}
,
{
"GEMEINDE": "Uster",
"BEZIRK": "Uster",
"STIMMBETEILIGUNG": "   47.15",
"AZ_GÜLTIGE_STIMMZETTEL": 7234,
"AZ_JA_STIMMEN": 6085
}
,
{
"GEMEINDE": "Volketswil",
"BEZIRK": "Uster",
"STIMMBETEILIGUNG": "   40.95",
"AZ_GÜLTIGE_STIMMZETTEL": 3138,
"AZ_JA_STIMMEN": 2577
}
,
{
"GEMEINDE": "Wangen-Brüttisellen",
"BEZIRK": "Uster",
"STIMMBETEILIGUNG": "   41.63",
"AZ_GÜLTIGE_STIMMZETTEL": 1142,
"AZ_JA_STIMMEN": 972
}
,
{
"GEMEINDE": "Altikon",
"BEZIRK": "Winterthur",
"STIMMBETEILIGUNG": "   57.88",
"AZ_GÜLTIGE_STIMMZETTEL": 232,
"AZ_JA_STIMMEN": 210
}
,
{
"GEMEINDE": "Brütten",
"BEZIRK": "Winterthur",
"STIMMBETEILIGUNG": "   61.07",
"AZ_GÜLTIGE_STIMMZETTEL": 640,
"AZ_JA_STIMMEN": 572
}
,
{
"GEMEINDE": "Dägerlen",
"BEZIRK": "Winterthur",
"STIMMBETEILIGUNG": "   59.52",
"AZ_GÜLTIGE_STIMMZETTEL": 282,
"AZ_JA_STIMMEN": 233
}
,
{
"GEMEINDE": "Dättlikon",
"BEZIRK": "Winterthur",
"STIMMBETEILIGUNG": "   63.81",
"AZ_GÜLTIGE_STIMMZETTEL": 210,
"AZ_JA_STIMMEN": 167
}
,
{
"GEMEINDE": "Dinhard",
"BEZIRK": "Winterthur",
"STIMMBETEILIGUNG": "   56.95",
"AZ_GÜLTIGE_STIMMZETTEL": 485,
"AZ_JA_STIMMEN": 432
}
,
{
"GEMEINDE": "Elgg",
"BEZIRK": "Winterthur",
"STIMMBETEILIGUNG": "   48.86",
"AZ_GÜLTIGE_STIMMZETTEL": 1071,
"AZ_JA_STIMMEN": 922
}
,
{
"GEMEINDE": "Ellikon a.d.Th.",
"BEZIRK": "Winterthur",
"STIMMBETEILIGUNG": "   45.56",
"AZ_GÜLTIGE_STIMMZETTEL": 195,
"AZ_JA_STIMMEN": 157
}
,
{
"GEMEINDE": "Elsau",
"BEZIRK": "Winterthur",
"STIMMBETEILIGUNG": "   51.50",
"AZ_GÜLTIGE_STIMMZETTEL": 918,
"AZ_JA_STIMMEN": 781
}
,
{
"GEMEINDE": "Hagenbuch",
"BEZIRK": "Winterthur",
"STIMMBETEILIGUNG": "   50.36",
"AZ_GÜLTIGE_STIMMZETTEL": 274,
"AZ_JA_STIMMEN": 226
}
,
{
"GEMEINDE": "Hettlingen",
"BEZIRK": "Winterthur",
"STIMMBETEILIGUNG": "   57.69",
"AZ_GÜLTIGE_STIMMZETTEL": 682,
"AZ_JA_STIMMEN": 581
}
,
{
"GEMEINDE": "Hofstetten",
"BEZIRK": "Winterthur",
"STIMMBETEILIGUNG": "   56.36",
"AZ_GÜLTIGE_STIMMZETTEL": 160,
"AZ_JA_STIMMEN": 137
}
,
{
"GEMEINDE": "Neftenbach",
"BEZIRK": "Winterthur",
"STIMMBETEILIGUNG": "   48.80",
"AZ_GÜLTIGE_STIMMZETTEL": 1328,
"AZ_JA_STIMMEN": 1133
}
,
{
"GEMEINDE": "Pfungen",
"BEZIRK": "Winterthur",
"STIMMBETEILIGUNG": "   46.51",
"AZ_GÜLTIGE_STIMMZETTEL": 645,
"AZ_JA_STIMMEN": 544
}
,
{
"GEMEINDE": "Rickenbach",
"BEZIRK": "Winterthur",
"STIMMBETEILIGUNG": "   50.59",
"AZ_GÜLTIGE_STIMMZETTEL": 655,
"AZ_JA_STIMMEN": 570
}
,
{
"GEMEINDE": "Schlatt",
"BEZIRK": "Winterthur",
"STIMMBETEILIGUNG": "   64.73",
"AZ_GÜLTIGE_STIMMZETTEL": 263,
"AZ_JA_STIMMEN": 233
}
,
{
"GEMEINDE": "Seuzach",
"BEZIRK": "Winterthur",
"STIMMBETEILIGUNG": "   49.34",
"AZ_GÜLTIGE_STIMMZETTEL": 1884,
"AZ_JA_STIMMEN": 1612
}
,
{
"GEMEINDE": "Turbenthal",
"BEZIRK": "Winterthur",
"STIMMBETEILIGUNG": "   45.07",
"AZ_GÜLTIGE_STIMMZETTEL": 1030,
"AZ_JA_STIMMEN": 824
}
,
{
"GEMEINDE": "Wiesendangen",
"BEZIRK": "Winterthur",
"STIMMBETEILIGUNG": "   56.42",
"AZ_GÜLTIGE_STIMMZETTEL": 1801,
"AZ_JA_STIMMEN": 1549
}
,
{
"GEMEINDE": "Winterthur",
"BEZIRK": "Winterthur",
"STIMMBETEILIGUNG": "   47.00",
"AZ_GÜLTIGE_STIMMZETTEL": 25874,
"AZ_JA_STIMMEN": 21747
}
,
{
"GEMEINDE": "Zell",
"BEZIRK": "Winterthur",
"STIMMBETEILIGUNG": "   46.18",
"AZ_GÜLTIGE_STIMMZETTEL": 1172,
"AZ_JA_STIMMEN": 977
}
,
{
"GEMEINDE": "Zürich",
"BEZIRK": "Zürich",
"STIMMBETEILIGUNG": "   45.50",
"AZ_GÜLTIGE_STIMMZETTEL": 99495,
"AZ_JA_STIMMEN": 84903
}
]
