[
{
"GEMEINDE": "Aeugst a.A.",
"BEZIRK": "Affoltern",
"STIMMBETEILIGUNG": "   50.21",
"AZ_GÜLTIGE_STIMMZETTEL": 457,
"AZ_JA_STIMMEN": 336
}
,
{
"GEMEINDE": "Affoltern a.A.",
"BEZIRK": "Affoltern",
"STIMMBETEILIGUNG": "   44.95",
"AZ_GÜLTIGE_STIMMZETTEL": 2482,
"AZ_JA_STIMMEN": 1818
}
,
{
"GEMEINDE": "Bonstetten",
"BEZIRK": "Affoltern",
"STIMMBETEILIGUNG": "   53.99",
"AZ_GÜLTIGE_STIMMZETTEL": 1118,
"AZ_JA_STIMMEN": 847
}
,
{
"GEMEINDE": "Hausen a.A.",
"BEZIRK": "Affoltern",
"STIMMBETEILIGUNG": "   51.69",
"AZ_GÜLTIGE_STIMMZETTEL": 962,
"AZ_JA_STIMMEN": 688
}
,
{
"GEMEINDE": "Hedingen",
"BEZIRK": "Affoltern",
"STIMMBETEILIGUNG": "   47.22",
"AZ_GÜLTIGE_STIMMZETTEL": 740,
"AZ_JA_STIMMEN": 581
}
,
{
"GEMEINDE": "Kappel a.A.",
"BEZIRK": "Affoltern",
"STIMMBETEILIGUNG": "   56.22",
"AZ_GÜLTIGE_STIMMZETTEL": 312,
"AZ_JA_STIMMEN": 214
}
,
{
"GEMEINDE": "Knonau",
"BEZIRK": "Affoltern",
"STIMMBETEILIGUNG": "   68.76",
"AZ_GÜLTIGE_STIMMZETTEL": 516,
"AZ_JA_STIMMEN": 370
}
,
{
"GEMEINDE": "Maschwanden",
"BEZIRK": "Affoltern",
"STIMMBETEILIGUNG": "   53.97",
"AZ_GÜLTIGE_STIMMZETTEL": 186,
"AZ_JA_STIMMEN": 139
}
,
{
"GEMEINDE": "Mettmenstetten",
"BEZIRK": "Affoltern",
"STIMMBETEILIGUNG": "   53.23",
"AZ_GÜLTIGE_STIMMZETTEL": 1063,
"AZ_JA_STIMMEN": 826
}
,
{
"GEMEINDE": "Obfelden",
"BEZIRK": "Affoltern",
"STIMMBETEILIGUNG": "   42.85",
"AZ_GÜLTIGE_STIMMZETTEL": 1070,
"AZ_JA_STIMMEN": 778
}
,
{
"GEMEINDE": "Ottenbach",
"BEZIRK": "Affoltern",
"STIMMBETEILIGUNG": "   47.49",
"AZ_GÜLTIGE_STIMMZETTEL": 693,
"AZ_JA_STIMMEN": 539
}
,
{
"GEMEINDE": "Rifferswil",
"BEZIRK": "Affoltern",
"STIMMBETEILIGUNG": "   69.36",
"AZ_GÜLTIGE_STIMMZETTEL": 311,
"AZ_JA_STIMMEN": 244
}
,
{
"GEMEINDE": "Stallikon",
"BEZIRK": "Affoltern",
"STIMMBETEILIGUNG": "   46.48",
"AZ_GÜLTIGE_STIMMZETTEL": 753,
"AZ_JA_STIMMEN": 586
}
,
{
"GEMEINDE": "Wettswil a.A.",
"BEZIRK": "Affoltern",
"STIMMBETEILIGUNG": "   55.95",
"AZ_GÜLTIGE_STIMMZETTEL": 1401,
"AZ_JA_STIMMEN": 1104
}
,
{
"GEMEINDE": "Adlikon",
"BEZIRK": "Andelfingen",
"STIMMBETEILIGUNG": "   75.51",
"AZ_GÜLTIGE_STIMMZETTEL": 293,
"AZ_JA_STIMMEN": 178
}
,
{
"GEMEINDE": "Andelfingen",
"BEZIRK": "Andelfingen",
"STIMMBETEILIGUNG": "   65.36",
"AZ_GÜLTIGE_STIMMZETTEL": 714,
"AZ_JA_STIMMEN": 531
}
,
{
"GEMEINDE": "Benken",
"BEZIRK": "Andelfingen",
"STIMMBETEILIGUNG": "   67.97",
"AZ_GÜLTIGE_STIMMZETTEL": 297,
"AZ_JA_STIMMEN": 189
}
,
{
"GEMEINDE": "Berg a.I.",
"BEZIRK": "Andelfingen",
"STIMMBETEILIGUNG": "   67.14",
"AZ_GÜLTIGE_STIMMZETTEL": 223,
"AZ_JA_STIMMEN": 145
}
,
{
"GEMEINDE": "Buch a.I.",
"BEZIRK": "Andelfingen",
"STIMMBETEILIGUNG": "   65.69",
"AZ_GÜLTIGE_STIMMZETTEL": 281,
"AZ_JA_STIMMEN": 197
}
,
{
"GEMEINDE": "Dachsen",
"BEZIRK": "Andelfingen",
"STIMMBETEILIGUNG": "   56.35",
"AZ_GÜLTIGE_STIMMZETTEL": 490,
"AZ_JA_STIMMEN": 343
}
,
{
"GEMEINDE": "Dorf",
"BEZIRK": "Andelfingen",
"STIMMBETEILIGUNG": "   70.83",
"AZ_GÜLTIGE_STIMMZETTEL": 231,
"AZ_JA_STIMMEN": 146
}
,
{
"GEMEINDE": "Feuerthalen",
"BEZIRK": "Andelfingen",
"STIMMBETEILIGUNG": "   51.08",
"AZ_GÜLTIGE_STIMMZETTEL": 949,
"AZ_JA_STIMMEN": 613
}
,
{
"GEMEINDE": "Flaach",
"BEZIRK": "Andelfingen",
"STIMMBETEILIGUNG": "   60.28",
"AZ_GÜLTIGE_STIMMZETTEL": 416,
"AZ_JA_STIMMEN": 268
}
,
{
"GEMEINDE": "Flurlingen",
"BEZIRK": "Andelfingen",
"STIMMBETEILIGUNG": "   63.92",
"AZ_GÜLTIGE_STIMMZETTEL": 520,
"AZ_JA_STIMMEN": 395
}
,
{
"GEMEINDE": "Henggart",
"BEZIRK": "Andelfingen",
"STIMMBETEILIGUNG": "   66.39",
"AZ_GÜLTIGE_STIMMZETTEL": 611,
"AZ_JA_STIMMEN": 418
}
,
{
"GEMEINDE": "Humlikon",
"BEZIRK": "Andelfingen",
"STIMMBETEILIGUNG": "   71.54",
"AZ_GÜLTIGE_STIMMZETTEL": 178,
"AZ_JA_STIMMEN": 114
}
,
{
"GEMEINDE": "Kleinandelfingen",
"BEZIRK": "Andelfingen",
"STIMMBETEILIGUNG": "   60.53",
"AZ_GÜLTIGE_STIMMZETTEL": 610,
"AZ_JA_STIMMEN": 405
}
,
{
"GEMEINDE": "Laufen-Uhwiesen",
"BEZIRK": "Andelfingen",
"STIMMBETEILIGUNG": "   57.65",
"AZ_GÜLTIGE_STIMMZETTEL": 588,
"AZ_JA_STIMMEN": 391
}
,
{
"GEMEINDE": "Marthalen",
"BEZIRK": "Andelfingen",
"STIMMBETEILIGUNG": "   57.30",
"AZ_GÜLTIGE_STIMMZETTEL": 655,
"AZ_JA_STIMMEN": 444
}
,
{
"GEMEINDE": "Oberstammheim",
"BEZIRK": "Andelfingen",
"STIMMBETEILIGUNG": "   68.90",
"AZ_GÜLTIGE_STIMMZETTEL": 473,
"AZ_JA_STIMMEN": 306
}
,
{
"GEMEINDE": "Ossingen",
"BEZIRK": "Andelfingen",
"STIMMBETEILIGUNG": "   59.89",
"AZ_GÜLTIGE_STIMMZETTEL": 515,
"AZ_JA_STIMMEN": 331
}
,
{
"GEMEINDE": "Rheinau",
"BEZIRK": "Andelfingen",
"STIMMBETEILIGUNG": "   55.60",
"AZ_GÜLTIGE_STIMMZETTEL": 419,
"AZ_JA_STIMMEN": 291
}
,
{
"GEMEINDE": "Thalheim a.d.Th.",
"BEZIRK": "Andelfingen",
"STIMMBETEILIGUNG": "   56.75",
"AZ_GÜLTIGE_STIMMZETTEL": 240,
"AZ_JA_STIMMEN": 159
}
,
{
"GEMEINDE": "Trüllikon",
"BEZIRK": "Andelfingen",
"STIMMBETEILIGUNG": "   56.91",
"AZ_GÜLTIGE_STIMMZETTEL": 408,
"AZ_JA_STIMMEN": 251
}
,
{
"GEMEINDE": "Truttikon",
"BEZIRK": "Andelfingen",
"STIMMBETEILIGUNG": "   74.35",
"AZ_GÜLTIGE_STIMMZETTEL": 190,
"AZ_JA_STIMMEN": 90
}
,
{
"GEMEINDE": "Unterstammheim",
"BEZIRK": "Andelfingen",
"STIMMBETEILIGUNG": "   52.96",
"AZ_GÜLTIGE_STIMMZETTEL": 306,
"AZ_JA_STIMMEN": 224
}
,
{
"GEMEINDE": "Volken",
"BEZIRK": "Andelfingen",
"STIMMBETEILIGUNG": "   68.54",
"AZ_GÜLTIGE_STIMMZETTEL": 116,
"AZ_JA_STIMMEN": 69
}
,
{
"GEMEINDE": "Waltalingen",
"BEZIRK": "Andelfingen",
"STIMMBETEILIGUNG": "   59.90",
"AZ_GÜLTIGE_STIMMZETTEL": 224,
"AZ_JA_STIMMEN": 140
}
,
{
"GEMEINDE": "Bachenbülach",
"BEZIRK": "Bülach",
"STIMMBETEILIGUNG": "   43.50",
"AZ_GÜLTIGE_STIMMZETTEL": 692,
"AZ_JA_STIMMEN": 504
}
,
{
"GEMEINDE": "Bassersdorf",
"BEZIRK": "Bülach",
"STIMMBETEILIGUNG": "   45.06",
"AZ_GÜLTIGE_STIMMZETTEL": 1927,
"AZ_JA_STIMMEN": 1473
}
,
{
"GEMEINDE": "Bülach",
"BEZIRK": "Bülach",
"STIMMBETEILIGUNG": "   47.19",
"AZ_GÜLTIGE_STIMMZETTEL": 4004,
"AZ_JA_STIMMEN": 2677
}
,
{
"GEMEINDE": "Dietlikon",
"BEZIRK": "Bülach",
"STIMMBETEILIGUNG": "   45.14",
"AZ_GÜLTIGE_STIMMZETTEL": 1674,
"AZ_JA_STIMMEN": 1284
}
,
{
"GEMEINDE": "Eglisau",
"BEZIRK": "Bülach",
"STIMMBETEILIGUNG": "   53.45",
"AZ_GÜLTIGE_STIMMZETTEL": 962,
"AZ_JA_STIMMEN": 692
}
,
{
"GEMEINDE": "Embrach",
"BEZIRK": "Bülach",
"STIMMBETEILIGUNG": "   40.77",
"AZ_GÜLTIGE_STIMMZETTEL": 1729,
"AZ_JA_STIMMEN": 1202
}
,
{
"GEMEINDE": "Freienstein-Teufen",
"BEZIRK": "Bülach",
"STIMMBETEILIGUNG": "   51.87",
"AZ_GÜLTIGE_STIMMZETTEL": 641,
"AZ_JA_STIMMEN": 420
}
,
{
"GEMEINDE": "Glattfelden",
"BEZIRK": "Bülach",
"STIMMBETEILIGUNG": "   42.95",
"AZ_GÜLTIGE_STIMMZETTEL": 853,
"AZ_JA_STIMMEN": 577
}
,
{
"GEMEINDE": "Hochfelden",
"BEZIRK": "Bülach",
"STIMMBETEILIGUNG": "   45.67",
"AZ_GÜLTIGE_STIMMZETTEL": 350,
"AZ_JA_STIMMEN": 212
}
,
{
"GEMEINDE": "Höri",
"BEZIRK": "Bülach",
"STIMMBETEILIGUNG": "   43.36",
"AZ_GÜLTIGE_STIMMZETTEL": 419,
"AZ_JA_STIMMEN": 286
}
,
{
"GEMEINDE": "Hüntwangen",
"BEZIRK": "Bülach",
"STIMMBETEILIGUNG": "   50.65",
"AZ_GÜLTIGE_STIMMZETTEL": 263,
"AZ_JA_STIMMEN": 158
}
,
{
"GEMEINDE": "Kloten",
"BEZIRK": "Bülach",
"STIMMBETEILIGUNG": "   41.78",
"AZ_GÜLTIGE_STIMMZETTEL": 4052,
"AZ_JA_STIMMEN": 2911
}
,
{
"GEMEINDE": "Lufingen",
"BEZIRK": "Bülach",
"STIMMBETEILIGUNG": "   52.42",
"AZ_GÜLTIGE_STIMMZETTEL": 393,
"AZ_JA_STIMMEN": 253
}
,
{
"GEMEINDE": "Nürensdorf",
"BEZIRK": "Bülach",
"STIMMBETEILIGUNG": "   50.66",
"AZ_GÜLTIGE_STIMMZETTEL": 1437,
"AZ_JA_STIMMEN": 1132
}
,
{
"GEMEINDE": "Oberembrach",
"BEZIRK": "Bülach",
"STIMMBETEILIGUNG": "   51.24",
"AZ_GÜLTIGE_STIMMZETTEL": 341,
"AZ_JA_STIMMEN": 234
}
,
{
"GEMEINDE": "Opfikon",
"BEZIRK": "Bülach",
"STIMMBETEILIGUNG": "   38.78",
"AZ_GÜLTIGE_STIMMZETTEL": 2744,
"AZ_JA_STIMMEN": 2006
}
,
{
"GEMEINDE": "Rafz",
"BEZIRK": "Bülach",
"STIMMBETEILIGUNG": "   51.87",
"AZ_GÜLTIGE_STIMMZETTEL": 917,
"AZ_JA_STIMMEN": 578
}
,
{
"GEMEINDE": "Rorbas",
"BEZIRK": "Bülach",
"STIMMBETEILIGUNG": "   43.84",
"AZ_GÜLTIGE_STIMMZETTEL": 555,
"AZ_JA_STIMMEN": 362
}
,
{
"GEMEINDE": "Wallisellen",
"BEZIRK": "Bülach",
"STIMMBETEILIGUNG": "   49.05",
"AZ_GÜLTIGE_STIMMZETTEL": 3724,
"AZ_JA_STIMMEN": 2964
}
,
{
"GEMEINDE": "Wasterkingen",
"BEZIRK": "Bülach",
"STIMMBETEILIGUNG": "   58.01",
"AZ_GÜLTIGE_STIMMZETTEL": 212,
"AZ_JA_STIMMEN": 138
}
,
{
"GEMEINDE": "Wil",
"BEZIRK": "Bülach",
"STIMMBETEILIGUNG": "   51.29",
"AZ_GÜLTIGE_STIMMZETTEL": 427,
"AZ_JA_STIMMEN": 230
}
,
{
"GEMEINDE": "Winkel",
"BEZIRK": "Bülach",
"STIMMBETEILIGUNG": "   47.67",
"AZ_GÜLTIGE_STIMMZETTEL": 801,
"AZ_JA_STIMMEN": 570
}
,
{
"GEMEINDE": "Bachs",
"BEZIRK": "Dielsdorf",
"STIMMBETEILIGUNG": "   58.73",
"AZ_GÜLTIGE_STIMMZETTEL": 225,
"AZ_JA_STIMMEN": 134
}
,
{
"GEMEINDE": "Boppelsen",
"BEZIRK": "Dielsdorf",
"STIMMBETEILIGUNG": "   51.58",
"AZ_GÜLTIGE_STIMMZETTEL": 303,
"AZ_JA_STIMMEN": 218
}
,
{
"GEMEINDE": "Buchs",
"BEZIRK": "Dielsdorf",
"STIMMBETEILIGUNG": "   38.18",
"AZ_GÜLTIGE_STIMMZETTEL": 884,
"AZ_JA_STIMMEN": 666
}
,
{
"GEMEINDE": "Dällikon",
"BEZIRK": "Dielsdorf",
"STIMMBETEILIGUNG": "   40.26",
"AZ_GÜLTIGE_STIMMZETTEL": 665,
"AZ_JA_STIMMEN": 453
}
,
{
"GEMEINDE": "Dänikon",
"BEZIRK": "Dielsdorf",
"STIMMBETEILIGUNG": "   43.83",
"AZ_GÜLTIGE_STIMMZETTEL": 349,
"AZ_JA_STIMMEN": 254
}
,
{
"GEMEINDE": "Dielsdorf",
"BEZIRK": "Dielsdorf",
"STIMMBETEILIGUNG": "   43.87",
"AZ_GÜLTIGE_STIMMZETTEL": 1182,
"AZ_JA_STIMMEN": 853
}
,
{
"GEMEINDE": "Hüttikon",
"BEZIRK": "Dielsdorf",
"STIMMBETEILIGUNG": "   51.67",
"AZ_GÜLTIGE_STIMMZETTEL": 149,
"AZ_JA_STIMMEN": 87
}
,
{
"GEMEINDE": "Neerach",
"BEZIRK": "Dielsdorf",
"STIMMBETEILIGUNG": "   47.17",
"AZ_GÜLTIGE_STIMMZETTEL": 643,
"AZ_JA_STIMMEN": 459
}
,
{
"GEMEINDE": "Niederglatt",
"BEZIRK": "Dielsdorf",
"STIMMBETEILIGUNG": "   43.83",
"AZ_GÜLTIGE_STIMMZETTEL": 945,
"AZ_JA_STIMMEN": 657
}
,
{
"GEMEINDE": "Niederhasli",
"BEZIRK": "Dielsdorf",
"STIMMBETEILIGUNG": "   41.69",
"AZ_GÜLTIGE_STIMMZETTEL": 1531,
"AZ_JA_STIMMEN": 1017
}
,
{
"GEMEINDE": "Niederweningen",
"BEZIRK": "Dielsdorf",
"STIMMBETEILIGUNG": "   55.57",
"AZ_GÜLTIGE_STIMMZETTEL": 592,
"AZ_JA_STIMMEN": 415
}
,
{
"GEMEINDE": "Oberglatt",
"BEZIRK": "Dielsdorf",
"STIMMBETEILIGUNG": "   38.53",
"AZ_GÜLTIGE_STIMMZETTEL": 1004,
"AZ_JA_STIMMEN": 641
}
,
{
"GEMEINDE": "Oberweningen",
"BEZIRK": "Dielsdorf",
"STIMMBETEILIGUNG": "   54.43",
"AZ_GÜLTIGE_STIMMZETTEL": 413,
"AZ_JA_STIMMEN": 285
}
,
{
"GEMEINDE": "Otelfingen",
"BEZIRK": "Dielsdorf",
"STIMMBETEILIGUNG": "   49.95",
"AZ_GÜLTIGE_STIMMZETTEL": 503,
"AZ_JA_STIMMEN": 363
}
,
{
"GEMEINDE": "Regensberg",
"BEZIRK": "Dielsdorf",
"STIMMBETEILIGUNG": "   51.34",
"AZ_GÜLTIGE_STIMMZETTEL": 190,
"AZ_JA_STIMMEN": 157
}
,
{
"GEMEINDE": "Regensdorf",
"BEZIRK": "Dielsdorf",
"STIMMBETEILIGUNG": "   38.92",
"AZ_GÜLTIGE_STIMMZETTEL": 3040,
"AZ_JA_STIMMEN": 2108
}
,
{
"GEMEINDE": "Rümlang",
"BEZIRK": "Dielsdorf",
"STIMMBETEILIGUNG": "   42.02",
"AZ_GÜLTIGE_STIMMZETTEL": 1414,
"AZ_JA_STIMMEN": 982
}
,
{
"GEMEINDE": "Schleinikon",
"BEZIRK": "Dielsdorf",
"STIMMBETEILIGUNG": "   53.28",
"AZ_GÜLTIGE_STIMMZETTEL": 216,
"AZ_JA_STIMMEN": 129
}
,
{
"GEMEINDE": "Schöfflisdorf",
"BEZIRK": "Dielsdorf",
"STIMMBETEILIGUNG": "   51.24",
"AZ_GÜLTIGE_STIMMZETTEL": 387,
"AZ_JA_STIMMEN": 271
}
,
{
"GEMEINDE": "Stadel",
"BEZIRK": "Dielsdorf",
"STIMMBETEILIGUNG": "   48.06",
"AZ_GÜLTIGE_STIMMZETTEL": 510,
"AZ_JA_STIMMEN": 324
}
,
{
"GEMEINDE": "Steinmaur",
"BEZIRK": "Dielsdorf",
"STIMMBETEILIGUNG": "   47.37",
"AZ_GÜLTIGE_STIMMZETTEL": 832,
"AZ_JA_STIMMEN": 610
}
,
{
"GEMEINDE": "Weiach",
"BEZIRK": "Dielsdorf",
"STIMMBETEILIGUNG": "   54.05",
"AZ_GÜLTIGE_STIMMZETTEL": 271,
"AZ_JA_STIMMEN": 167
}
,
{
"GEMEINDE": "Aesch",
"BEZIRK": "Dietikon",
"STIMMBETEILIGUNG": "   57.26",
"AZ_GÜLTIGE_STIMMZETTEL": 414,
"AZ_JA_STIMMEN": 320
}
,
{
"GEMEINDE": "Birmensdorf",
"BEZIRK": "Dietikon",
"STIMMBETEILIGUNG": "   47.85",
"AZ_GÜLTIGE_STIMMZETTEL": 1599,
"AZ_JA_STIMMEN": 1177
}
,
{
"GEMEINDE": "Dietikon",
"BEZIRK": "Dietikon",
"STIMMBETEILIGUNG": "   41.11",
"AZ_GÜLTIGE_STIMMZETTEL": 4921,
"AZ_JA_STIMMEN": 3431
}
,
{
"GEMEINDE": "Geroldswil",
"BEZIRK": "Dietikon",
"STIMMBETEILIGUNG": "   43.70",
"AZ_GÜLTIGE_STIMMZETTEL": 1341,
"AZ_JA_STIMMEN": 922
}
,
{
"GEMEINDE": "Oberengstringen",
"BEZIRK": "Dietikon",
"STIMMBETEILIGUNG": "   43.58",
"AZ_GÜLTIGE_STIMMZETTEL": 1723,
"AZ_JA_STIMMEN": 1293
}
,
{
"GEMEINDE": "Oetwil a.d.L",
"BEZIRK": "Dietikon",
"STIMMBETEILIGUNG": "   45.04",
"AZ_GÜLTIGE_STIMMZETTEL": 691,
"AZ_JA_STIMMEN": 499
}
,
{
"GEMEINDE": "Schlieren",
"BEZIRK": "Dietikon",
"STIMMBETEILIGUNG": "   43.57",
"AZ_GÜLTIGE_STIMMZETTEL": 3222,
"AZ_JA_STIMMEN": 2183
}
,
{
"GEMEINDE": "Uitikon",
"BEZIRK": "Dietikon",
"STIMMBETEILIGUNG": "   53.94",
"AZ_GÜLTIGE_STIMMZETTEL": 1246,
"AZ_JA_STIMMEN": 970
}
,
{
"GEMEINDE": "Unterengstringen",
"BEZIRK": "Dietikon",
"STIMMBETEILIGUNG": "   48.54",
"AZ_GÜLTIGE_STIMMZETTEL": 903,
"AZ_JA_STIMMEN": 661
}
,
{
"GEMEINDE": "Urdorf",
"BEZIRK": "Dietikon",
"STIMMBETEILIGUNG": "   42.09",
"AZ_GÜLTIGE_STIMMZETTEL": 2300,
"AZ_JA_STIMMEN": 1683
}
,
{
"GEMEINDE": "Weiningen",
"BEZIRK": "Dietikon",
"STIMMBETEILIGUNG": "   43.82",
"AZ_GÜLTIGE_STIMMZETTEL": 1002,
"AZ_JA_STIMMEN": 740
}
,
{
"GEMEINDE": "Bäretswil",
"BEZIRK": "Hinwil",
"STIMMBETEILIGUNG": "   49.25",
"AZ_GÜLTIGE_STIMMZETTEL": 1267,
"AZ_JA_STIMMEN": 860
}
,
{
"GEMEINDE": "Bubikon",
"BEZIRK": "Hinwil",
"STIMMBETEILIGUNG": "   47.43",
"AZ_GÜLTIGE_STIMMZETTEL": 1470,
"AZ_JA_STIMMEN": 1008
}
,
{
"GEMEINDE": "Dürnten",
"BEZIRK": "Hinwil",
"STIMMBETEILIGUNG": "   43.66",
"AZ_GÜLTIGE_STIMMZETTEL": 1628,
"AZ_JA_STIMMEN": 1180
}
,
{
"GEMEINDE": "Fischenthal",
"BEZIRK": "Hinwil",
"STIMMBETEILIGUNG": "   44.85",
"AZ_GÜLTIGE_STIMMZETTEL": 525,
"AZ_JA_STIMMEN": 311
}
,
{
"GEMEINDE": "Gossau",
"BEZIRK": "Hinwil",
"STIMMBETEILIGUNG": "   46.79",
"AZ_GÜLTIGE_STIMMZETTEL": 2341,
"AZ_JA_STIMMEN": 1721
}
,
{
"GEMEINDE": "Grüningen",
"BEZIRK": "Hinwil",
"STIMMBETEILIGUNG": "   52.26",
"AZ_GÜLTIGE_STIMMZETTEL": 864,
"AZ_JA_STIMMEN": 626
}
,
{
"GEMEINDE": "Hinwil",
"BEZIRK": "Hinwil",
"STIMMBETEILIGUNG": "   48.28",
"AZ_GÜLTIGE_STIMMZETTEL": 2733,
"AZ_JA_STIMMEN": 1990
}
,
{
"GEMEINDE": "Rüti",
"BEZIRK": "Hinwil",
"STIMMBETEILIGUNG": "   49.80",
"AZ_GÜLTIGE_STIMMZETTEL": 3180,
"AZ_JA_STIMMEN": 2296
}
,
{
"GEMEINDE": "Seegräben",
"BEZIRK": "Hinwil",
"STIMMBETEILIGUNG": "   65.02",
"AZ_GÜLTIGE_STIMMZETTEL": 447,
"AZ_JA_STIMMEN": 368
}
,
{
"GEMEINDE": "Wald",
"BEZIRK": "Hinwil",
"STIMMBETEILIGUNG": "   44.99",
"AZ_GÜLTIGE_STIMMZETTEL": 2174,
"AZ_JA_STIMMEN": 1505
}
,
{
"GEMEINDE": "Wetzikon",
"BEZIRK": "Hinwil",
"STIMMBETEILIGUNG": "   43.68",
"AZ_GÜLTIGE_STIMMZETTEL": 4541,
"AZ_JA_STIMMEN": 3256
}
,
{
"GEMEINDE": "Adliswil",
"BEZIRK": "Horgen",
"STIMMBETEILIGUNG": "   44.90",
"AZ_GÜLTIGE_STIMMZETTEL": 4638,
"AZ_JA_STIMMEN": 3543
}
,
{
"GEMEINDE": "Hirzel",
"BEZIRK": "Horgen",
"STIMMBETEILIGUNG": "   54.00",
"AZ_GÜLTIGE_STIMMZETTEL": 657,
"AZ_JA_STIMMEN": 464
}
,
{
"GEMEINDE": "Horgen",
"BEZIRK": "Horgen",
"STIMMBETEILIGUNG": "   50.19",
"AZ_GÜLTIGE_STIMMZETTEL": 5102,
"AZ_JA_STIMMEN": 3779
}
,
{
"GEMEINDE": "Hütten",
"BEZIRK": "Horgen",
"STIMMBETEILIGUNG": "   44.24",
"AZ_GÜLTIGE_STIMMZETTEL": 244,
"AZ_JA_STIMMEN": 150
}
,
{
"GEMEINDE": "Kilchberg",
"BEZIRK": "Horgen",
"STIMMBETEILIGUNG": "   56.67",
"AZ_GÜLTIGE_STIMMZETTEL": 2807,
"AZ_JA_STIMMEN": 2134
}
,
{
"GEMEINDE": "Langnau a.A.",
"BEZIRK": "Horgen",
"STIMMBETEILIGUNG": "   52.54",
"AZ_GÜLTIGE_STIMMZETTEL": 2266,
"AZ_JA_STIMMEN": 1762
}
,
{
"GEMEINDE": "Oberrieden",
"BEZIRK": "Horgen",
"STIMMBETEILIGUNG": "   57.06",
"AZ_GÜLTIGE_STIMMZETTEL": 1779,
"AZ_JA_STIMMEN": 1428
}
,
{
"GEMEINDE": "Richterswil",
"BEZIRK": "Horgen",
"STIMMBETEILIGUNG": "   60.62",
"AZ_GÜLTIGE_STIMMZETTEL": 3720,
"AZ_JA_STIMMEN": 2774
}
,
{
"GEMEINDE": "Rüschlikon",
"BEZIRK": "Horgen",
"STIMMBETEILIGUNG": "   54.14",
"AZ_GÜLTIGE_STIMMZETTEL": 1774,
"AZ_JA_STIMMEN": 1427
}
,
{
"GEMEINDE": "Schönenberg",
"BEZIRK": "Horgen",
"STIMMBETEILIGUNG": "   52.85",
"AZ_GÜLTIGE_STIMMZETTEL": 639,
"AZ_JA_STIMMEN": 415
}
,
{
"GEMEINDE": "Thalwil",
"BEZIRK": "Horgen",
"STIMMBETEILIGUNG": "   47.40",
"AZ_GÜLTIGE_STIMMZETTEL": 4819,
"AZ_JA_STIMMEN": 3847
}
,
{
"GEMEINDE": "Wädenswil",
"BEZIRK": "Horgen",
"STIMMBETEILIGUNG": "   50.10",
"AZ_GÜLTIGE_STIMMZETTEL": 6056,
"AZ_JA_STIMMEN": 4464
}
,
{
"GEMEINDE": "Erlenbach",
"BEZIRK": "Meilen",
"STIMMBETEILIGUNG": "   54.78",
"AZ_GÜLTIGE_STIMMZETTEL": 1632,
"AZ_JA_STIMMEN": 1260
}
,
{
"GEMEINDE": "Herrliberg",
"BEZIRK": "Meilen",
"STIMMBETEILIGUNG": "   53.76",
"AZ_GÜLTIGE_STIMMZETTEL": 1848,
"AZ_JA_STIMMEN": 1385
}
,
{
"GEMEINDE": "Hombrechtikon",
"BEZIRK": "Meilen",
"STIMMBETEILIGUNG": "   45.06",
"AZ_GÜLTIGE_STIMMZETTEL": 2013,
"AZ_JA_STIMMEN": 1367
}
,
{
"GEMEINDE": "Küsnacht",
"BEZIRK": "Meilen",
"STIMMBETEILIGUNG": "   60.31",
"AZ_GÜLTIGE_STIMMZETTEL": 5262,
"AZ_JA_STIMMEN": 4114
}
,
{
"GEMEINDE": "Männedorf",
"BEZIRK": "Meilen",
"STIMMBETEILIGUNG": "   55.64",
"AZ_GÜLTIGE_STIMMZETTEL": 2854,
"AZ_JA_STIMMEN": 2172
}
,
{
"GEMEINDE": "Meilen",
"BEZIRK": "Meilen",
"STIMMBETEILIGUNG": "   55.15",
"AZ_GÜLTIGE_STIMMZETTEL": 4096,
"AZ_JA_STIMMEN": 3109
}
,
{
"GEMEINDE": "Oetwil a.S.",
"BEZIRK": "Meilen",
"STIMMBETEILIGUNG": "   42.40",
"AZ_GÜLTIGE_STIMMZETTEL": 820,
"AZ_JA_STIMMEN": 597
}
,
{
"GEMEINDE": "Stäfa",
"BEZIRK": "Meilen",
"STIMMBETEILIGUNG": "   49.66",
"AZ_GÜLTIGE_STIMMZETTEL": 3577,
"AZ_JA_STIMMEN": 2671
}
,
{
"GEMEINDE": "Uetikon a.S.",
"BEZIRK": "Meilen",
"STIMMBETEILIGUNG": "   55.91",
"AZ_GÜLTIGE_STIMMZETTEL": 1356,
"AZ_JA_STIMMEN": 1039
}
,
{
"GEMEINDE": "Zollikon",
"BEZIRK": "Meilen",
"STIMMBETEILIGUNG": "   53.49",
"AZ_GÜLTIGE_STIMMZETTEL": 4454,
"AZ_JA_STIMMEN": 3563
}
,
{
"GEMEINDE": "Zumikon",
"BEZIRK": "Meilen",
"STIMMBETEILIGUNG": "   61.71",
"AZ_GÜLTIGE_STIMMZETTEL": 1997,
"AZ_JA_STIMMEN": 1658
}
,
{
"GEMEINDE": "Bauma",
"BEZIRK": "Pfäffikon",
"STIMMBETEILIGUNG": "   47.38",
"AZ_GÜLTIGE_STIMMZETTEL": 1328,
"AZ_JA_STIMMEN": 856
}
,
{
"GEMEINDE": "Fehraltorf",
"BEZIRK": "Pfäffikon",
"STIMMBETEILIGUNG": "   49.06",
"AZ_GÜLTIGE_STIMMZETTEL": 1246,
"AZ_JA_STIMMEN": 934
}
,
{
"GEMEINDE": "Hittnau",
"BEZIRK": "Pfäffikon",
"STIMMBETEILIGUNG": "   47.63",
"AZ_GÜLTIGE_STIMMZETTEL": 743,
"AZ_JA_STIMMEN": 503
}
,
{
"GEMEINDE": "Illnau-Effretikon",
"BEZIRK": "Pfäffikon",
"STIMMBETEILIGUNG": "   47.17",
"AZ_GÜLTIGE_STIMMZETTEL": 4555,
"AZ_JA_STIMMEN": 3480
}
,
{
"GEMEINDE": "Lindau",
"BEZIRK": "Pfäffikon",
"STIMMBETEILIGUNG": "   50.78",
"AZ_GÜLTIGE_STIMMZETTEL": 1033,
"AZ_JA_STIMMEN": 777
}
,
{
"GEMEINDE": "Pfäffikon",
"BEZIRK": "Pfäffikon",
"STIMMBETEILIGUNG": "   47.90",
"AZ_GÜLTIGE_STIMMZETTEL": 2644,
"AZ_JA_STIMMEN": 1970
}
,
{
"GEMEINDE": "Russikon",
"BEZIRK": "Pfäffikon",
"STIMMBETEILIGUNG": "   59.26",
"AZ_GÜLTIGE_STIMMZETTEL": 1405,
"AZ_JA_STIMMEN": 1052
}
,
{
"GEMEINDE": "Weisslingen",
"BEZIRK": "Pfäffikon",
"STIMMBETEILIGUNG": "   53.33",
"AZ_GÜLTIGE_STIMMZETTEL": 926,
"AZ_JA_STIMMEN": 689
}
,
{
"GEMEINDE": "Wila",
"BEZIRK": "Pfäffikon",
"STIMMBETEILIGUNG": "   63.13",
"AZ_GÜLTIGE_STIMMZETTEL": 686,
"AZ_JA_STIMMEN": 452
}
,
{
"GEMEINDE": "Wildberg",
"BEZIRK": "Pfäffikon",
"STIMMBETEILIGUNG": "   72.61",
"AZ_GÜLTIGE_STIMMZETTEL": 418,
"AZ_JA_STIMMEN": 289
}
,
{
"GEMEINDE": "Dübendorf",
"BEZIRK": "Uster",
"STIMMBETEILIGUNG": "   45.07",
"AZ_GÜLTIGE_STIMMZETTEL": 6066,
"AZ_JA_STIMMEN": 4550
}
,
{
"GEMEINDE": "Egg",
"BEZIRK": "Uster",
"STIMMBETEILIGUNG": "   50.55",
"AZ_GÜLTIGE_STIMMZETTEL": 2197,
"AZ_JA_STIMMEN": 1570
}
,
{
"GEMEINDE": "Fällanden",
"BEZIRK": "Uster",
"STIMMBETEILIGUNG": "   46.24",
"AZ_GÜLTIGE_STIMMZETTEL": 2021,
"AZ_JA_STIMMEN": 1511
}
,
{
"GEMEINDE": "Greifensee",
"BEZIRK": "Uster",
"STIMMBETEILIGUNG": "   49.84",
"AZ_GÜLTIGE_STIMMZETTEL": 1692,
"AZ_JA_STIMMEN": 1368
}
,
{
"GEMEINDE": "Maur",
"BEZIRK": "Uster",
"STIMMBETEILIGUNG": "   53.05",
"AZ_GÜLTIGE_STIMMZETTEL": 2652,
"AZ_JA_STIMMEN": 2035
}
,
{
"GEMEINDE": "Mönchaltorf",
"BEZIRK": "Uster",
"STIMMBETEILIGUNG": "   56.86",
"AZ_GÜLTIGE_STIMMZETTEL": 1267,
"AZ_JA_STIMMEN": 926
}
,
{
"GEMEINDE": "Schwerzenbach",
"BEZIRK": "Uster",
"STIMMBETEILIGUNG": "   46.95",
"AZ_GÜLTIGE_STIMMZETTEL": 1126,
"AZ_JA_STIMMEN": 893
}
,
{
"GEMEINDE": "Uster",
"BEZIRK": "Uster",
"STIMMBETEILIGUNG": "   48.73",
"AZ_GÜLTIGE_STIMMZETTEL": 7530,
"AZ_JA_STIMMEN": 5525
}
,
{
"GEMEINDE": "Volketswil",
"BEZIRK": "Uster",
"STIMMBETEILIGUNG": "   40.78",
"AZ_GÜLTIGE_STIMMZETTEL": 3166,
"AZ_JA_STIMMEN": 2202
}
,
{
"GEMEINDE": "Wangen-Brüttisellen",
"BEZIRK": "Uster",
"STIMMBETEILIGUNG": "   42.74",
"AZ_GÜLTIGE_STIMMZETTEL": 1201,
"AZ_JA_STIMMEN": 860
}
,
{
"GEMEINDE": "Altikon",
"BEZIRK": "Winterthur",
"STIMMBETEILIGUNG": "   58.54",
"AZ_GÜLTIGE_STIMMZETTEL": 234,
"AZ_JA_STIMMEN": 157
}
,
{
"GEMEINDE": "Brütten",
"BEZIRK": "Winterthur",
"STIMMBETEILIGUNG": "   60.89",
"AZ_GÜLTIGE_STIMMZETTEL": 649,
"AZ_JA_STIMMEN": 531
}
,
{
"GEMEINDE": "Dägerlen",
"BEZIRK": "Winterthur",
"STIMMBETEILIGUNG": "   58.22",
"AZ_GÜLTIGE_STIMMZETTEL": 284,
"AZ_JA_STIMMEN": 184
}
,
{
"GEMEINDE": "Dättlikon",
"BEZIRK": "Winterthur",
"STIMMBETEILIGUNG": "   65.74",
"AZ_GÜLTIGE_STIMMZETTEL": 231,
"AZ_JA_STIMMEN": 166
}
,
{
"GEMEINDE": "Dinhard",
"BEZIRK": "Winterthur",
"STIMMBETEILIGUNG": "   62.50",
"AZ_GÜLTIGE_STIMMZETTEL": 534,
"AZ_JA_STIMMEN": 401
}
,
{
"GEMEINDE": "Elgg",
"BEZIRK": "Winterthur",
"STIMMBETEILIGUNG": "   56.77",
"AZ_GÜLTIGE_STIMMZETTEL": 1251,
"AZ_JA_STIMMEN": 908
}
,
{
"GEMEINDE": "Ellikon a.d.Th.",
"BEZIRK": "Winterthur",
"STIMMBETEILIGUNG": "   51.94",
"AZ_GÜLTIGE_STIMMZETTEL": 215,
"AZ_JA_STIMMEN": 122
}
,
{
"GEMEINDE": "Elsau",
"BEZIRK": "Winterthur",
"STIMMBETEILIGUNG": "   56.05",
"AZ_GÜLTIGE_STIMMZETTEL": 1026,
"AZ_JA_STIMMEN": 764
}
,
{
"GEMEINDE": "Hagenbuch",
"BEZIRK": "Winterthur",
"STIMMBETEILIGUNG": "   52.78",
"AZ_GÜLTIGE_STIMMZETTEL": 283,
"AZ_JA_STIMMEN": 146
}
,
{
"GEMEINDE": "Hettlingen",
"BEZIRK": "Winterthur",
"STIMMBETEILIGUNG": "   61.65",
"AZ_GÜLTIGE_STIMMZETTEL": 735,
"AZ_JA_STIMMEN": 555
}
,
{
"GEMEINDE": "Hofstetten",
"BEZIRK": "Winterthur",
"STIMMBETEILIGUNG": "   65.74",
"AZ_GÜLTIGE_STIMMZETTEL": 186,
"AZ_JA_STIMMEN": 114
}
,
{
"GEMEINDE": "Neftenbach",
"BEZIRK": "Winterthur",
"STIMMBETEILIGUNG": "   48.61",
"AZ_GÜLTIGE_STIMMZETTEL": 1333,
"AZ_JA_STIMMEN": 1074
}
,
{
"GEMEINDE": "Pfungen",
"BEZIRK": "Winterthur",
"STIMMBETEILIGUNG": "   45.87",
"AZ_GÜLTIGE_STIMMZETTEL": 650,
"AZ_JA_STIMMEN": 462
}
,
{
"GEMEINDE": "Rickenbach",
"BEZIRK": "Winterthur",
"STIMMBETEILIGUNG": "   56.18",
"AZ_GÜLTIGE_STIMMZETTEL": 747,
"AZ_JA_STIMMEN": 536
}
,
{
"GEMEINDE": "Schlatt",
"BEZIRK": "Winterthur",
"STIMMBETEILIGUNG": "   68.04",
"AZ_GÜLTIGE_STIMMZETTEL": 279,
"AZ_JA_STIMMEN": 169
}
,
{
"GEMEINDE": "Seuzach",
"BEZIRK": "Winterthur",
"STIMMBETEILIGUNG": "   53.73",
"AZ_GÜLTIGE_STIMMZETTEL": 2065,
"AZ_JA_STIMMEN": 1611
}
,
{
"GEMEINDE": "Turbenthal",
"BEZIRK": "Winterthur",
"STIMMBETEILIGUNG": "   52.23",
"AZ_GÜLTIGE_STIMMZETTEL": 1182,
"AZ_JA_STIMMEN": 797
}
,
{
"GEMEINDE": "Wiesendangen",
"BEZIRK": "Winterthur",
"STIMMBETEILIGUNG": "   62.54",
"AZ_GÜLTIGE_STIMMZETTEL": 2005,
"AZ_JA_STIMMEN": 1515
}
,
{
"GEMEINDE": "Winterthur",
"BEZIRK": "Winterthur",
"STIMMBETEILIGUNG": "   50.93",
"AZ_GÜLTIGE_STIMMZETTEL": 28112,
"AZ_JA_STIMMEN": 21577
}
,
{
"GEMEINDE": "Zell",
"BEZIRK": "Winterthur",
"STIMMBETEILIGUNG": "   50.04",
"AZ_GÜLTIGE_STIMMZETTEL": 1278,
"AZ_JA_STIMMEN": 908
}
,
{
"GEMEINDE": "Zürich",
"BEZIRK": "Zürich",
"STIMMBETEILIGUNG": "   46.00",
"AZ_GÜLTIGE_STIMMZETTEL": 101112,
"AZ_JA_STIMMEN": 76655
}
]
