[
{
"GEMEINDE": "Aeugst a.A.",
"BEZIRK": "Affoltern",
"STIMMBETEILIGUNG": "   78.62",
"AZ_GÜLTIGE_STIMMZETTEL": 111,
"AZ_JA_STIMMEN": 42
}
,
{
"GEMEINDE": "Affoltern a.A.",
"BEZIRK": "Affoltern",
"STIMMBETEILIGUNG": "   70.58",
"AZ_GÜLTIGE_STIMMZETTEL": 398,
"AZ_JA_STIMMEN": 198
}
,
{
"GEMEINDE": "Bonstetten",
"BEZIRK": "Affoltern",
"STIMMBETEILIGUNG": "   91.11",
"AZ_GÜLTIGE_STIMMZETTEL": 161,
"AZ_JA_STIMMEN": 70
}
,
{
"GEMEINDE": "Hausen a.A.",
"BEZIRK": "Affoltern",
"STIMMBETEILIGUNG": "   69.50",
"AZ_GÜLTIGE_STIMMZETTEL": 242,
"AZ_JA_STIMMEN": 110
}
,
{
"GEMEINDE": "Hedingen",
"BEZIRK": "Affoltern",
"STIMMBETEILIGUNG": "   75.12",
"AZ_GÜLTIGE_STIMMZETTEL": 162,
"AZ_JA_STIMMEN": 75
}
,
{
"GEMEINDE": "Kappel a.A.",
"BEZIRK": "Affoltern",
"STIMMBETEILIGUNG": "   93.63",
"AZ_GÜLTIGE_STIMMZETTEL": 124,
"AZ_JA_STIMMEN": 52
}
,
{
"GEMEINDE": "Knonau",
"BEZIRK": "Affoltern",
"STIMMBETEILIGUNG": "   63.13",
"AZ_GÜLTIGE_STIMMZETTEL": 95,
"AZ_JA_STIMMEN": 63
}
,
{
"GEMEINDE": "Maschwanden",
"BEZIRK": "Affoltern",
"STIMMBETEILIGUNG": "   83.59",
"AZ_GÜLTIGE_STIMMZETTEL": 104,
"AZ_JA_STIMMEN": 86
}
,
{
"GEMEINDE": "Mettmenstetten",
"BEZIRK": "Affoltern",
"STIMMBETEILIGUNG": "   83.83",
"AZ_GÜLTIGE_STIMMZETTEL": 297,
"AZ_JA_STIMMEN": 153
}
,
{
"GEMEINDE": "Obfelden",
"BEZIRK": "Affoltern",
"STIMMBETEILIGUNG": "   87.31",
"AZ_GÜLTIGE_STIMMZETTEL": 250,
"AZ_JA_STIMMEN": 131
}
,
{
"GEMEINDE": "Ottenbach",
"BEZIRK": "Affoltern",
"STIMMBETEILIGUNG": "   84.27",
"AZ_GÜLTIGE_STIMMZETTEL": 223,
"AZ_JA_STIMMEN": 100
}
,
{
"GEMEINDE": "Rifferswil",
"BEZIRK": "Affoltern",
"STIMMBETEILIGUNG": "   80.95",
"AZ_GÜLTIGE_STIMMZETTEL": 96,
"AZ_JA_STIMMEN": 46
}
,
{
"GEMEINDE": "Stallikon",
"BEZIRK": "Affoltern",
"STIMMBETEILIGUNG": "   82.42",
"AZ_GÜLTIGE_STIMMZETTEL": 135,
"AZ_JA_STIMMEN": 30
}
,
{
"GEMEINDE": "Wettswil a.A.",
"BEZIRK": "Affoltern",
"STIMMBETEILIGUNG": "   90.28",
"AZ_GÜLTIGE_STIMMZETTEL": 62,
"AZ_JA_STIMMEN": 32
}
,
{
"GEMEINDE": "Adlikon",
"BEZIRK": "Andelfingen",
"STIMMBETEILIGUNG": "   97.50",
"AZ_GÜLTIGE_STIMMZETTEL": 110,
"AZ_JA_STIMMEN": 27
}
,
{
"GEMEINDE": "Andelfingen",
"BEZIRK": "Andelfingen",
"STIMMBETEILIGUNG": "   92.54",
"AZ_GÜLTIGE_STIMMZETTEL": 181,
"AZ_JA_STIMMEN": 67
}
,
{
"GEMEINDE": "Benken",
"BEZIRK": "Andelfingen",
"STIMMBETEILIGUNG": "   95.33",
"AZ_GÜLTIGE_STIMMZETTEL": 134,
"AZ_JA_STIMMEN": 37
}
,
{
"GEMEINDE": "Berg a.I.",
"BEZIRK": "Andelfingen",
"STIMMBETEILIGUNG": "   96.72",
"AZ_GÜLTIGE_STIMMZETTEL": 113,
"AZ_JA_STIMMEN": 28
}
,
{
"GEMEINDE": "Buch a.I.",
"BEZIRK": "Andelfingen",
"STIMMBETEILIGUNG": "   97.20",
"AZ_GÜLTIGE_STIMMZETTEL": 138,
"AZ_JA_STIMMEN": 19
}
,
{
"GEMEINDE": "Dachsen",
"BEZIRK": "Andelfingen",
"STIMMBETEILIGUNG": "   95.07",
"AZ_GÜLTIGE_STIMMZETTEL": 128,
"AZ_JA_STIMMEN": 26
}
,
{
"GEMEINDE": "Dorf",
"BEZIRK": "Andelfingen",
"STIMMBETEILIGUNG": "   95.70",
"AZ_GÜLTIGE_STIMMZETTEL": 80,
"AZ_JA_STIMMEN": 27
}
,
{
"GEMEINDE": "Feuerthalen",
"BEZIRK": "Andelfingen",
"STIMMBETEILIGUNG": "   78.01",
"AZ_GÜLTIGE_STIMMZETTEL": 251,
"AZ_JA_STIMMEN": 60
}
,
{
"GEMEINDE": "Flaach",
"BEZIRK": "Andelfingen",
"STIMMBETEILIGUNG": "   95.37",
"AZ_GÜLTIGE_STIMMZETTEL": 203,
"AZ_JA_STIMMEN": 38
}
,
{
"GEMEINDE": "Flurlingen",
"BEZIRK": "Andelfingen",
"STIMMBETEILIGUNG": "   80.22",
"AZ_GÜLTIGE_STIMMZETTEL": 135,
"AZ_JA_STIMMEN": 40
}
,
{
"GEMEINDE": "Henggart",
"BEZIRK": "Andelfingen",
"STIMMBETEILIGUNG": "   95.40",
"AZ_GÜLTIGE_STIMMZETTEL": 76,
"AZ_JA_STIMMEN": 8
}
,
{
"GEMEINDE": "Humlikon",
"BEZIRK": "Andelfingen",
"STIMMBETEILIGUNG": "   98.65",
"AZ_GÜLTIGE_STIMMZETTEL": 66,
"AZ_JA_STIMMEN": 5
}
,
{
"GEMEINDE": "Kleinandelfingen",
"BEZIRK": "Andelfingen",
"STIMMBETEILIGUNG": "   97.73",
"AZ_GÜLTIGE_STIMMZETTEL": 250,
"AZ_JA_STIMMEN": 54
}
,
{
"GEMEINDE": "Laufen-Uhwiesen",
"BEZIRK": "Andelfingen",
"STIMMBETEILIGUNG": "   87.69",
"AZ_GÜLTIGE_STIMMZETTEL": 163,
"AZ_JA_STIMMEN": 32
}
,
{
"GEMEINDE": "Marthalen",
"BEZIRK": "Andelfingen",
"STIMMBETEILIGUNG": "   88.78",
"AZ_GÜLTIGE_STIMMZETTEL": 260,
"AZ_JA_STIMMEN": 90
}
,
{
"GEMEINDE": "Oberstammheim",
"BEZIRK": "Andelfingen",
"STIMMBETEILIGUNG": "   87.80",
"AZ_GÜLTIGE_STIMMZETTEL": 170,
"AZ_JA_STIMMEN": 53
}
,
{
"GEMEINDE": "Ossingen",
"BEZIRK": "Andelfingen",
"STIMMBETEILIGUNG": "   91.74",
"AZ_GÜLTIGE_STIMMZETTEL": 216,
"AZ_JA_STIMMEN": 36
}
,
{
"GEMEINDE": "Rheinau",
"BEZIRK": "Andelfingen",
"STIMMBETEILIGUNG": "   67.42",
"AZ_GÜLTIGE_STIMMZETTEL": 119,
"AZ_JA_STIMMEN": 35
}
,
{
"GEMEINDE": "Thalheim a.d.Th.",
"BEZIRK": "Andelfingen",
"STIMMBETEILIGUNG": "   96.85",
"AZ_GÜLTIGE_STIMMZETTEL": 119,
"AZ_JA_STIMMEN": 26
}
,
{
"GEMEINDE": "Trüllikon",
"BEZIRK": "Andelfingen",
"STIMMBETEILIGUNG": "   92.83",
"AZ_GÜLTIGE_STIMMZETTEL": 228,
"AZ_JA_STIMMEN": 44
}
,
{
"GEMEINDE": "Truttikon",
"BEZIRK": "Andelfingen",
"STIMMBETEILIGUNG": "   98.86",
"AZ_GÜLTIGE_STIMMZETTEL": 87,
"AZ_JA_STIMMEN": 8
}
,
{
"GEMEINDE": "Unterstammheim",
"BEZIRK": "Andelfingen",
"STIMMBETEILIGUNG": "   88.37",
"AZ_GÜLTIGE_STIMMZETTEL": 143,
"AZ_JA_STIMMEN": 66
}
,
{
"GEMEINDE": "Volken",
"BEZIRK": "Andelfingen",
"STIMMBETEILIGUNG": "   87.88",
"AZ_GÜLTIGE_STIMMZETTEL": 55,
"AZ_JA_STIMMEN": 18
}
,
{
"GEMEINDE": "Waltalingen",
"BEZIRK": "Andelfingen",
"STIMMBETEILIGUNG": "   94.41",
"AZ_GÜLTIGE_STIMMZETTEL": 131,
"AZ_JA_STIMMEN": 42
}
,
{
"GEMEINDE": "Bachenbülach",
"BEZIRK": "Bülach",
"STIMMBETEILIGUNG": "   94.77",
"AZ_GÜLTIGE_STIMMZETTEL": 130,
"AZ_JA_STIMMEN": 75
}
,
{
"GEMEINDE": "Bassersdorf",
"BEZIRK": "Bülach",
"STIMMBETEILIGUNG": "   89.20",
"AZ_GÜLTIGE_STIMMZETTEL": 219,
"AZ_JA_STIMMEN": 29
}
,
{
"GEMEINDE": "Bülach",
"BEZIRK": "Bülach",
"STIMMBETEILIGUNG": "   84.42",
"AZ_GÜLTIGE_STIMMZETTEL": 346,
"AZ_JA_STIMMEN": 222
}
,
{
"GEMEINDE": "Dietlikon",
"BEZIRK": "Bülach",
"STIMMBETEILIGUNG": "   90.84",
"AZ_GÜLTIGE_STIMMZETTEL": 114,
"AZ_JA_STIMMEN": 23
}
,
{
"GEMEINDE": "Eglisau",
"BEZIRK": "Bülach",
"STIMMBETEILIGUNG": "   78.01",
"AZ_GÜLTIGE_STIMMZETTEL": 220,
"AZ_JA_STIMMEN": 168
}
,
{
"GEMEINDE": "Embrach",
"BEZIRK": "Bülach",
"STIMMBETEILIGUNG": "   92.49",
"AZ_GÜLTIGE_STIMMZETTEL": 336,
"AZ_JA_STIMMEN": 154
}
,
{
"GEMEINDE": "Freienstein-Teufen",
"BEZIRK": "Bülach",
"STIMMBETEILIGUNG": "   87.81",
"AZ_GÜLTIGE_STIMMZETTEL": 263,
"AZ_JA_STIMMEN": 101
}
,
{
"GEMEINDE": "Glattfelden",
"BEZIRK": "Bülach",
"STIMMBETEILIGUNG": "   89.10",
"AZ_GÜLTIGE_STIMMZETTEL": 270,
"AZ_JA_STIMMEN": 146
}
,
{
"GEMEINDE": "Hochfelden",
"BEZIRK": "Bülach",
"STIMMBETEILIGUNG": "   93.94",
"AZ_GÜLTIGE_STIMMZETTEL": 110,
"AZ_JA_STIMMEN": 60
}
,
{
"GEMEINDE": "Höri",
"BEZIRK": "Bülach",
"STIMMBETEILIGUNG": "   85.50",
"AZ_GÜLTIGE_STIMMZETTEL": 106,
"AZ_JA_STIMMEN": 43
}
,
{
"GEMEINDE": "Hüntwangen",
"BEZIRK": "Bülach",
"STIMMBETEILIGUNG": "   88.43",
"AZ_GÜLTIGE_STIMMZETTEL": 100,
"AZ_JA_STIMMEN": 39
}
,
{
"GEMEINDE": "Kloten",
"BEZIRK": "Bülach",
"STIMMBETEILIGUNG": "   88.57",
"AZ_GÜLTIGE_STIMMZETTEL": 322,
"AZ_JA_STIMMEN": 88
}
,
{
"GEMEINDE": "Lufingen",
"BEZIRK": "Bülach",
"STIMMBETEILIGUNG": "   94.90",
"AZ_GÜLTIGE_STIMMZETTEL": 89,
"AZ_JA_STIMMEN": 59
}
,
{
"GEMEINDE": "Nürensdorf",
"BEZIRK": "Bülach",
"STIMMBETEILIGUNG": "   90.21",
"AZ_GÜLTIGE_STIMMZETTEL": 205,
"AZ_JA_STIMMEN": 50
}
,
{
"GEMEINDE": "Oberembrach",
"BEZIRK": "Bülach",
"STIMMBETEILIGUNG": "   92.12",
"AZ_GÜLTIGE_STIMMZETTEL": 149,
"AZ_JA_STIMMEN": 39
}
,
{
"GEMEINDE": "Opfikon",
"BEZIRK": "Bülach",
"STIMMBETEILIGUNG": "   72.11",
"AZ_GÜLTIGE_STIMMZETTEL": 127,
"AZ_JA_STIMMEN": 30
}
,
{
"GEMEINDE": "Rafz",
"BEZIRK": "Bülach",
"STIMMBETEILIGUNG": "   90.64",
"AZ_GÜLTIGE_STIMMZETTEL": 301,
"AZ_JA_STIMMEN": 214
}
,
{
"GEMEINDE": "Rorbas",
"BEZIRK": "Bülach",
"STIMMBETEILIGUNG": "   91.64",
"AZ_GÜLTIGE_STIMMZETTEL": 268,
"AZ_JA_STIMMEN": 110
}
,
{
"GEMEINDE": "Wallisellen",
"BEZIRK": "Bülach",
"STIMMBETEILIGUNG": "   73.20",
"AZ_GÜLTIGE_STIMMZETTEL": 236,
"AZ_JA_STIMMEN": 39
}
,
{
"GEMEINDE": "Wasterkingen",
"BEZIRK": "Bülach",
"STIMMBETEILIGUNG": "  100.00",
"AZ_GÜLTIGE_STIMMZETTEL": 87,
"AZ_JA_STIMMEN": 66
}
,
{
"GEMEINDE": "Wil",
"BEZIRK": "Bülach",
"STIMMBETEILIGUNG": "   94.57",
"AZ_GÜLTIGE_STIMMZETTEL": 165,
"AZ_JA_STIMMEN": 124
}
,
{
"GEMEINDE": "Winkel",
"BEZIRK": "Bülach",
"STIMMBETEILIGUNG": "   88.76",
"AZ_GÜLTIGE_STIMMZETTEL": 147,
"AZ_JA_STIMMEN": 82
}
,
{
"GEMEINDE": "Bachs",
"BEZIRK": "Dielsdorf",
"STIMMBETEILIGUNG": "   87.40",
"AZ_GÜLTIGE_STIMMZETTEL": 105,
"AZ_JA_STIMMEN": 49
}
,
{
"GEMEINDE": "Boppelsen",
"BEZIRK": "Dielsdorf",
"STIMMBETEILIGUNG": "   89.39",
"AZ_GÜLTIGE_STIMMZETTEL": 58,
"AZ_JA_STIMMEN": 40
}
,
{
"GEMEINDE": "Buchs",
"BEZIRK": "Dielsdorf",
"STIMMBETEILIGUNG": "   90.44",
"AZ_GÜLTIGE_STIMMZETTEL": 120,
"AZ_JA_STIMMEN": 26
}
,
{
"GEMEINDE": "Dällikon",
"BEZIRK": "Dielsdorf",
"STIMMBETEILIGUNG": "   91.11",
"AZ_GÜLTIGE_STIMMZETTEL": 81,
"AZ_JA_STIMMEN": 38
}
,
{
"GEMEINDE": "Dänikon",
"BEZIRK": "Dielsdorf",
"STIMMBETEILIGUNG": "  100.00",
"AZ_GÜLTIGE_STIMMZETTEL": 39,
"AZ_JA_STIMMEN": 19
}
,
{
"GEMEINDE": "Dielsdorf",
"BEZIRK": "Dielsdorf",
"STIMMBETEILIGUNG": "   91.38",
"AZ_GÜLTIGE_STIMMZETTEL": 158,
"AZ_JA_STIMMEN": 42
}
,
{
"GEMEINDE": "Hüttikon",
"BEZIRK": "Dielsdorf",
"STIMMBETEILIGUNG": "  100.00",
"AZ_GÜLTIGE_STIMMZETTEL": 34,
"AZ_JA_STIMMEN": 24
}
,
{
"GEMEINDE": "Neerach",
"BEZIRK": "Dielsdorf",
"STIMMBETEILIGUNG": "   83.92",
"AZ_GÜLTIGE_STIMMZETTEL": 107,
"AZ_JA_STIMMEN": 52
}
,
{
"GEMEINDE": "Niederglatt",
"BEZIRK": "Dielsdorf",
"STIMMBETEILIGUNG": "   90.97",
"AZ_GÜLTIGE_STIMMZETTEL": 123,
"AZ_JA_STIMMEN": 21
}
,
{
"GEMEINDE": "Niederhasli",
"BEZIRK": "Dielsdorf",
"STIMMBETEILIGUNG": "   85.23",
"AZ_GÜLTIGE_STIMMZETTEL": 195,
"AZ_JA_STIMMEN": 33
}
,
{
"GEMEINDE": "Niederweningen",
"BEZIRK": "Dielsdorf",
"STIMMBETEILIGUNG": "   83.53",
"AZ_GÜLTIGE_STIMMZETTEL": 131,
"AZ_JA_STIMMEN": 66
}
,
{
"GEMEINDE": "Oberglatt",
"BEZIRK": "Dielsdorf",
"STIMMBETEILIGUNG": "   78.16",
"AZ_GÜLTIGE_STIMMZETTEL": 135,
"AZ_JA_STIMMEN": 43
}
,
{
"GEMEINDE": "Oberweningen",
"BEZIRK": "Dielsdorf",
"STIMMBETEILIGUNG": "   88.75",
"AZ_GÜLTIGE_STIMMZETTEL": 64,
"AZ_JA_STIMMEN": 24
}
,
{
"GEMEINDE": "Otelfingen",
"BEZIRK": "Dielsdorf",
"STIMMBETEILIGUNG": "   86.57",
"AZ_GÜLTIGE_STIMMZETTEL": 111,
"AZ_JA_STIMMEN": 51
}
,
{
"GEMEINDE": "Regensberg",
"BEZIRK": "Dielsdorf",
"STIMMBETEILIGUNG": "   92.73",
"AZ_GÜLTIGE_STIMMZETTEL": 50,
"AZ_JA_STIMMEN": 20
}
,
{
"GEMEINDE": "Regensdorf",
"BEZIRK": "Dielsdorf",
"STIMMBETEILIGUNG": "   89.97",
"AZ_GÜLTIGE_STIMMZETTEL": 272,
"AZ_JA_STIMMEN": 99
}
,
{
"GEMEINDE": "Rümlang",
"BEZIRK": "Dielsdorf",
"STIMMBETEILIGUNG": "   80.51",
"AZ_GÜLTIGE_STIMMZETTEL": 184,
"AZ_JA_STIMMEN": 49
}
,
{
"GEMEINDE": "Schleinikon",
"BEZIRK": "Dielsdorf",
"STIMMBETEILIGUNG": "   94.25",
"AZ_GÜLTIGE_STIMMZETTEL": 80,
"AZ_JA_STIMMEN": 25
}
,
{
"GEMEINDE": "Schöfflisdorf",
"BEZIRK": "Dielsdorf",
"STIMMBETEILIGUNG": "   90.24",
"AZ_GÜLTIGE_STIMMZETTEL": 73,
"AZ_JA_STIMMEN": 22
}
,
{
"GEMEINDE": "Stadel",
"BEZIRK": "Dielsdorf",
"STIMMBETEILIGUNG": "   94.90",
"AZ_GÜLTIGE_STIMMZETTEL": 173,
"AZ_JA_STIMMEN": 120
}
,
{
"GEMEINDE": "Steinmaur",
"BEZIRK": "Dielsdorf",
"STIMMBETEILIGUNG": "   91.40",
"AZ_GÜLTIGE_STIMMZETTEL": 192,
"AZ_JA_STIMMEN": 53
}
,
{
"GEMEINDE": "Weiach",
"BEZIRK": "Dielsdorf",
"STIMMBETEILIGUNG": "   92.76",
"AZ_GÜLTIGE_STIMMZETTEL": 141,
"AZ_JA_STIMMEN": 101
}
,
{
"GEMEINDE": "Aesch",
"BEZIRK": "Dietikon",
"STIMMBETEILIGUNG": "   87.01",
"AZ_GÜLTIGE_STIMMZETTEL": 60,
"AZ_JA_STIMMEN": 51
}
,
{
"GEMEINDE": "Birmensdorf",
"BEZIRK": "Dietikon",
"STIMMBETEILIGUNG": "   72.04",
"AZ_GÜLTIGE_STIMMZETTEL": 198,
"AZ_JA_STIMMEN": 102
}
,
{
"GEMEINDE": "Dietikon",
"BEZIRK": "Dietikon",
"STIMMBETEILIGUNG": "   77.30",
"AZ_GÜLTIGE_STIMMZETTEL": 415,
"AZ_JA_STIMMEN": 214
}
,
{
"GEMEINDE": "Geroldswil",
"BEZIRK": "Dietikon",
"STIMMBETEILIGUNG": "   88.57",
"AZ_GÜLTIGE_STIMMZETTEL": 29,
"AZ_JA_STIMMEN": 12
}
,
{
"GEMEINDE": "Oberengstringen",
"BEZIRK": "Dietikon",
"STIMMBETEILIGUNG": "   80.00",
"AZ_GÜLTIGE_STIMMZETTEL": 67,
"AZ_JA_STIMMEN": 37
}
,
{
"GEMEINDE": "Oetwil a.d.L",
"BEZIRK": "Dietikon",
"STIMMBETEILIGUNG": "  100.00",
"AZ_GÜLTIGE_STIMMZETTEL": 57,
"AZ_JA_STIMMEN": 32
}
,
{
"GEMEINDE": "Schlieren",
"BEZIRK": "Dietikon",
"STIMMBETEILIGUNG": "   59.31",
"AZ_GÜLTIGE_STIMMZETTEL": 246,
"AZ_JA_STIMMEN": 121
}
,
{
"GEMEINDE": "Uitikon",
"BEZIRK": "Dietikon",
"STIMMBETEILIGUNG": "   84.38",
"AZ_GÜLTIGE_STIMMZETTEL": 79,
"AZ_JA_STIMMEN": 56
}
,
{
"GEMEINDE": "Unterengstringen",
"BEZIRK": "Dietikon",
"STIMMBETEILIGUNG": "   90.24",
"AZ_GÜLTIGE_STIMMZETTEL": 65,
"AZ_JA_STIMMEN": 42
}
,
{
"GEMEINDE": "Urdorf",
"BEZIRK": "Dietikon",
"STIMMBETEILIGUNG": "   75.72",
"AZ_GÜLTIGE_STIMMZETTEL": 121,
"AZ_JA_STIMMEN": 67
}
,
{
"GEMEINDE": "Weiningen",
"BEZIRK": "Dietikon",
"STIMMBETEILIGUNG": "   82.54",
"AZ_GÜLTIGE_STIMMZETTEL": 148,
"AZ_JA_STIMMEN": 87
}
,
{
"GEMEINDE": "Bäretswil",
"BEZIRK": "Hinwil",
"STIMMBETEILIGUNG": "   88.73",
"AZ_GÜLTIGE_STIMMZETTEL": 555,
"AZ_JA_STIMMEN": 110
}
,
{
"GEMEINDE": "Bubikon",
"BEZIRK": "Hinwil",
"STIMMBETEILIGUNG": "   89.73",
"AZ_GÜLTIGE_STIMMZETTEL": 302,
"AZ_JA_STIMMEN": 37
}
,
{
"GEMEINDE": "Dürnten",
"BEZIRK": "Hinwil",
"STIMMBETEILIGUNG": "   77.91",
"AZ_GÜLTIGE_STIMMZETTEL": 571,
"AZ_JA_STIMMEN": 99
}
,
{
"GEMEINDE": "Fischenthal",
"BEZIRK": "Hinwil",
"STIMMBETEILIGUNG": "   86.96",
"AZ_GÜLTIGE_STIMMZETTEL": 468,
"AZ_JA_STIMMEN": 97
}
,
{
"GEMEINDE": "Gossau",
"BEZIRK": "Hinwil",
"STIMMBETEILIGUNG": "   90.57",
"AZ_GÜLTIGE_STIMMZETTEL": 537,
"AZ_JA_STIMMEN": 122
}
,
{
"GEMEINDE": "Grüningen",
"BEZIRK": "Hinwil",
"STIMMBETEILIGUNG": "   88.22",
"AZ_GÜLTIGE_STIMMZETTEL": 292,
"AZ_JA_STIMMEN": 48
}
,
{
"GEMEINDE": "Hinwil",
"BEZIRK": "Hinwil",
"STIMMBETEILIGUNG": "   79.92",
"AZ_GÜLTIGE_STIMMZETTEL": 591,
"AZ_JA_STIMMEN": 100
}
,
{
"GEMEINDE": "Rüti",
"BEZIRK": "Hinwil",
"STIMMBETEILIGUNG": "   68.27",
"AZ_GÜLTIGE_STIMMZETTEL": 746,
"AZ_JA_STIMMEN": 194
}
,
{
"GEMEINDE": "Seegräben",
"BEZIRK": "Hinwil",
"STIMMBETEILIGUNG": "   85.95",
"AZ_GÜLTIGE_STIMMZETTEL": 150,
"AZ_JA_STIMMEN": 61
}
,
{
"GEMEINDE": "Wald",
"BEZIRK": "Hinwil",
"STIMMBETEILIGUNG": "   71.63",
"AZ_GÜLTIGE_STIMMZETTEL": 1082,
"AZ_JA_STIMMEN": 331
}
,
{
"GEMEINDE": "Wetzikon",
"BEZIRK": "Hinwil",
"STIMMBETEILIGUNG": "   72.23",
"AZ_GÜLTIGE_STIMMZETTEL": 1027,
"AZ_JA_STIMMEN": 278
}
,
{
"GEMEINDE": "Adliswil",
"BEZIRK": "Horgen",
"STIMMBETEILIGUNG": "   61.97",
"AZ_GÜLTIGE_STIMMZETTEL": 520,
"AZ_JA_STIMMEN": 220
}
,
{
"GEMEINDE": "Hirzel",
"BEZIRK": "Horgen",
"STIMMBETEILIGUNG": "   84.91",
"AZ_GÜLTIGE_STIMMZETTEL": 196,
"AZ_JA_STIMMEN": 108
}
,
{
"GEMEINDE": "Horgen",
"BEZIRK": "Horgen",
"STIMMBETEILIGUNG": "   81.42",
"AZ_GÜLTIGE_STIMMZETTEL": 1162,
"AZ_JA_STIMMEN": 597
}
,
{
"GEMEINDE": "Hütten",
"BEZIRK": "Horgen",
"STIMMBETEILIGUNG": "   82.86",
"AZ_GÜLTIGE_STIMMZETTEL": 114,
"AZ_JA_STIMMEN": 90
}
,
{
"GEMEINDE": "Kilchberg",
"BEZIRK": "Horgen",
"STIMMBETEILIGUNG": "   62.92",
"AZ_GÜLTIGE_STIMMZETTEL": 281,
"AZ_JA_STIMMEN": 145
}
,
{
"GEMEINDE": "Langnau a.A.",
"BEZIRK": "Horgen",
"STIMMBETEILIGUNG": "   69.06",
"AZ_GÜLTIGE_STIMMZETTEL": 269,
"AZ_JA_STIMMEN": 103
}
,
{
"GEMEINDE": "Oberrieden",
"BEZIRK": "Horgen",
"STIMMBETEILIGUNG": "   79.25",
"AZ_GÜLTIGE_STIMMZETTEL": 204,
"AZ_JA_STIMMEN": 81
}
,
{
"GEMEINDE": "Richterswil",
"BEZIRK": "Horgen",
"STIMMBETEILIGUNG": "   63.48",
"AZ_GÜLTIGE_STIMMZETTEL": 571,
"AZ_JA_STIMMEN": 431
}
,
{
"GEMEINDE": "Rüschlikon",
"BEZIRK": "Horgen",
"STIMMBETEILIGUNG": "   74.92",
"AZ_GÜLTIGE_STIMMZETTEL": 209,
"AZ_JA_STIMMEN": 159
}
,
{
"GEMEINDE": "Schönenberg",
"BEZIRK": "Horgen",
"STIMMBETEILIGUNG": "   69.87",
"AZ_GÜLTIGE_STIMMZETTEL": 202,
"AZ_JA_STIMMEN": 105
}
,
{
"GEMEINDE": "Thalwil",
"BEZIRK": "Horgen",
"STIMMBETEILIGUNG": "   70.99",
"AZ_GÜLTIGE_STIMMZETTEL": 953,
"AZ_JA_STIMMEN": 516
}
,
{
"GEMEINDE": "Wädenswil",
"BEZIRK": "Horgen",
"STIMMBETEILIGUNG": "   66.54",
"AZ_GÜLTIGE_STIMMZETTEL": 1110,
"AZ_JA_STIMMEN": 690
}
,
{
"GEMEINDE": "Erlenbach",
"BEZIRK": "Meilen",
"STIMMBETEILIGUNG": "   63.10",
"AZ_GÜLTIGE_STIMMZETTEL": 198,
"AZ_JA_STIMMEN": 81
}
,
{
"GEMEINDE": "Herrliberg",
"BEZIRK": "Meilen",
"STIMMBETEILIGUNG": "   67.83",
"AZ_GÜLTIGE_STIMMZETTEL": 185,
"AZ_JA_STIMMEN": 51
}
,
{
"GEMEINDE": "Hombrechtikon",
"BEZIRK": "Meilen",
"STIMMBETEILIGUNG": "   75.80",
"AZ_GÜLTIGE_STIMMZETTEL": 414,
"AZ_JA_STIMMEN": 92
}
,
{
"GEMEINDE": "Küsnacht",
"BEZIRK": "Meilen",
"STIMMBETEILIGUNG": "   63.95",
"AZ_GÜLTIGE_STIMMZETTEL": 432,
"AZ_JA_STIMMEN": 208
}
,
{
"GEMEINDE": "Männedorf",
"BEZIRK": "Meilen",
"STIMMBETEILIGUNG": "   66.82",
"AZ_GÜLTIGE_STIMMZETTEL": 389,
"AZ_JA_STIMMEN": 164
}
,
{
"GEMEINDE": "Meilen",
"BEZIRK": "Meilen",
"STIMMBETEILIGUNG": "   75.97",
"AZ_GÜLTIGE_STIMMZETTEL": 608,
"AZ_JA_STIMMEN": 196
}
,
{
"GEMEINDE": "Oetwil a.S.",
"BEZIRK": "Meilen",
"STIMMBETEILIGUNG": "   74.21",
"AZ_GÜLTIGE_STIMMZETTEL": 179,
"AZ_JA_STIMMEN": 32
}
,
{
"GEMEINDE": "Stäfa",
"BEZIRK": "Meilen",
"STIMMBETEILIGUNG": "   69.92",
"AZ_GÜLTIGE_STIMMZETTEL": 647,
"AZ_JA_STIMMEN": 232
}
,
{
"GEMEINDE": "Uetikon a.S.",
"BEZIRK": "Meilen",
"STIMMBETEILIGUNG": "   56.06",
"AZ_GÜLTIGE_STIMMZETTEL": 189,
"AZ_JA_STIMMEN": 48
}
,
{
"GEMEINDE": "Zollikon",
"BEZIRK": "Meilen",
"STIMMBETEILIGUNG": "   52.20",
"AZ_GÜLTIGE_STIMMZETTEL": 210,
"AZ_JA_STIMMEN": 149
}
,
{
"GEMEINDE": "Zumikon",
"BEZIRK": "Meilen",
"STIMMBETEILIGUNG": "   75.00",
"AZ_GÜLTIGE_STIMMZETTEL": 107,
"AZ_JA_STIMMEN": 57
}
,
{
"GEMEINDE": "Bauma",
"BEZIRK": "Pfäffikon",
"STIMMBETEILIGUNG": "   84.32",
"AZ_GÜLTIGE_STIMMZETTEL": 720,
"AZ_JA_STIMMEN": 90
}
,
{
"GEMEINDE": "Fehraltorf",
"BEZIRK": "Pfäffikon",
"STIMMBETEILIGUNG": "   80.40",
"AZ_GÜLTIGE_STIMMZETTEL": 185,
"AZ_JA_STIMMEN": 59
}
,
{
"GEMEINDE": "Hittnau",
"BEZIRK": "Pfäffikon",
"STIMMBETEILIGUNG": "   94.75",
"AZ_GÜLTIGE_STIMMZETTEL": 300,
"AZ_JA_STIMMEN": 74
}
,
{
"GEMEINDE": "Illnau-Effretikon",
"BEZIRK": "Pfäffikon",
"STIMMBETEILIGUNG": "   90.50",
"AZ_GÜLTIGE_STIMMZETTEL": 693,
"AZ_JA_STIMMEN": 167
}
,
{
"GEMEINDE": "Lindau",
"BEZIRK": "Pfäffikon",
"STIMMBETEILIGUNG": "   84.57",
"AZ_GÜLTIGE_STIMMZETTEL": 283,
"AZ_JA_STIMMEN": 58
}
,
{
"GEMEINDE": "Pfäffikon",
"BEZIRK": "Pfäffikon",
"STIMMBETEILIGUNG": "   75.03",
"AZ_GÜLTIGE_STIMMZETTEL": 501,
"AZ_JA_STIMMEN": 142
}
,
{
"GEMEINDE": "Russikon",
"BEZIRK": "Pfäffikon",
"STIMMBETEILIGUNG": "   89.49",
"AZ_GÜLTIGE_STIMMZETTEL": 289,
"AZ_JA_STIMMEN": 78
}
,
{
"GEMEINDE": "Weisslingen",
"BEZIRK": "Pfäffikon",
"STIMMBETEILIGUNG": "   95.64",
"AZ_GÜLTIGE_STIMMZETTEL": 290,
"AZ_JA_STIMMEN": 43
}
,
{
"GEMEINDE": "Wila",
"BEZIRK": "Pfäffikon",
"STIMMBETEILIGUNG": "   91.36",
"AZ_GÜLTIGE_STIMMZETTEL": 192,
"AZ_JA_STIMMEN": 31
}
,
{
"GEMEINDE": "Wildberg",
"BEZIRK": "Pfäffikon",
"STIMMBETEILIGUNG": "   88.95",
"AZ_GÜLTIGE_STIMMZETTEL": 161,
"AZ_JA_STIMMEN": 37
}
,
{
"GEMEINDE": "Dübendorf",
"BEZIRK": "Uster",
"STIMMBETEILIGUNG": "   84.23",
"AZ_GÜLTIGE_STIMMZETTEL": 499,
"AZ_JA_STIMMEN": 93
}
,
{
"GEMEINDE": "Egg",
"BEZIRK": "Uster",
"STIMMBETEILIGUNG": "   87.63",
"AZ_GÜLTIGE_STIMMZETTEL": 497,
"AZ_JA_STIMMEN": 45
}
,
{
"GEMEINDE": "Fällanden",
"BEZIRK": "Uster",
"STIMMBETEILIGUNG": "   85.54",
"AZ_GÜLTIGE_STIMMZETTEL": 137,
"AZ_JA_STIMMEN": 44
}
,
{
"GEMEINDE": "Greifensee",
"BEZIRK": "Uster",
"STIMMBETEILIGUNG": "   95.83",
"AZ_GÜLTIGE_STIMMZETTEL": 64,
"AZ_JA_STIMMEN": 6
}
,
{
"GEMEINDE": "Maur",
"BEZIRK": "Uster",
"STIMMBETEILIGUNG": "   90.14",
"AZ_GÜLTIGE_STIMMZETTEL": 317,
"AZ_JA_STIMMEN": 57
}
,
{
"GEMEINDE": "Mönchaltorf",
"BEZIRK": "Uster",
"STIMMBETEILIGUNG": "   89.60",
"AZ_GÜLTIGE_STIMMZETTEL": 177,
"AZ_JA_STIMMEN": 31
}
,
{
"GEMEINDE": "Schwerzenbach",
"BEZIRK": "Uster",
"STIMMBETEILIGUNG": "   90.74",
"AZ_GÜLTIGE_STIMMZETTEL": 48,
"AZ_JA_STIMMEN": 17
}
,
{
"GEMEINDE": "Uster",
"BEZIRK": "Uster",
"STIMMBETEILIGUNG": "   71.55",
"AZ_GÜLTIGE_STIMMZETTEL": 1241,
"AZ_JA_STIMMEN": 220
}
,
{
"GEMEINDE": "Volketswil",
"BEZIRK": "Uster",
"STIMMBETEILIGUNG": "   94.10",
"AZ_GÜLTIGE_STIMMZETTEL": 362,
"AZ_JA_STIMMEN": 62
}
,
{
"GEMEINDE": "Wangen-Brüttisellen",
"BEZIRK": "Uster",
"STIMMBETEILIGUNG": "   93.75",
"AZ_GÜLTIGE_STIMMZETTEL": 245,
"AZ_JA_STIMMEN": 58
}
,
{
"GEMEINDE": "Altikon",
"BEZIRK": "Winterthur",
"STIMMBETEILIGUNG": "   94.12",
"AZ_GÜLTIGE_STIMMZETTEL": 110,
"AZ_JA_STIMMEN": 15
}
,
{
"GEMEINDE": "Brütten",
"BEZIRK": "Winterthur",
"STIMMBETEILIGUNG": "   87.70",
"AZ_GÜLTIGE_STIMMZETTEL": 99,
"AZ_JA_STIMMEN": 27
}
,
{
"GEMEINDE": "Dägerlen",
"BEZIRK": "Winterthur",
"STIMMBETEILIGUNG": "   95.54",
"AZ_GÜLTIGE_STIMMZETTEL": 105,
"AZ_JA_STIMMEN": 20
}
,
{
"GEMEINDE": "Dättlikon",
"BEZIRK": "Winterthur",
"STIMMBETEILIGUNG": "   90.24",
"AZ_GÜLTIGE_STIMMZETTEL": 63,
"AZ_JA_STIMMEN": 6
}
,
{
"GEMEINDE": "Dinhard",
"BEZIRK": "Winterthur",
"STIMMBETEILIGUNG": "   94.77",
"AZ_GÜLTIGE_STIMMZETTEL": 154,
"AZ_JA_STIMMEN": 28
}
,
{
"GEMEINDE": "Elgg",
"BEZIRK": "Winterthur",
"STIMMBETEILIGUNG": "   89.33",
"AZ_GÜLTIGE_STIMMZETTEL": 286,
"AZ_JA_STIMMEN": 48
}
,
{
"GEMEINDE": "Ellikon a.d.Th.",
"BEZIRK": "Winterthur",
"STIMMBETEILIGUNG": "   75.70",
"AZ_GÜLTIGE_STIMMZETTEL": 79,
"AZ_JA_STIMMEN": 15
}
,
{
"GEMEINDE": "Elsau",
"BEZIRK": "Winterthur",
"STIMMBETEILIGUNG": "   92.16",
"AZ_GÜLTIGE_STIMMZETTEL": 230,
"AZ_JA_STIMMEN": 27
}
,
{
"GEMEINDE": "Hagenbuch",
"BEZIRK": "Winterthur",
"STIMMBETEILIGUNG": "   87.76",
"AZ_GÜLTIGE_STIMMZETTEL": 127,
"AZ_JA_STIMMEN": 26
}
,
{
"GEMEINDE": "Hettlingen",
"BEZIRK": "Winterthur",
"STIMMBETEILIGUNG": "   86.78",
"AZ_GÜLTIGE_STIMMZETTEL": 105,
"AZ_JA_STIMMEN": 35
}
,
{
"GEMEINDE": "Hofstetten",
"BEZIRK": "Winterthur",
"STIMMBETEILIGUNG": "   98.28",
"AZ_GÜLTIGE_STIMMZETTEL": 111,
"AZ_JA_STIMMEN": 8
}
,
{
"GEMEINDE": "Neftenbach",
"BEZIRK": "Winterthur",
"STIMMBETEILIGUNG": "   85.60",
"AZ_GÜLTIGE_STIMMZETTEL": 399,
"AZ_JA_STIMMEN": 66
}
,
{
"GEMEINDE": "Pfungen",
"BEZIRK": "Winterthur",
"STIMMBETEILIGUNG": "   88.14",
"AZ_GÜLTIGE_STIMMZETTEL": 169,
"AZ_JA_STIMMEN": 12
}
,
{
"GEMEINDE": "Rickenbach",
"BEZIRK": "Winterthur",
"STIMMBETEILIGUNG": "  100.00",
"AZ_GÜLTIGE_STIMMZETTEL": 103,
"AZ_JA_STIMMEN": 6
}
,
{
"GEMEINDE": "Schlatt",
"BEZIRK": "Winterthur",
"STIMMBETEILIGUNG": "   92.42",
"AZ_GÜLTIGE_STIMMZETTEL": 118,
"AZ_JA_STIMMEN": 17
}
,
{
"GEMEINDE": "Seuzach",
"BEZIRK": "Winterthur",
"STIMMBETEILIGUNG": "   92.44",
"AZ_GÜLTIGE_STIMMZETTEL": 204,
"AZ_JA_STIMMEN": 13
}
,
{
"GEMEINDE": "Turbenthal",
"BEZIRK": "Winterthur",
"STIMMBETEILIGUNG": "   89.48",
"AZ_GÜLTIGE_STIMMZETTEL": 462,
"AZ_JA_STIMMEN": 79
}
,
{
"GEMEINDE": "Wiesendangen",
"BEZIRK": "Winterthur",
"STIMMBETEILIGUNG": "   94.42",
"AZ_GÜLTIGE_STIMMZETTEL": 367,
"AZ_JA_STIMMEN": 61
}
,
{
"GEMEINDE": "Winterthur",
"BEZIRK": "Winterthur",
"STIMMBETEILIGUNG": "   80.86",
"AZ_GÜLTIGE_STIMMZETTEL": 7195,
"AZ_JA_STIMMEN": 2134
}
,
{
"GEMEINDE": "Zell",
"BEZIRK": "Winterthur",
"STIMMBETEILIGUNG": "   80.09",
"AZ_GÜLTIGE_STIMMZETTEL": 321,
"AZ_JA_STIMMEN": 47
}
,
{
"GEMEINDE": "Zürich",
"BEZIRK": "Zürich",
"STIMMBETEILIGUNG": "   56.05",
"AZ_GÜLTIGE_STIMMZETTEL": 18444,
"AZ_JA_STIMMEN": 10018
}
]
