[
{
"GEMEINDE": "Aeugst a.A.",
"BEZIRK": "Affoltern",
"STIMMBETEILIGUNG": "   50.21",
"AZ_GÜLTIGE_STIMMZETTEL": 455,
"AZ_JA_STIMMEN": 300
}
,
{
"GEMEINDE": "Affoltern a.A.",
"BEZIRK": "Affoltern",
"STIMMBETEILIGUNG": "   45.03",
"AZ_GÜLTIGE_STIMMZETTEL": 2488,
"AZ_JA_STIMMEN": 1638
}
,
{
"GEMEINDE": "Bonstetten",
"BEZIRK": "Affoltern",
"STIMMBETEILIGUNG": "   53.85",
"AZ_GÜLTIGE_STIMMZETTEL": 1110,
"AZ_JA_STIMMEN": 779
}
,
{
"GEMEINDE": "Hausen a.A.",
"BEZIRK": "Affoltern",
"STIMMBETEILIGUNG": "   51.53",
"AZ_GÜLTIGE_STIMMZETTEL": 954,
"AZ_JA_STIMMEN": 589
}
,
{
"GEMEINDE": "Hedingen",
"BEZIRK": "Affoltern",
"STIMMBETEILIGUNG": "   47.22",
"AZ_GÜLTIGE_STIMMZETTEL": 735,
"AZ_JA_STIMMEN": 511
}
,
{
"GEMEINDE": "Kappel a.A.",
"BEZIRK": "Affoltern",
"STIMMBETEILIGUNG": "   56.04",
"AZ_GÜLTIGE_STIMMZETTEL": 309,
"AZ_JA_STIMMEN": 139
}
,
{
"GEMEINDE": "Knonau",
"BEZIRK": "Affoltern",
"STIMMBETEILIGUNG": "   68.76",
"AZ_GÜLTIGE_STIMMZETTEL": 513,
"AZ_JA_STIMMEN": 326
}
,
{
"GEMEINDE": "Maschwanden",
"BEZIRK": "Affoltern",
"STIMMBETEILIGUNG": "   54.52",
"AZ_GÜLTIGE_STIMMZETTEL": 189,
"AZ_JA_STIMMEN": 108
}
,
{
"GEMEINDE": "Mettmenstetten",
"BEZIRK": "Affoltern",
"STIMMBETEILIGUNG": "   53.38",
"AZ_GÜLTIGE_STIMMZETTEL": 1065,
"AZ_JA_STIMMEN": 707
}
,
{
"GEMEINDE": "Obfelden",
"BEZIRK": "Affoltern",
"STIMMBETEILIGUNG": "   42.77",
"AZ_GÜLTIGE_STIMMZETTEL": 1061,
"AZ_JA_STIMMEN": 691
}
,
{
"GEMEINDE": "Ottenbach",
"BEZIRK": "Affoltern",
"STIMMBETEILIGUNG": "   47.36",
"AZ_GÜLTIGE_STIMMZETTEL": 698,
"AZ_JA_STIMMEN": 485
}
,
{
"GEMEINDE": "Rifferswil",
"BEZIRK": "Affoltern",
"STIMMBETEILIGUNG": "   69.36",
"AZ_GÜLTIGE_STIMMZETTEL": 308,
"AZ_JA_STIMMEN": 207
}
,
{
"GEMEINDE": "Stallikon",
"BEZIRK": "Affoltern",
"STIMMBETEILIGUNG": "   46.48",
"AZ_GÜLTIGE_STIMMZETTEL": 749,
"AZ_JA_STIMMEN": 514
}
,
{
"GEMEINDE": "Wettswil a.A.",
"BEZIRK": "Affoltern",
"STIMMBETEILIGUNG": "   56.06",
"AZ_GÜLTIGE_STIMMZETTEL": 1404,
"AZ_JA_STIMMEN": 986
}
,
{
"GEMEINDE": "Adlikon",
"BEZIRK": "Andelfingen",
"STIMMBETEILIGUNG": "   75.00",
"AZ_GÜLTIGE_STIMMZETTEL": 291,
"AZ_JA_STIMMEN": 131
}
,
{
"GEMEINDE": "Andelfingen",
"BEZIRK": "Andelfingen",
"STIMMBETEILIGUNG": "   65.54",
"AZ_GÜLTIGE_STIMMZETTEL": 708,
"AZ_JA_STIMMEN": 475
}
,
{
"GEMEINDE": "Benken",
"BEZIRK": "Andelfingen",
"STIMMBETEILIGUNG": "   67.97",
"AZ_GÜLTIGE_STIMMZETTEL": 296,
"AZ_JA_STIMMEN": 159
}
,
{
"GEMEINDE": "Berg a.I.",
"BEZIRK": "Andelfingen",
"STIMMBETEILIGUNG": "   67.71",
"AZ_GÜLTIGE_STIMMZETTEL": 224,
"AZ_JA_STIMMEN": 114
}
,
{
"GEMEINDE": "Buch a.I.",
"BEZIRK": "Andelfingen",
"STIMMBETEILIGUNG": "   65.01",
"AZ_GÜLTIGE_STIMMZETTEL": 275,
"AZ_JA_STIMMEN": 145
}
,
{
"GEMEINDE": "Dachsen",
"BEZIRK": "Andelfingen",
"STIMMBETEILIGUNG": "   56.24",
"AZ_GÜLTIGE_STIMMZETTEL": 484,
"AZ_JA_STIMMEN": 344
}
,
{
"GEMEINDE": "Dorf",
"BEZIRK": "Andelfingen",
"STIMMBETEILIGUNG": "   69.64",
"AZ_GÜLTIGE_STIMMZETTEL": 219,
"AZ_JA_STIMMEN": 107
}
,
{
"GEMEINDE": "Feuerthalen",
"BEZIRK": "Andelfingen",
"STIMMBETEILIGUNG": "   51.08",
"AZ_GÜLTIGE_STIMMZETTEL": 950,
"AZ_JA_STIMMEN": 612
}
,
{
"GEMEINDE": "Flaach",
"BEZIRK": "Andelfingen",
"STIMMBETEILIGUNG": "   60.42",
"AZ_GÜLTIGE_STIMMZETTEL": 415,
"AZ_JA_STIMMEN": 202
}
,
{
"GEMEINDE": "Flurlingen",
"BEZIRK": "Andelfingen",
"STIMMBETEILIGUNG": "   63.92",
"AZ_GÜLTIGE_STIMMZETTEL": 524,
"AZ_JA_STIMMEN": 373
}
,
{
"GEMEINDE": "Henggart",
"BEZIRK": "Andelfingen",
"STIMMBETEILIGUNG": "   66.28",
"AZ_GÜLTIGE_STIMMZETTEL": 603,
"AZ_JA_STIMMEN": 352
}
,
{
"GEMEINDE": "Humlikon",
"BEZIRK": "Andelfingen",
"STIMMBETEILIGUNG": "   71.92",
"AZ_GÜLTIGE_STIMMZETTEL": 180,
"AZ_JA_STIMMEN": 90
}
,
{
"GEMEINDE": "Kleinandelfingen",
"BEZIRK": "Andelfingen",
"STIMMBETEILIGUNG": "   60.63",
"AZ_GÜLTIGE_STIMMZETTEL": 607,
"AZ_JA_STIMMEN": 342
}
,
{
"GEMEINDE": "Laufen-Uhwiesen",
"BEZIRK": "Andelfingen",
"STIMMBETEILIGUNG": "   57.74",
"AZ_GÜLTIGE_STIMMZETTEL": 583,
"AZ_JA_STIMMEN": 369
}
,
{
"GEMEINDE": "Marthalen",
"BEZIRK": "Andelfingen",
"STIMMBETEILIGUNG": "   57.30",
"AZ_GÜLTIGE_STIMMZETTEL": 651,
"AZ_JA_STIMMEN": 360
}
,
{
"GEMEINDE": "Oberstammheim",
"BEZIRK": "Andelfingen",
"STIMMBETEILIGUNG": "   68.90",
"AZ_GÜLTIGE_STIMMZETTEL": 463,
"AZ_JA_STIMMEN": 249
}
,
{
"GEMEINDE": "Ossingen",
"BEZIRK": "Andelfingen",
"STIMMBETEILIGUNG": "   59.43",
"AZ_GÜLTIGE_STIMMZETTEL": 505,
"AZ_JA_STIMMEN": 271
}
,
{
"GEMEINDE": "Rheinau",
"BEZIRK": "Andelfingen",
"STIMMBETEILIGUNG": "   55.86",
"AZ_GÜLTIGE_STIMMZETTEL": 417,
"AZ_JA_STIMMEN": 262
}
,
{
"GEMEINDE": "Thalheim a.d.Th.",
"BEZIRK": "Andelfingen",
"STIMMBETEILIGUNG": "   56.29",
"AZ_GÜLTIGE_STIMMZETTEL": 235,
"AZ_JA_STIMMEN": 121
}
,
{
"GEMEINDE": "Trüllikon",
"BEZIRK": "Andelfingen",
"STIMMBETEILIGUNG": "   57.32",
"AZ_GÜLTIGE_STIMMZETTEL": 402,
"AZ_JA_STIMMEN": 211
}
,
{
"GEMEINDE": "Truttikon",
"BEZIRK": "Andelfingen",
"STIMMBETEILIGUNG": "   75.09",
"AZ_GÜLTIGE_STIMMZETTEL": 193,
"AZ_JA_STIMMEN": 86
}
,
{
"GEMEINDE": "Unterstammheim",
"BEZIRK": "Andelfingen",
"STIMMBETEILIGUNG": "   53.13",
"AZ_GÜLTIGE_STIMMZETTEL": 295,
"AZ_JA_STIMMEN": 171
}
,
{
"GEMEINDE": "Volken",
"BEZIRK": "Andelfingen",
"STIMMBETEILIGUNG": "   68.54",
"AZ_GÜLTIGE_STIMMZETTEL": 113,
"AZ_JA_STIMMEN": 52
}
,
{
"GEMEINDE": "Waltalingen",
"BEZIRK": "Andelfingen",
"STIMMBETEILIGUNG": "   59.64",
"AZ_GÜLTIGE_STIMMZETTEL": 219,
"AZ_JA_STIMMEN": 117
}
,
{
"GEMEINDE": "Bachenbülach",
"BEZIRK": "Bülach",
"STIMMBETEILIGUNG": "   43.44",
"AZ_GÜLTIGE_STIMMZETTEL": 693,
"AZ_JA_STIMMEN": 464
}
,
{
"GEMEINDE": "Bassersdorf",
"BEZIRK": "Bülach",
"STIMMBETEILIGUNG": "   44.97",
"AZ_GÜLTIGE_STIMMZETTEL": 1913,
"AZ_JA_STIMMEN": 1393
}
,
{
"GEMEINDE": "Bülach",
"BEZIRK": "Bülach",
"STIMMBETEILIGUNG": "   46.83",
"AZ_GÜLTIGE_STIMMZETTEL": 3943,
"AZ_JA_STIMMEN": 2629
}
,
{
"GEMEINDE": "Dietlikon",
"BEZIRK": "Bülach",
"STIMMBETEILIGUNG": "   44.77",
"AZ_GÜLTIGE_STIMMZETTEL": 1662,
"AZ_JA_STIMMEN": 1215
}
,
{
"GEMEINDE": "Eglisau",
"BEZIRK": "Bülach",
"STIMMBETEILIGUNG": "   53.45",
"AZ_GÜLTIGE_STIMMZETTEL": 951,
"AZ_JA_STIMMEN": 628
}
,
{
"GEMEINDE": "Embrach",
"BEZIRK": "Bülach",
"STIMMBETEILIGUNG": "   40.88",
"AZ_GÜLTIGE_STIMMZETTEL": 1723,
"AZ_JA_STIMMEN": 1038
}
,
{
"GEMEINDE": "Freienstein-Teufen",
"BEZIRK": "Bülach",
"STIMMBETEILIGUNG": "   52.11",
"AZ_GÜLTIGE_STIMMZETTEL": 639,
"AZ_JA_STIMMEN": 382
}
,
{
"GEMEINDE": "Glattfelden",
"BEZIRK": "Bülach",
"STIMMBETEILIGUNG": "   43.05",
"AZ_GÜLTIGE_STIMMZETTEL": 857,
"AZ_JA_STIMMEN": 519
}
,
{
"GEMEINDE": "Hochfelden",
"BEZIRK": "Bülach",
"STIMMBETEILIGUNG": "   45.67",
"AZ_GÜLTIGE_STIMMZETTEL": 345,
"AZ_JA_STIMMEN": 195
}
,
{
"GEMEINDE": "Höri",
"BEZIRK": "Bülach",
"STIMMBETEILIGUNG": "   43.36",
"AZ_GÜLTIGE_STIMMZETTEL": 417,
"AZ_JA_STIMMEN": 241
}
,
{
"GEMEINDE": "Hüntwangen",
"BEZIRK": "Bülach",
"STIMMBETEILIGUNG": "   50.65",
"AZ_GÜLTIGE_STIMMZETTEL": 261,
"AZ_JA_STIMMEN": 145
}
,
{
"GEMEINDE": "Kloten",
"BEZIRK": "Bülach",
"STIMMBETEILIGUNG": "   40.52",
"AZ_GÜLTIGE_STIMMZETTEL": 3912,
"AZ_JA_STIMMEN": 2686
}
,
{
"GEMEINDE": "Lufingen",
"BEZIRK": "Bülach",
"STIMMBETEILIGUNG": "   52.82",
"AZ_GÜLTIGE_STIMMZETTEL": 394,
"AZ_JA_STIMMEN": 218
}
,
{
"GEMEINDE": "Nürensdorf",
"BEZIRK": "Bülach",
"STIMMBETEILIGUNG": "   50.59",
"AZ_GÜLTIGE_STIMMZETTEL": 1431,
"AZ_JA_STIMMEN": 957
}
,
{
"GEMEINDE": "Oberembrach",
"BEZIRK": "Bülach",
"STIMMBETEILIGUNG": "   51.24",
"AZ_GÜLTIGE_STIMMZETTEL": 339,
"AZ_JA_STIMMEN": 178
}
,
{
"GEMEINDE": "Opfikon",
"BEZIRK": "Bülach",
"STIMMBETEILIGUNG": "   38.80",
"AZ_GÜLTIGE_STIMMZETTEL": 2732,
"AZ_JA_STIMMEN": 1920
}
,
{
"GEMEINDE": "Rafz",
"BEZIRK": "Bülach",
"STIMMBETEILIGUNG": "   51.98",
"AZ_GÜLTIGE_STIMMZETTEL": 915,
"AZ_JA_STIMMEN": 523
}
,
{
"GEMEINDE": "Rorbas",
"BEZIRK": "Bülach",
"STIMMBETEILIGUNG": "   43.76",
"AZ_GÜLTIGE_STIMMZETTEL": 557,
"AZ_JA_STIMMEN": 321
}
,
{
"GEMEINDE": "Wallisellen",
"BEZIRK": "Bülach",
"STIMMBETEILIGUNG": "   49.14",
"AZ_GÜLTIGE_STIMMZETTEL": 3721,
"AZ_JA_STIMMEN": 2797
}
,
{
"GEMEINDE": "Wasterkingen",
"BEZIRK": "Bülach",
"STIMMBETEILIGUNG": "   57.74",
"AZ_GÜLTIGE_STIMMZETTEL": 211,
"AZ_JA_STIMMEN": 128
}
,
{
"GEMEINDE": "Wil",
"BEZIRK": "Bülach",
"STIMMBETEILIGUNG": "   50.70",
"AZ_GÜLTIGE_STIMMZETTEL": 422,
"AZ_JA_STIMMEN": 212
}
,
{
"GEMEINDE": "Winkel",
"BEZIRK": "Bülach",
"STIMMBETEILIGUNG": "   47.44",
"AZ_GÜLTIGE_STIMMZETTEL": 789,
"AZ_JA_STIMMEN": 516
}
,
{
"GEMEINDE": "Bachs",
"BEZIRK": "Dielsdorf",
"STIMMBETEILIGUNG": "   58.48",
"AZ_GÜLTIGE_STIMMZETTEL": 222,
"AZ_JA_STIMMEN": 110
}
,
{
"GEMEINDE": "Boppelsen",
"BEZIRK": "Dielsdorf",
"STIMMBETEILIGUNG": "   51.91",
"AZ_GÜLTIGE_STIMMZETTEL": 301,
"AZ_JA_STIMMEN": 166
}
,
{
"GEMEINDE": "Buchs",
"BEZIRK": "Dielsdorf",
"STIMMBETEILIGUNG": "   38.14",
"AZ_GÜLTIGE_STIMMZETTEL": 889,
"AZ_JA_STIMMEN": 552
}
,
{
"GEMEINDE": "Dällikon",
"BEZIRK": "Dielsdorf",
"STIMMBETEILIGUNG": "   40.08",
"AZ_GÜLTIGE_STIMMZETTEL": 658,
"AZ_JA_STIMMEN": 412
}
,
{
"GEMEINDE": "Dänikon",
"BEZIRK": "Dielsdorf",
"STIMMBETEILIGUNG": "   43.83",
"AZ_GÜLTIGE_STIMMZETTEL": 350,
"AZ_JA_STIMMEN": 212
}
,
{
"GEMEINDE": "Dielsdorf",
"BEZIRK": "Dielsdorf",
"STIMMBETEILIGUNG": "   44.02",
"AZ_GÜLTIGE_STIMMZETTEL": 1178,
"AZ_JA_STIMMEN": 796
}
,
{
"GEMEINDE": "Hüttikon",
"BEZIRK": "Dielsdorf",
"STIMMBETEILIGUNG": "   51.00",
"AZ_GÜLTIGE_STIMMZETTEL": 141,
"AZ_JA_STIMMEN": 79
}
,
{
"GEMEINDE": "Neerach",
"BEZIRK": "Dielsdorf",
"STIMMBETEILIGUNG": "   47.17",
"AZ_GÜLTIGE_STIMMZETTEL": 636,
"AZ_JA_STIMMEN": 378
}
,
{
"GEMEINDE": "Niederglatt",
"BEZIRK": "Dielsdorf",
"STIMMBETEILIGUNG": "   43.79",
"AZ_GÜLTIGE_STIMMZETTEL": 943,
"AZ_JA_STIMMEN": 606
}
,
{
"GEMEINDE": "Niederhasli",
"BEZIRK": "Dielsdorf",
"STIMMBETEILIGUNG": "   41.66",
"AZ_GÜLTIGE_STIMMZETTEL": 1521,
"AZ_JA_STIMMEN": 942
}
,
{
"GEMEINDE": "Niederweningen",
"BEZIRK": "Dielsdorf",
"STIMMBETEILIGUNG": "   55.57",
"AZ_GÜLTIGE_STIMMZETTEL": 592,
"AZ_JA_STIMMEN": 375
}
,
{
"GEMEINDE": "Oberglatt",
"BEZIRK": "Dielsdorf",
"STIMMBETEILIGUNG": "   38.49",
"AZ_GÜLTIGE_STIMMZETTEL": 1004,
"AZ_JA_STIMMEN": 618
}
,
{
"GEMEINDE": "Oberweningen",
"BEZIRK": "Dielsdorf",
"STIMMBETEILIGUNG": "   54.56",
"AZ_GÜLTIGE_STIMMZETTEL": 414,
"AZ_JA_STIMMEN": 271
}
,
{
"GEMEINDE": "Otelfingen",
"BEZIRK": "Dielsdorf",
"STIMMBETEILIGUNG": "   49.76",
"AZ_GÜLTIGE_STIMMZETTEL": 506,
"AZ_JA_STIMMEN": 336
}
,
{
"GEMEINDE": "Regensberg",
"BEZIRK": "Dielsdorf",
"STIMMBETEILIGUNG": "   51.60",
"AZ_GÜLTIGE_STIMMZETTEL": 184,
"AZ_JA_STIMMEN": 129
}
,
{
"GEMEINDE": "Regensdorf",
"BEZIRK": "Dielsdorf",
"STIMMBETEILIGUNG": "   38.95",
"AZ_GÜLTIGE_STIMMZETTEL": 3035,
"AZ_JA_STIMMEN": 2050
}
,
{
"GEMEINDE": "Rümlang",
"BEZIRK": "Dielsdorf",
"STIMMBETEILIGUNG": "   42.10",
"AZ_GÜLTIGE_STIMMZETTEL": 1403,
"AZ_JA_STIMMEN": 958
}
,
{
"GEMEINDE": "Schleinikon",
"BEZIRK": "Dielsdorf",
"STIMMBETEILIGUNG": "   52.31",
"AZ_GÜLTIGE_STIMMZETTEL": 213,
"AZ_JA_STIMMEN": 121
}
,
{
"GEMEINDE": "Schöfflisdorf",
"BEZIRK": "Dielsdorf",
"STIMMBETEILIGUNG": "   51.24",
"AZ_GÜLTIGE_STIMMZETTEL": 377,
"AZ_JA_STIMMEN": 235
}
,
{
"GEMEINDE": "Stadel",
"BEZIRK": "Dielsdorf",
"STIMMBETEILIGUNG": "   48.52",
"AZ_GÜLTIGE_STIMMZETTEL": 512,
"AZ_JA_STIMMEN": 294
}
,
{
"GEMEINDE": "Steinmaur",
"BEZIRK": "Dielsdorf",
"STIMMBETEILIGUNG": "   47.26",
"AZ_GÜLTIGE_STIMMZETTEL": 831,
"AZ_JA_STIMMEN": 550
}
,
{
"GEMEINDE": "Weiach",
"BEZIRK": "Dielsdorf",
"STIMMBETEILIGUNG": "   54.05",
"AZ_GÜLTIGE_STIMMZETTEL": 275,
"AZ_JA_STIMMEN": 158
}
,
{
"GEMEINDE": "Aesch",
"BEZIRK": "Dietikon",
"STIMMBETEILIGUNG": "   57.26",
"AZ_GÜLTIGE_STIMMZETTEL": 414,
"AZ_JA_STIMMEN": 266
}
,
{
"GEMEINDE": "Birmensdorf",
"BEZIRK": "Dietikon",
"STIMMBETEILIGUNG": "   47.79",
"AZ_GÜLTIGE_STIMMZETTEL": 1594,
"AZ_JA_STIMMEN": 1055
}
,
{
"GEMEINDE": "Dietikon",
"BEZIRK": "Dietikon",
"STIMMBETEILIGUNG": "   41.11",
"AZ_GÜLTIGE_STIMMZETTEL": 4899,
"AZ_JA_STIMMEN": 3316
}
,
{
"GEMEINDE": "Geroldswil",
"BEZIRK": "Dietikon",
"STIMMBETEILIGUNG": "   43.60",
"AZ_GÜLTIGE_STIMMZETTEL": 1325,
"AZ_JA_STIMMEN": 872
}
,
{
"GEMEINDE": "Oberengstringen",
"BEZIRK": "Dietikon",
"STIMMBETEILIGUNG": "   43.56",
"AZ_GÜLTIGE_STIMMZETTEL": 1721,
"AZ_JA_STIMMEN": 1253
}
,
{
"GEMEINDE": "Oetwil a.d.L",
"BEZIRK": "Dietikon",
"STIMMBETEILIGUNG": "   45.04",
"AZ_GÜLTIGE_STIMMZETTEL": 688,
"AZ_JA_STIMMEN": 412
}
,
{
"GEMEINDE": "Schlieren",
"BEZIRK": "Dietikon",
"STIMMBETEILIGUNG": "   43.31",
"AZ_GÜLTIGE_STIMMZETTEL": 3197,
"AZ_JA_STIMMEN": 2211
}
,
{
"GEMEINDE": "Uitikon",
"BEZIRK": "Dietikon",
"STIMMBETEILIGUNG": "   53.90",
"AZ_GÜLTIGE_STIMMZETTEL": 1242,
"AZ_JA_STIMMEN": 853
}
,
{
"GEMEINDE": "Unterengstringen",
"BEZIRK": "Dietikon",
"STIMMBETEILIGUNG": "   48.59",
"AZ_GÜLTIGE_STIMMZETTEL": 895,
"AZ_JA_STIMMEN": 555
}
,
{
"GEMEINDE": "Urdorf",
"BEZIRK": "Dietikon",
"STIMMBETEILIGUNG": "   42.11",
"AZ_GÜLTIGE_STIMMZETTEL": 2300,
"AZ_JA_STIMMEN": 1623
}
,
{
"GEMEINDE": "Weiningen",
"BEZIRK": "Dietikon",
"STIMMBETEILIGUNG": "   43.91",
"AZ_GÜLTIGE_STIMMZETTEL": 993,
"AZ_JA_STIMMEN": 660
}
,
{
"GEMEINDE": "Bäretswil",
"BEZIRK": "Hinwil",
"STIMMBETEILIGUNG": "   49.21",
"AZ_GÜLTIGE_STIMMZETTEL": 1269,
"AZ_JA_STIMMEN": 740
}
,
{
"GEMEINDE": "Bubikon",
"BEZIRK": "Hinwil",
"STIMMBETEILIGUNG": "   47.43",
"AZ_GÜLTIGE_STIMMZETTEL": 1454,
"AZ_JA_STIMMEN": 918
}
,
{
"GEMEINDE": "Dürnten",
"BEZIRK": "Hinwil",
"STIMMBETEILIGUNG": "   43.56",
"AZ_GÜLTIGE_STIMMZETTEL": 1626,
"AZ_JA_STIMMEN": 1101
}
,
{
"GEMEINDE": "Fischenthal",
"BEZIRK": "Hinwil",
"STIMMBETEILIGUNG": "   45.27",
"AZ_GÜLTIGE_STIMMZETTEL": 519,
"AZ_JA_STIMMEN": 281
}
,
{
"GEMEINDE": "Gossau",
"BEZIRK": "Hinwil",
"STIMMBETEILIGUNG": "   46.75",
"AZ_GÜLTIGE_STIMMZETTEL": 2329,
"AZ_JA_STIMMEN": 1520
}
,
{
"GEMEINDE": "Grüningen",
"BEZIRK": "Hinwil",
"STIMMBETEILIGUNG": "   52.09",
"AZ_GÜLTIGE_STIMMZETTEL": 855,
"AZ_JA_STIMMEN": 573
}
,
{
"GEMEINDE": "Hinwil",
"BEZIRK": "Hinwil",
"STIMMBETEILIGUNG": "   48.26",
"AZ_GÜLTIGE_STIMMZETTEL": 2716,
"AZ_JA_STIMMEN": 1748
}
,
{
"GEMEINDE": "Rüti",
"BEZIRK": "Hinwil",
"STIMMBETEILIGUNG": "   49.67",
"AZ_GÜLTIGE_STIMMZETTEL": 3159,
"AZ_JA_STIMMEN": 2177
}
,
{
"GEMEINDE": "Seegräben",
"BEZIRK": "Hinwil",
"STIMMBETEILIGUNG": "   65.02",
"AZ_GÜLTIGE_STIMMZETTEL": 443,
"AZ_JA_STIMMEN": 325
}
,
{
"GEMEINDE": "Wald",
"BEZIRK": "Hinwil",
"STIMMBETEILIGUNG": "   44.93",
"AZ_GÜLTIGE_STIMMZETTEL": 2149,
"AZ_JA_STIMMEN": 1438
}
,
{
"GEMEINDE": "Wetzikon",
"BEZIRK": "Hinwil",
"STIMMBETEILIGUNG": "   42.54",
"AZ_GÜLTIGE_STIMMZETTEL": 4410,
"AZ_JA_STIMMEN": 3096
}
,
{
"GEMEINDE": "Adliswil",
"BEZIRK": "Horgen",
"STIMMBETEILIGUNG": "   44.76",
"AZ_GÜLTIGE_STIMMZETTEL": 4606,
"AZ_JA_STIMMEN": 3356
}
,
{
"GEMEINDE": "Hirzel",
"BEZIRK": "Horgen",
"STIMMBETEILIGUNG": "   53.84",
"AZ_GÜLTIGE_STIMMZETTEL": 651,
"AZ_JA_STIMMEN": 389
}
,
{
"GEMEINDE": "Horgen",
"BEZIRK": "Horgen",
"STIMMBETEILIGUNG": "   49.93",
"AZ_GÜLTIGE_STIMMZETTEL": 5047,
"AZ_JA_STIMMEN": 3601
}
,
{
"GEMEINDE": "Hütten",
"BEZIRK": "Horgen",
"STIMMBETEILIGUNG": "   44.60",
"AZ_GÜLTIGE_STIMMZETTEL": 242,
"AZ_JA_STIMMEN": 118
}
,
{
"GEMEINDE": "Kilchberg",
"BEZIRK": "Horgen",
"STIMMBETEILIGUNG": "   56.69",
"AZ_GÜLTIGE_STIMMZETTEL": 2775,
"AZ_JA_STIMMEN": 1942
}
,
{
"GEMEINDE": "Langnau a.A.",
"BEZIRK": "Horgen",
"STIMMBETEILIGUNG": "   52.56",
"AZ_GÜLTIGE_STIMMZETTEL": 2261,
"AZ_JA_STIMMEN": 1666
}
,
{
"GEMEINDE": "Oberrieden",
"BEZIRK": "Horgen",
"STIMMBETEILIGUNG": "   57.16",
"AZ_GÜLTIGE_STIMMZETTEL": 1780,
"AZ_JA_STIMMEN": 1316
}
,
{
"GEMEINDE": "Richterswil",
"BEZIRK": "Horgen",
"STIMMBETEILIGUNG": "   60.66",
"AZ_GÜLTIGE_STIMMZETTEL": 3707,
"AZ_JA_STIMMEN": 2579
}
,
{
"GEMEINDE": "Rüschlikon",
"BEZIRK": "Horgen",
"STIMMBETEILIGUNG": "   54.26",
"AZ_GÜLTIGE_STIMMZETTEL": 1770,
"AZ_JA_STIMMEN": 1276
}
,
{
"GEMEINDE": "Schönenberg",
"BEZIRK": "Horgen",
"STIMMBETEILIGUNG": "   52.52",
"AZ_GÜLTIGE_STIMMZETTEL": 631,
"AZ_JA_STIMMEN": 358
}
,
{
"GEMEINDE": "Thalwil",
"BEZIRK": "Horgen",
"STIMMBETEILIGUNG": "   47.31",
"AZ_GÜLTIGE_STIMMZETTEL": 4798,
"AZ_JA_STIMMEN": 3622
}
,
{
"GEMEINDE": "Wädenswil",
"BEZIRK": "Horgen",
"STIMMBETEILIGUNG": "   50.18",
"AZ_GÜLTIGE_STIMMZETTEL": 6038,
"AZ_JA_STIMMEN": 4139
}
,
{
"GEMEINDE": "Erlenbach",
"BEZIRK": "Meilen",
"STIMMBETEILIGUNG": "   54.74",
"AZ_GÜLTIGE_STIMMZETTEL": 1611,
"AZ_JA_STIMMEN": 1089
}
,
{
"GEMEINDE": "Herrliberg",
"BEZIRK": "Meilen",
"STIMMBETEILIGUNG": "   53.87",
"AZ_GÜLTIGE_STIMMZETTEL": 1823,
"AZ_JA_STIMMEN": 1161
}
,
{
"GEMEINDE": "Hombrechtikon",
"BEZIRK": "Meilen",
"STIMMBETEILIGUNG": "   47.43",
"AZ_GÜLTIGE_STIMMZETTEL": 2119,
"AZ_JA_STIMMEN": 1326
}
,
{
"GEMEINDE": "Küsnacht",
"BEZIRK": "Meilen",
"STIMMBETEILIGUNG": "   60.29",
"AZ_GÜLTIGE_STIMMZETTEL": 5241,
"AZ_JA_STIMMEN": 3697
}
,
{
"GEMEINDE": "Männedorf",
"BEZIRK": "Meilen",
"STIMMBETEILIGUNG": "   55.51",
"AZ_GÜLTIGE_STIMMZETTEL": 2816,
"AZ_JA_STIMMEN": 1988
}
,
{
"GEMEINDE": "Meilen",
"BEZIRK": "Meilen",
"STIMMBETEILIGUNG": "   55.00",
"AZ_GÜLTIGE_STIMMZETTEL": 4046,
"AZ_JA_STIMMEN": 2840
}
,
{
"GEMEINDE": "Oetwil a.S.",
"BEZIRK": "Meilen",
"STIMMBETEILIGUNG": "   42.35",
"AZ_GÜLTIGE_STIMMZETTEL": 808,
"AZ_JA_STIMMEN": 518
}
,
{
"GEMEINDE": "Stäfa",
"BEZIRK": "Meilen",
"STIMMBETEILIGUNG": "   49.59",
"AZ_GÜLTIGE_STIMMZETTEL": 3545,
"AZ_JA_STIMMEN": 2499
}
,
{
"GEMEINDE": "Uetikon a.S.",
"BEZIRK": "Meilen",
"STIMMBETEILIGUNG": "   55.75",
"AZ_GÜLTIGE_STIMMZETTEL": 1345,
"AZ_JA_STIMMEN": 931
}
,
{
"GEMEINDE": "Zollikon",
"BEZIRK": "Meilen",
"STIMMBETEILIGUNG": "   53.62",
"AZ_GÜLTIGE_STIMMZETTEL": 4431,
"AZ_JA_STIMMEN": 3248
}
,
{
"GEMEINDE": "Zumikon",
"BEZIRK": "Meilen",
"STIMMBETEILIGUNG": "   61.68",
"AZ_GÜLTIGE_STIMMZETTEL": 1988,
"AZ_JA_STIMMEN": 1437
}
,
{
"GEMEINDE": "Bauma",
"BEZIRK": "Pfäffikon",
"STIMMBETEILIGUNG": "   47.35",
"AZ_GÜLTIGE_STIMMZETTEL": 1309,
"AZ_JA_STIMMEN": 763
}
,
{
"GEMEINDE": "Fehraltorf",
"BEZIRK": "Pfäffikon",
"STIMMBETEILIGUNG": "   49.14",
"AZ_GÜLTIGE_STIMMZETTEL": 1236,
"AZ_JA_STIMMEN": 796
}
,
{
"GEMEINDE": "Hittnau",
"BEZIRK": "Pfäffikon",
"STIMMBETEILIGUNG": "   47.45",
"AZ_GÜLTIGE_STIMMZETTEL": 739,
"AZ_JA_STIMMEN": 437
}
,
{
"GEMEINDE": "Illnau-Effretikon",
"BEZIRK": "Pfäffikon",
"STIMMBETEILIGUNG": "   47.46",
"AZ_GÜLTIGE_STIMMZETTEL": 4541,
"AZ_JA_STIMMEN": 3083
}
,
{
"GEMEINDE": "Lindau",
"BEZIRK": "Pfäffikon",
"STIMMBETEILIGUNG": "   50.87",
"AZ_GÜLTIGE_STIMMZETTEL": 1029,
"AZ_JA_STIMMEN": 675
}
,
{
"GEMEINDE": "Pfäffikon",
"BEZIRK": "Pfäffikon",
"STIMMBETEILIGUNG": "   47.83",
"AZ_GÜLTIGE_STIMMZETTEL": 2633,
"AZ_JA_STIMMEN": 1775
}
,
{
"GEMEINDE": "Russikon",
"BEZIRK": "Pfäffikon",
"STIMMBETEILIGUNG": "   59.30",
"AZ_GÜLTIGE_STIMMZETTEL": 1399,
"AZ_JA_STIMMEN": 866
}
,
{
"GEMEINDE": "Weisslingen",
"BEZIRK": "Pfäffikon",
"STIMMBETEILIGUNG": "   53.11",
"AZ_GÜLTIGE_STIMMZETTEL": 919,
"AZ_JA_STIMMEN": 608
}
,
{
"GEMEINDE": "Wila",
"BEZIRK": "Pfäffikon",
"STIMMBETEILIGUNG": "   63.30",
"AZ_GÜLTIGE_STIMMZETTEL": 689,
"AZ_JA_STIMMEN": 436
}
,
{
"GEMEINDE": "Wildberg",
"BEZIRK": "Pfäffikon",
"STIMMBETEILIGUNG": "   72.77",
"AZ_GÜLTIGE_STIMMZETTEL": 411,
"AZ_JA_STIMMEN": 258
}
,
{
"GEMEINDE": "Dübendorf",
"BEZIRK": "Uster",
"STIMMBETEILIGUNG": "   45.10",
"AZ_GÜLTIGE_STIMMZETTEL": 6047,
"AZ_JA_STIMMEN": 4299
}
,
{
"GEMEINDE": "Egg",
"BEZIRK": "Uster",
"STIMMBETEILIGUNG": "   50.59",
"AZ_GÜLTIGE_STIMMZETTEL": 2197,
"AZ_JA_STIMMEN": 1403
}
,
{
"GEMEINDE": "Fällanden",
"BEZIRK": "Uster",
"STIMMBETEILIGUNG": "   46.13",
"AZ_GÜLTIGE_STIMMZETTEL": 1998,
"AZ_JA_STIMMEN": 1364
}
,
{
"GEMEINDE": "Greifensee",
"BEZIRK": "Uster",
"STIMMBETEILIGUNG": "   49.67",
"AZ_GÜLTIGE_STIMMZETTEL": 1676,
"AZ_JA_STIMMEN": 1266
}
,
{
"GEMEINDE": "Maur",
"BEZIRK": "Uster",
"STIMMBETEILIGUNG": "   53.05",
"AZ_GÜLTIGE_STIMMZETTEL": 2642,
"AZ_JA_STIMMEN": 1856
}
,
{
"GEMEINDE": "Mönchaltorf",
"BEZIRK": "Uster",
"STIMMBETEILIGUNG": "   56.68",
"AZ_GÜLTIGE_STIMMZETTEL": 1249,
"AZ_JA_STIMMEN": 832
}
,
{
"GEMEINDE": "Schwerzenbach",
"BEZIRK": "Uster",
"STIMMBETEILIGUNG": "   46.99",
"AZ_GÜLTIGE_STIMMZETTEL": 1120,
"AZ_JA_STIMMEN": 805
}
,
{
"GEMEINDE": "Uster",
"BEZIRK": "Uster",
"STIMMBETEILIGUNG": "   48.72",
"AZ_GÜLTIGE_STIMMZETTEL": 7584,
"AZ_JA_STIMMEN": 5218
}
,
{
"GEMEINDE": "Volketswil",
"BEZIRK": "Uster",
"STIMMBETEILIGUNG": "   40.81",
"AZ_GÜLTIGE_STIMMZETTEL": 3159,
"AZ_JA_STIMMEN": 1964
}
,
{
"GEMEINDE": "Wangen-Brüttisellen",
"BEZIRK": "Uster",
"STIMMBETEILIGUNG": "   42.78",
"AZ_GÜLTIGE_STIMMZETTEL": 1196,
"AZ_JA_STIMMEN": 730
}
,
{
"GEMEINDE": "Altikon",
"BEZIRK": "Winterthur",
"STIMMBETEILIGUNG": "   58.54",
"AZ_GÜLTIGE_STIMMZETTEL": 233,
"AZ_JA_STIMMEN": 113
}
,
{
"GEMEINDE": "Brütten",
"BEZIRK": "Winterthur",
"STIMMBETEILIGUNG": "   60.62",
"AZ_GÜLTIGE_STIMMZETTEL": 634,
"AZ_JA_STIMMEN": 431
}
,
{
"GEMEINDE": "Dägerlen",
"BEZIRK": "Winterthur",
"STIMMBETEILIGUNG": "   58.22",
"AZ_GÜLTIGE_STIMMZETTEL": 278,
"AZ_JA_STIMMEN": 161
}
,
{
"GEMEINDE": "Dättlikon",
"BEZIRK": "Winterthur",
"STIMMBETEILIGUNG": "   65.74",
"AZ_GÜLTIGE_STIMMZETTEL": 232,
"AZ_JA_STIMMEN": 161
}
,
{
"GEMEINDE": "Dinhard",
"BEZIRK": "Winterthur",
"STIMMBETEILIGUNG": "   62.73",
"AZ_GÜLTIGE_STIMMZETTEL": 534,
"AZ_JA_STIMMEN": 329
}
,
{
"GEMEINDE": "Elgg",
"BEZIRK": "Winterthur",
"STIMMBETEILIGUNG": "   56.77",
"AZ_GÜLTIGE_STIMMZETTEL": 1243,
"AZ_JA_STIMMEN": 828
}
,
{
"GEMEINDE": "Ellikon a.d.Th.",
"BEZIRK": "Winterthur",
"STIMMBETEILIGUNG": "   51.94",
"AZ_GÜLTIGE_STIMMZETTEL": 216,
"AZ_JA_STIMMEN": 106
}
,
{
"GEMEINDE": "Elsau",
"BEZIRK": "Winterthur",
"STIMMBETEILIGUNG": "   56.37",
"AZ_GÜLTIGE_STIMMZETTEL": 1015,
"AZ_JA_STIMMEN": 721
}
,
{
"GEMEINDE": "Hagenbuch",
"BEZIRK": "Winterthur",
"STIMMBETEILIGUNG": "   52.60",
"AZ_GÜLTIGE_STIMMZETTEL": 285,
"AZ_JA_STIMMEN": 147
}
,
{
"GEMEINDE": "Hettlingen",
"BEZIRK": "Winterthur",
"STIMMBETEILIGUNG": "   61.65",
"AZ_GÜLTIGE_STIMMZETTEL": 726,
"AZ_JA_STIMMEN": 498
}
,
{
"GEMEINDE": "Hofstetten",
"BEZIRK": "Winterthur",
"STIMMBETEILIGUNG": "   65.05",
"AZ_GÜLTIGE_STIMMZETTEL": 181,
"AZ_JA_STIMMEN": 96
}
,
{
"GEMEINDE": "Neftenbach",
"BEZIRK": "Winterthur",
"STIMMBETEILIGUNG": "   48.33",
"AZ_GÜLTIGE_STIMMZETTEL": 1320,
"AZ_JA_STIMMEN": 889
}
,
{
"GEMEINDE": "Pfungen",
"BEZIRK": "Winterthur",
"STIMMBETEILIGUNG": "   45.59",
"AZ_GÜLTIGE_STIMMZETTEL": 636,
"AZ_JA_STIMMEN": 426
}
,
{
"GEMEINDE": "Rickenbach",
"BEZIRK": "Winterthur",
"STIMMBETEILIGUNG": "   56.03",
"AZ_GÜLTIGE_STIMMZETTEL": 737,
"AZ_JA_STIMMEN": 493
}
,
{
"GEMEINDE": "Schlatt",
"BEZIRK": "Winterthur",
"STIMMBETEILIGUNG": "   67.58",
"AZ_GÜLTIGE_STIMMZETTEL": 271,
"AZ_JA_STIMMEN": 156
}
,
{
"GEMEINDE": "Seuzach",
"BEZIRK": "Winterthur",
"STIMMBETEILIGUNG": "   53.73",
"AZ_GÜLTIGE_STIMMZETTEL": 2047,
"AZ_JA_STIMMEN": 1392
}
,
{
"GEMEINDE": "Turbenthal",
"BEZIRK": "Winterthur",
"STIMMBETEILIGUNG": "   52.06",
"AZ_GÜLTIGE_STIMMZETTEL": 1183,
"AZ_JA_STIMMEN": 716
}
,
{
"GEMEINDE": "Wiesendangen",
"BEZIRK": "Winterthur",
"STIMMBETEILIGUNG": "   62.36",
"AZ_GÜLTIGE_STIMMZETTEL": 1983,
"AZ_JA_STIMMEN": 1354
}
,
{
"GEMEINDE": "Winterthur",
"BEZIRK": "Winterthur",
"STIMMBETEILIGUNG": "   50.94",
"AZ_GÜLTIGE_STIMMZETTEL": 28025,
"AZ_JA_STIMMEN": 21237
}
,
{
"GEMEINDE": "Zell",
"BEZIRK": "Winterthur",
"STIMMBETEILIGUNG": "   50.00",
"AZ_GÜLTIGE_STIMMZETTEL": 1267,
"AZ_JA_STIMMEN": 843
}
,
{
"GEMEINDE": "Zürich",
"BEZIRK": "Zürich",
"STIMMBETEILIGUNG": "   46.00",
"AZ_GÜLTIGE_STIMMZETTEL": 100951,
"AZ_JA_STIMMEN": 77747
}
]
