[
{
"GEMEINDE": "Aeugst a.A.",
"BEZIRK": "Affoltern",
"STIMMBETEILIGUNG": "   70.83",
"AZ_GÜLTIGE_STIMMZETTEL": 92,
"AZ_JA_STIMMEN": 29
}
,
{
"GEMEINDE": "Affoltern a.A.",
"BEZIRK": "Affoltern",
"STIMMBETEILIGUNG": "   71.72",
"AZ_GÜLTIGE_STIMMZETTEL": 397,
"AZ_JA_STIMMEN": 201
}
,
{
"GEMEINDE": "Bonstetten",
"BEZIRK": "Affoltern",
"STIMMBETEILIGUNG": "   90.61",
"AZ_GÜLTIGE_STIMMZETTEL": 149,
"AZ_JA_STIMMEN": 56
}
,
{
"GEMEINDE": "Hausen a.A.",
"BEZIRK": "Affoltern",
"STIMMBETEILIGUNG": "   65.40",
"AZ_GÜLTIGE_STIMMZETTEL": 208,
"AZ_JA_STIMMEN": 73
}
,
{
"GEMEINDE": "Hedingen",
"BEZIRK": "Affoltern",
"STIMMBETEILIGUNG": "   56.80",
"AZ_GÜLTIGE_STIMMZETTEL": 129,
"AZ_JA_STIMMEN": 76
}
,
{
"GEMEINDE": "Kappel a.A.",
"BEZIRK": "Affoltern",
"STIMMBETEILIGUNG": "   75.76",
"AZ_GÜLTIGE_STIMMZETTEL": 72,
"AZ_JA_STIMMEN": 24
}
,
{
"GEMEINDE": "Knonau",
"BEZIRK": "Affoltern",
"STIMMBETEILIGUNG": "   72.12",
"AZ_GÜLTIGE_STIMMZETTEL": 101,
"AZ_JA_STIMMEN": 48
}
,
{
"GEMEINDE": "Maschwanden",
"BEZIRK": "Affoltern",
"STIMMBETEILIGUNG": "   81.54",
"AZ_GÜLTIGE_STIMMZETTEL": 94,
"AZ_JA_STIMMEN": 57
}
,
{
"GEMEINDE": "Mettmenstetten",
"BEZIRK": "Affoltern",
"STIMMBETEILIGUNG": "   65.12",
"AZ_GÜLTIGE_STIMMZETTEL": 221,
"AZ_JA_STIMMEN": 110
}
,
{
"GEMEINDE": "Obfelden",
"BEZIRK": "Affoltern",
"STIMMBETEILIGUNG": "   78.68",
"AZ_GÜLTIGE_STIMMZETTEL": 221,
"AZ_JA_STIMMEN": 86
}
,
{
"GEMEINDE": "Ottenbach",
"BEZIRK": "Affoltern",
"STIMMBETEILIGUNG": "   69.64",
"AZ_GÜLTIGE_STIMMZETTEL": 174,
"AZ_JA_STIMMEN": 54
}
,
{
"GEMEINDE": "Rifferswil",
"BEZIRK": "Affoltern",
"STIMMBETEILIGUNG": "   52.34",
"AZ_GÜLTIGE_STIMMZETTEL": 50,
"AZ_JA_STIMMEN": 15
}
,
{
"GEMEINDE": "Stallikon",
"BEZIRK": "Affoltern",
"STIMMBETEILIGUNG": "   40.74",
"AZ_GÜLTIGE_STIMMZETTEL": 65,
"AZ_JA_STIMMEN": 18
}
,
{
"GEMEINDE": "Wettswil a.A.",
"BEZIRK": "Affoltern",
"STIMMBETEILIGUNG": "   71.95",
"AZ_GÜLTIGE_STIMMZETTEL": 52,
"AZ_JA_STIMMEN": 24
}
,
{
"GEMEINDE": "Adlikon",
"BEZIRK": "Andelfingen",
"STIMMBETEILIGUNG": "   95.20",
"AZ_GÜLTIGE_STIMMZETTEL": 98,
"AZ_JA_STIMMEN": 55
}
,
{
"GEMEINDE": "Andelfingen",
"BEZIRK": "Andelfingen",
"STIMMBETEILIGUNG": "   86.15",
"AZ_GÜLTIGE_STIMMZETTEL": 144,
"AZ_JA_STIMMEN": 112
}
,
{
"GEMEINDE": "Benken",
"BEZIRK": "Andelfingen",
"STIMMBETEILIGUNG": "   88.97",
"AZ_GÜLTIGE_STIMMZETTEL": 96,
"AZ_JA_STIMMEN": 45
}
,
{
"GEMEINDE": "Berg a.I.",
"BEZIRK": "Andelfingen",
"STIMMBETEILIGUNG": "   90.16",
"AZ_GÜLTIGE_STIMMZETTEL": 88,
"AZ_JA_STIMMEN": 39
}
,
{
"GEMEINDE": "Buch a.I.",
"BEZIRK": "Andelfingen",
"STIMMBETEILIGUNG": "   85.40",
"AZ_GÜLTIGE_STIMMZETTEL": 111,
"AZ_JA_STIMMEN": 56
}
,
{
"GEMEINDE": "Dachsen",
"BEZIRK": "Andelfingen",
"STIMMBETEILIGUNG": "   90.30",
"AZ_GÜLTIGE_STIMMZETTEL": 105,
"AZ_JA_STIMMEN": 68
}
,
{
"GEMEINDE": "Dorf",
"BEZIRK": "Andelfingen",
"STIMMBETEILIGUNG": "   87.21",
"AZ_GÜLTIGE_STIMMZETTEL": 54,
"AZ_JA_STIMMEN": 24
}
,
{
"GEMEINDE": "Feuerthalen",
"BEZIRK": "Andelfingen",
"STIMMBETEILIGUNG": "   70.02",
"AZ_GÜLTIGE_STIMMZETTEL": 259,
"AZ_JA_STIMMEN": 214
}
,
{
"GEMEINDE": "Flaach",
"BEZIRK": "Andelfingen",
"STIMMBETEILIGUNG": "   89.52",
"AZ_GÜLTIGE_STIMMZETTEL": 158,
"AZ_JA_STIMMEN": 57
}
,
{
"GEMEINDE": "Flurlingen",
"BEZIRK": "Andelfingen",
"STIMMBETEILIGUNG": "   76.58",
"AZ_GÜLTIGE_STIMMZETTEL": 155,
"AZ_JA_STIMMEN": 113
}
,
{
"GEMEINDE": "Henggart",
"BEZIRK": "Andelfingen",
"STIMMBETEILIGUNG": "   91.01",
"AZ_GÜLTIGE_STIMMZETTEL": 66,
"AZ_JA_STIMMEN": 41
}
,
{
"GEMEINDE": "Humlikon",
"BEZIRK": "Andelfingen",
"STIMMBETEILIGUNG": "   92.75",
"AZ_GÜLTIGE_STIMMZETTEL": 53,
"AZ_JA_STIMMEN": 20
}
,
{
"GEMEINDE": "Kleinandelfingen",
"BEZIRK": "Andelfingen",
"STIMMBETEILIGUNG": "   92.58",
"AZ_GÜLTIGE_STIMMZETTEL": 197,
"AZ_JA_STIMMEN": 118
}
,
{
"GEMEINDE": "Laufen-Uhwiesen",
"BEZIRK": "Andelfingen",
"STIMMBETEILIGUNG": "   83.60",
"AZ_GÜLTIGE_STIMMZETTEL": 141,
"AZ_JA_STIMMEN": 83
}
,
{
"GEMEINDE": "Marthalen",
"BEZIRK": "Andelfingen",
"STIMMBETEILIGUNG": "   85.22",
"AZ_GÜLTIGE_STIMMZETTEL": 215,
"AZ_JA_STIMMEN": 133
}
,
{
"GEMEINDE": "Oberstammheim",
"BEZIRK": "Andelfingen",
"STIMMBETEILIGUNG": "   81.05",
"AZ_GÜLTIGE_STIMMZETTEL": 104,
"AZ_JA_STIMMEN": 60
}
,
{
"GEMEINDE": "Ossingen",
"BEZIRK": "Andelfingen",
"STIMMBETEILIGUNG": "   85.20",
"AZ_GÜLTIGE_STIMMZETTEL": 176,
"AZ_JA_STIMMEN": 96
}
,
{
"GEMEINDE": "Rheinau",
"BEZIRK": "Andelfingen",
"STIMMBETEILIGUNG": "   63.54",
"AZ_GÜLTIGE_STIMMZETTEL": 105,
"AZ_JA_STIMMEN": 61
}
,
{
"GEMEINDE": "Thalheim a.d.Th.",
"BEZIRK": "Andelfingen",
"STIMMBETEILIGUNG": "   92.31",
"AZ_GÜLTIGE_STIMMZETTEL": 79,
"AZ_JA_STIMMEN": 51
}
,
{
"GEMEINDE": "Trüllikon",
"BEZIRK": "Andelfingen",
"STIMMBETEILIGUNG": "   82.43",
"AZ_GÜLTIGE_STIMMZETTEL": 171,
"AZ_JA_STIMMEN": 98
}
,
{
"GEMEINDE": "Truttikon",
"BEZIRK": "Andelfingen",
"STIMMBETEILIGUNG": "   93.75",
"AZ_GÜLTIGE_STIMMZETTEL": 63,
"AZ_JA_STIMMEN": 35
}
,
{
"GEMEINDE": "Unterstammheim",
"BEZIRK": "Andelfingen",
"STIMMBETEILIGUNG": "   82.29",
"AZ_GÜLTIGE_STIMMZETTEL": 106,
"AZ_JA_STIMMEN": 79
}
,
{
"GEMEINDE": "Volken",
"BEZIRK": "Andelfingen",
"STIMMBETEILIGUNG": "   95.71",
"AZ_GÜLTIGE_STIMMZETTEL": 57,
"AZ_JA_STIMMEN": 14
}
,
{
"GEMEINDE": "Waltalingen",
"BEZIRK": "Andelfingen",
"STIMMBETEILIGUNG": "   76.87",
"AZ_GÜLTIGE_STIMMZETTEL": 79,
"AZ_JA_STIMMEN": 46
}
,
{
"GEMEINDE": "Bachenbülach",
"BEZIRK": "Bülach",
"STIMMBETEILIGUNG": "   78.31",
"AZ_GÜLTIGE_STIMMZETTEL": 112,
"AZ_JA_STIMMEN": 68
}
,
{
"GEMEINDE": "Bassersdorf",
"BEZIRK": "Bülach",
"STIMMBETEILIGUNG": "   67.52",
"AZ_GÜLTIGE_STIMMZETTEL": 157,
"AZ_JA_STIMMEN": 122
}
,
{
"GEMEINDE": "Bülach",
"BEZIRK": "Bülach",
"STIMMBETEILIGUNG": "   73.76",
"AZ_GÜLTIGE_STIMMZETTEL": 391,
"AZ_JA_STIMMEN": 238
}
,
{
"GEMEINDE": "Dietlikon",
"BEZIRK": "Bülach",
"STIMMBETEILIGUNG": "   82.82",
"AZ_GÜLTIGE_STIMMZETTEL": 104,
"AZ_JA_STIMMEN": 63
}
,
{
"GEMEINDE": "Eglisau",
"BEZIRK": "Bülach",
"STIMMBETEILIGUNG": "   76.37",
"AZ_GÜLTIGE_STIMMZETTEL": 173,
"AZ_JA_STIMMEN": 96
}
,
{
"GEMEINDE": "Embrach",
"BEZIRK": "Bülach",
"STIMMBETEILIGUNG": "   84.90",
"AZ_GÜLTIGE_STIMMZETTEL": 276,
"AZ_JA_STIMMEN": 129
}
,
{
"GEMEINDE": "Freienstein-Teufen",
"BEZIRK": "Bülach",
"STIMMBETEILIGUNG": "   79.38",
"AZ_GÜLTIGE_STIMMZETTEL": 213,
"AZ_JA_STIMMEN": 85
}
,
{
"GEMEINDE": "Glattfelden",
"BEZIRK": "Bülach",
"STIMMBETEILIGUNG": "   81.36",
"AZ_GÜLTIGE_STIMMZETTEL": 248,
"AZ_JA_STIMMEN": 100
}
,
{
"GEMEINDE": "Hochfelden",
"BEZIRK": "Bülach",
"STIMMBETEILIGUNG": "   90.37",
"AZ_GÜLTIGE_STIMMZETTEL": 103,
"AZ_JA_STIMMEN": 36
}
,
{
"GEMEINDE": "Höri",
"BEZIRK": "Bülach",
"STIMMBETEILIGUNG": "   82.81",
"AZ_GÜLTIGE_STIMMZETTEL": 91,
"AZ_JA_STIMMEN": 18
}
,
{
"GEMEINDE": "Hüntwangen",
"BEZIRK": "Bülach",
"STIMMBETEILIGUNG": "   91.79",
"AZ_GÜLTIGE_STIMMZETTEL": 102,
"AZ_JA_STIMMEN": 37
}
,
{
"GEMEINDE": "Kloten",
"BEZIRK": "Bülach",
"STIMMBETEILIGUNG": "   76.09",
"AZ_GÜLTIGE_STIMMZETTEL": 245,
"AZ_JA_STIMMEN": 107
}
,
{
"GEMEINDE": "Lufingen",
"BEZIRK": "Bülach",
"STIMMBETEILIGUNG": "   78.02",
"AZ_GÜLTIGE_STIMMZETTEL": 58,
"AZ_JA_STIMMEN": 25
}
,
{
"GEMEINDE": "Nürensdorf",
"BEZIRK": "Bülach",
"STIMMBETEILIGUNG": "   83.54",
"AZ_GÜLTIGE_STIMMZETTEL": 159,
"AZ_JA_STIMMEN": 63
}
,
{
"GEMEINDE": "Oberembrach",
"BEZIRK": "Bülach",
"STIMMBETEILIGUNG": "   79.75",
"AZ_GÜLTIGE_STIMMZETTEL": 100,
"AZ_JA_STIMMEN": 39
}
,
{
"GEMEINDE": "Opfikon",
"BEZIRK": "Bülach",
"STIMMBETEILIGUNG": "   60.73",
"AZ_GÜLTIGE_STIMMZETTEL": 108,
"AZ_JA_STIMMEN": 40
}
,
{
"GEMEINDE": "Rafz",
"BEZIRK": "Bülach",
"STIMMBETEILIGUNG": "   63.90",
"AZ_GÜLTIGE_STIMMZETTEL": 177,
"AZ_JA_STIMMEN": 89
}
,
{
"GEMEINDE": "Rorbas",
"BEZIRK": "Bülach",
"STIMMBETEILIGUNG": "   81.33",
"AZ_GÜLTIGE_STIMMZETTEL": 208,
"AZ_JA_STIMMEN": 80
}
,
{
"GEMEINDE": "Wallisellen",
"BEZIRK": "Bülach",
"STIMMBETEILIGUNG": "   59.32",
"AZ_GÜLTIGE_STIMMZETTEL": 255,
"AZ_JA_STIMMEN": 134
}
,
{
"GEMEINDE": "Wasterkingen",
"BEZIRK": "Bülach",
"STIMMBETEILIGUNG": "   88.64",
"AZ_GÜLTIGE_STIMMZETTEL": 58,
"AZ_JA_STIMMEN": 26
}
,
{
"GEMEINDE": "Wil",
"BEZIRK": "Bülach",
"STIMMBETEILIGUNG": "   89.45",
"AZ_GÜLTIGE_STIMMZETTEL": 135,
"AZ_JA_STIMMEN": 52
}
,
{
"GEMEINDE": "Winkel",
"BEZIRK": "Bülach",
"STIMMBETEILIGUNG": "   78.11",
"AZ_GÜLTIGE_STIMMZETTEL": 114,
"AZ_JA_STIMMEN": 64
}
,
{
"GEMEINDE": "Bachs",
"BEZIRK": "Dielsdorf",
"STIMMBETEILIGUNG": "   37.82",
"AZ_GÜLTIGE_STIMMZETTEL": 39,
"AZ_JA_STIMMEN": 11
}
,
{
"GEMEINDE": "Boppelsen",
"BEZIRK": "Dielsdorf",
"STIMMBETEILIGUNG": "   83.56",
"AZ_GÜLTIGE_STIMMZETTEL": 48,
"AZ_JA_STIMMEN": 24
}
,
{
"GEMEINDE": "Buchs",
"BEZIRK": "Dielsdorf",
"STIMMBETEILIGUNG": "   62.79",
"AZ_GÜLTIGE_STIMMZETTEL": 72,
"AZ_JA_STIMMEN": 25
}
,
{
"GEMEINDE": "Dällikon",
"BEZIRK": "Dielsdorf",
"STIMMBETEILIGUNG": "   77.53",
"AZ_GÜLTIGE_STIMMZETTEL": 59,
"AZ_JA_STIMMEN": 32
}
,
{
"GEMEINDE": "Dänikon",
"BEZIRK": "Dielsdorf",
"STIMMBETEILIGUNG": "   95.24",
"AZ_GÜLTIGE_STIMMZETTEL": 30,
"AZ_JA_STIMMEN": 3
}
,
{
"GEMEINDE": "Dielsdorf",
"BEZIRK": "Dielsdorf",
"STIMMBETEILIGUNG": "   70.88",
"AZ_GÜLTIGE_STIMMZETTEL": 111,
"AZ_JA_STIMMEN": 61
}
,
{
"GEMEINDE": "Hüttikon",
"BEZIRK": "Dielsdorf",
"STIMMBETEILIGUNG": "   96.77",
"AZ_GÜLTIGE_STIMMZETTEL": 22,
"AZ_JA_STIMMEN": 9
}
,
{
"GEMEINDE": "Neerach",
"BEZIRK": "Dielsdorf",
"STIMMBETEILIGUNG": "   82.01",
"AZ_GÜLTIGE_STIMMZETTEL": 73,
"AZ_JA_STIMMEN": 27
}
,
{
"GEMEINDE": "Niederglatt",
"BEZIRK": "Dielsdorf",
"STIMMBETEILIGUNG": "   56.05",
"AZ_GÜLTIGE_STIMMZETTEL": 69,
"AZ_JA_STIMMEN": 18
}
,
{
"GEMEINDE": "Niederhasli",
"BEZIRK": "Dielsdorf",
"STIMMBETEILIGUNG": "   69.60",
"AZ_GÜLTIGE_STIMMZETTEL": 128,
"AZ_JA_STIMMEN": 33
}
,
{
"GEMEINDE": "Niederweningen",
"BEZIRK": "Dielsdorf",
"STIMMBETEILIGUNG": "   70.27",
"AZ_GÜLTIGE_STIMMZETTEL": 116,
"AZ_JA_STIMMEN": 40
}
,
{
"GEMEINDE": "Oberglatt",
"BEZIRK": "Dielsdorf",
"STIMMBETEILIGUNG": "   50.56",
"AZ_GÜLTIGE_STIMMZETTEL": 75,
"AZ_JA_STIMMEN": 23
}
,
{
"GEMEINDE": "Oberweningen",
"BEZIRK": "Dielsdorf",
"STIMMBETEILIGUNG": "   64.18",
"AZ_GÜLTIGE_STIMMZETTEL": 31,
"AZ_JA_STIMMEN": 15
}
,
{
"GEMEINDE": "Otelfingen",
"BEZIRK": "Dielsdorf",
"STIMMBETEILIGUNG": "   57.97",
"AZ_GÜLTIGE_STIMMZETTEL": 64,
"AZ_JA_STIMMEN": 34
}
,
{
"GEMEINDE": "Regensberg",
"BEZIRK": "Dielsdorf",
"STIMMBETEILIGUNG": "   84.00",
"AZ_GÜLTIGE_STIMMZETTEL": 34,
"AZ_JA_STIMMEN": 16
}
,
{
"GEMEINDE": "Regensdorf",
"BEZIRK": "Dielsdorf",
"STIMMBETEILIGUNG": "   74.23",
"AZ_GÜLTIGE_STIMMZETTEL": 200,
"AZ_JA_STIMMEN": 123
}
,
{
"GEMEINDE": "Rümlang",
"BEZIRK": "Dielsdorf",
"STIMMBETEILIGUNG": "   69.78",
"AZ_GÜLTIGE_STIMMZETTEL": 170,
"AZ_JA_STIMMEN": 101
}
,
{
"GEMEINDE": "Schleinikon",
"BEZIRK": "Dielsdorf",
"STIMMBETEILIGUNG": "   74.70",
"AZ_GÜLTIGE_STIMMZETTEL": 48,
"AZ_JA_STIMMEN": 17
}
,
{
"GEMEINDE": "Schöfflisdorf",
"BEZIRK": "Dielsdorf",
"STIMMBETEILIGUNG": "   77.78",
"AZ_GÜLTIGE_STIMMZETTEL": 45,
"AZ_JA_STIMMEN": 28
}
,
{
"GEMEINDE": "Stadel",
"BEZIRK": "Dielsdorf",
"STIMMBETEILIGUNG": "   68.65",
"AZ_GÜLTIGE_STIMMZETTEL": 133,
"AZ_JA_STIMMEN": 45
}
,
{
"GEMEINDE": "Steinmaur",
"BEZIRK": "Dielsdorf",
"STIMMBETEILIGUNG": "   66.03",
"AZ_GÜLTIGE_STIMMZETTEL": 103,
"AZ_JA_STIMMEN": 29
}
,
{
"GEMEINDE": "Weiach",
"BEZIRK": "Dielsdorf",
"STIMMBETEILIGUNG": "   83.46",
"AZ_GÜLTIGE_STIMMZETTEL": 91,
"AZ_JA_STIMMEN": 39
}
,
{
"GEMEINDE": "Aesch",
"BEZIRK": "Dietikon",
"STIMMBETEILIGUNG": "   57.69",
"AZ_GÜLTIGE_STIMMZETTEL": 34,
"AZ_JA_STIMMEN": 11
}
,
{
"GEMEINDE": "Birmensdorf",
"BEZIRK": "Dietikon",
"STIMMBETEILIGUNG": "   66.78",
"AZ_GÜLTIGE_STIMMZETTEL": 160,
"AZ_JA_STIMMEN": 55
}
,
{
"GEMEINDE": "Dietikon",
"BEZIRK": "Dietikon",
"STIMMBETEILIGUNG": "   73.19",
"AZ_GÜLTIGE_STIMMZETTEL": 533,
"AZ_JA_STIMMEN": 297
}
,
{
"GEMEINDE": "Geroldswil",
"BEZIRK": "Dietikon",
"STIMMBETEILIGUNG": "   77.27",
"AZ_GÜLTIGE_STIMMZETTEL": 30,
"AZ_JA_STIMMEN": 10
}
,
{
"GEMEINDE": "Oberengstringen",
"BEZIRK": "Dietikon",
"STIMMBETEILIGUNG": "   72.32",
"AZ_GÜLTIGE_STIMMZETTEL": 69,
"AZ_JA_STIMMEN": 46
}
,
{
"GEMEINDE": "Oetwil a.d.L",
"BEZIRK": "Dietikon",
"STIMMBETEILIGUNG": "   91.80",
"AZ_GÜLTIGE_STIMMZETTEL": 47,
"AZ_JA_STIMMEN": 21
}
,
{
"GEMEINDE": "Schlieren",
"BEZIRK": "Dietikon",
"STIMMBETEILIGUNG": "   80.03",
"AZ_GÜLTIGE_STIMMZETTEL": 439,
"AZ_JA_STIMMEN": 298
}
,
{
"GEMEINDE": "Uitikon",
"BEZIRK": "Dietikon",
"STIMMBETEILIGUNG": "   80.22",
"AZ_GÜLTIGE_STIMMZETTEL": 58,
"AZ_JA_STIMMEN": 17
}
,
{
"GEMEINDE": "Unterengstringen",
"BEZIRK": "Dietikon",
"STIMMBETEILIGUNG": "   86.96",
"AZ_GÜLTIGE_STIMMZETTEL": 62,
"AZ_JA_STIMMEN": 45
}
,
{
"GEMEINDE": "Urdorf",
"BEZIRK": "Dietikon",
"STIMMBETEILIGUNG": "   73.98",
"AZ_GÜLTIGE_STIMMZETTEL": 110,
"AZ_JA_STIMMEN": 57
}
,
{
"GEMEINDE": "Weiningen",
"BEZIRK": "Dietikon",
"STIMMBETEILIGUNG": "   77.40",
"AZ_GÜLTIGE_STIMMZETTEL": 99,
"AZ_JA_STIMMEN": 46
}
,
{
"GEMEINDE": "Bäretswil",
"BEZIRK": "Hinwil",
"STIMMBETEILIGUNG": "   76.94",
"AZ_GÜLTIGE_STIMMZETTEL": 416,
"AZ_JA_STIMMEN": 174
}
,
{
"GEMEINDE": "Bubikon",
"BEZIRK": "Hinwil",
"STIMMBETEILIGUNG": "   79.62",
"AZ_GÜLTIGE_STIMMZETTEL": 285,
"AZ_JA_STIMMEN": 117
}
,
{
"GEMEINDE": "Dürnten",
"BEZIRK": "Hinwil",
"STIMMBETEILIGUNG": "   69.05",
"AZ_GÜLTIGE_STIMMZETTEL": 465,
"AZ_JA_STIMMEN": 206
}
,
{
"GEMEINDE": "Fischenthal",
"BEZIRK": "Hinwil",
"STIMMBETEILIGUNG": "   79.01",
"AZ_GÜLTIGE_STIMMZETTEL": 357,
"AZ_JA_STIMMEN": 112
}
,
{
"GEMEINDE": "Gossau",
"BEZIRK": "Hinwil",
"STIMMBETEILIGUNG": "   77.35",
"AZ_GÜLTIGE_STIMMZETTEL": 452,
"AZ_JA_STIMMEN": 131
}
,
{
"GEMEINDE": "Grüningen",
"BEZIRK": "Hinwil",
"STIMMBETEILIGUNG": "   71.19",
"AZ_GÜLTIGE_STIMMZETTEL": 213,
"AZ_JA_STIMMEN": 84
}
,
{
"GEMEINDE": "Hinwil",
"BEZIRK": "Hinwil",
"STIMMBETEILIGUNG": "   64.09",
"AZ_GÜLTIGE_STIMMZETTEL": 451,
"AZ_JA_STIMMEN": 215
}
,
{
"GEMEINDE": "Rüti",
"BEZIRK": "Hinwil",
"STIMMBETEILIGUNG": "   63.09",
"AZ_GÜLTIGE_STIMMZETTEL": 750,
"AZ_JA_STIMMEN": 324
}
,
{
"GEMEINDE": "Seegräben",
"BEZIRK": "Hinwil",
"STIMMBETEILIGUNG": "   67.76",
"AZ_GÜLTIGE_STIMMZETTEL": 113,
"AZ_JA_STIMMEN": 39
}
,
{
"GEMEINDE": "Wald",
"BEZIRK": "Hinwil",
"STIMMBETEILIGUNG": "   66.79",
"AZ_GÜLTIGE_STIMMZETTEL": 971,
"AZ_JA_STIMMEN": 445
}
,
{
"GEMEINDE": "Wetzikon",
"BEZIRK": "Hinwil",
"STIMMBETEILIGUNG": "   65.95",
"AZ_GÜLTIGE_STIMMZETTEL": 838,
"AZ_JA_STIMMEN": 392
}
,
{
"GEMEINDE": "Adliswil",
"BEZIRK": "Horgen",
"STIMMBETEILIGUNG": "   65.85",
"AZ_GÜLTIGE_STIMMZETTEL": 610,
"AZ_JA_STIMMEN": 223
}
,
{
"GEMEINDE": "Hirzel",
"BEZIRK": "Horgen",
"STIMMBETEILIGUNG": "   77.25",
"AZ_GÜLTIGE_STIMMZETTEL": 159,
"AZ_JA_STIMMEN": 46
}
,
{
"GEMEINDE": "Horgen",
"BEZIRK": "Horgen",
"STIMMBETEILIGUNG": "   79.83",
"AZ_GÜLTIGE_STIMMZETTEL": 1288,
"AZ_JA_STIMMEN": 580
}
,
{
"GEMEINDE": "Hütten",
"BEZIRK": "Horgen",
"STIMMBETEILIGUNG": "   65.56",
"AZ_GÜLTIGE_STIMMZETTEL": 89,
"AZ_JA_STIMMEN": 25
}
,
{
"GEMEINDE": "Kilchberg",
"BEZIRK": "Horgen",
"STIMMBETEILIGUNG": "   50.84",
"AZ_GÜLTIGE_STIMMZETTEL": 279,
"AZ_JA_STIMMEN": 193
}
,
{
"GEMEINDE": "Langnau a.A.",
"BEZIRK": "Horgen",
"STIMMBETEILIGUNG": "   49.09",
"AZ_GÜLTIGE_STIMMZETTEL": 197,
"AZ_JA_STIMMEN": 94
}
,
{
"GEMEINDE": "Oberrieden",
"BEZIRK": "Horgen",
"STIMMBETEILIGUNG": "   77.85",
"AZ_GÜLTIGE_STIMMZETTEL": 201,
"AZ_JA_STIMMEN": 116
}
,
{
"GEMEINDE": "Richterswil",
"BEZIRK": "Horgen",
"STIMMBETEILIGUNG": "   58.11",
"AZ_GÜLTIGE_STIMMZETTEL": 520,
"AZ_JA_STIMMEN": 238
}
,
{
"GEMEINDE": "Rüschlikon",
"BEZIRK": "Horgen",
"STIMMBETEILIGUNG": "   67.37",
"AZ_GÜLTIGE_STIMMZETTEL": 251,
"AZ_JA_STIMMEN": 133
}
,
{
"GEMEINDE": "Schönenberg",
"BEZIRK": "Horgen",
"STIMMBETEILIGUNG": "   64.14",
"AZ_GÜLTIGE_STIMMZETTEL": 174,
"AZ_JA_STIMMEN": 51
}
,
{
"GEMEINDE": "Thalwil",
"BEZIRK": "Horgen",
"STIMMBETEILIGUNG": "   73.07",
"AZ_GÜLTIGE_STIMMZETTEL": 1084,
"AZ_JA_STIMMEN": 591
}
,
{
"GEMEINDE": "Wädenswil",
"BEZIRK": "Horgen",
"STIMMBETEILIGUNG": "   68.39",
"AZ_GÜLTIGE_STIMMZETTEL": 1190,
"AZ_JA_STIMMEN": 481
}
,
{
"GEMEINDE": "Erlenbach",
"BEZIRK": "Meilen",
"STIMMBETEILIGUNG": "   59.69",
"AZ_GÜLTIGE_STIMMZETTEL": 173,
"AZ_JA_STIMMEN": 84
}
,
{
"GEMEINDE": "Herrliberg",
"BEZIRK": "Meilen",
"STIMMBETEILIGUNG": "   55.29",
"AZ_GÜLTIGE_STIMMZETTEL": 145,
"AZ_JA_STIMMEN": 61
}
,
{
"GEMEINDE": "Hombrechtikon",
"BEZIRK": "Meilen",
"STIMMBETEILIGUNG": "   63.77",
"AZ_GÜLTIGE_STIMMZETTEL": 351,
"AZ_JA_STIMMEN": 117
}
,
{
"GEMEINDE": "Küsnacht",
"BEZIRK": "Meilen",
"STIMMBETEILIGUNG": "   63.05",
"AZ_GÜLTIGE_STIMMZETTEL": 487,
"AZ_JA_STIMMEN": 308
}
,
{
"GEMEINDE": "Männedorf",
"BEZIRK": "Meilen",
"STIMMBETEILIGUNG": "   62.34",
"AZ_GÜLTIGE_STIMMZETTEL": 373,
"AZ_JA_STIMMEN": 194
}
,
{
"GEMEINDE": "Meilen",
"BEZIRK": "Meilen",
"STIMMBETEILIGUNG": "   61.69",
"AZ_GÜLTIGE_STIMMZETTEL": 492,
"AZ_JA_STIMMEN": 223
}
,
{
"GEMEINDE": "Oetwil a.S.",
"BEZIRK": "Meilen",
"STIMMBETEILIGUNG": "   74.58",
"AZ_GÜLTIGE_STIMMZETTEL": 161,
"AZ_JA_STIMMEN": 82
}
,
{
"GEMEINDE": "Stäfa",
"BEZIRK": "Meilen",
"STIMMBETEILIGUNG": "   72.28",
"AZ_GÜLTIGE_STIMMZETTEL": 635,
"AZ_JA_STIMMEN": 331
}
,
{
"GEMEINDE": "Uetikon a.S.",
"BEZIRK": "Meilen",
"STIMMBETEILIGUNG": "   54.88",
"AZ_GÜLTIGE_STIMMZETTEL": 212,
"AZ_JA_STIMMEN": 133
}
,
{
"GEMEINDE": "Zollikon",
"BEZIRK": "Meilen",
"STIMMBETEILIGUNG": "   75.45",
"AZ_GÜLTIGE_STIMMZETTEL": 403,
"AZ_JA_STIMMEN": 295
}
,
{
"GEMEINDE": "Zumikon",
"BEZIRK": "Meilen",
"STIMMBETEILIGUNG": "   60.39",
"AZ_GÜLTIGE_STIMMZETTEL": 84,
"AZ_JA_STIMMEN": 39
}
,
{
"GEMEINDE": "Bauma",
"BEZIRK": "Pfäffikon",
"STIMMBETEILIGUNG": "   68.79",
"AZ_GÜLTIGE_STIMMZETTEL": 511,
"AZ_JA_STIMMEN": 150
}
,
{
"GEMEINDE": "Fehraltorf",
"BEZIRK": "Pfäffikon",
"STIMMBETEILIGUNG": "   75.42",
"AZ_GÜLTIGE_STIMMZETTEL": 157,
"AZ_JA_STIMMEN": 73
}
,
{
"GEMEINDE": "Hittnau",
"BEZIRK": "Pfäffikon",
"STIMMBETEILIGUNG": "   82.39",
"AZ_GÜLTIGE_STIMMZETTEL": 219,
"AZ_JA_STIMMEN": 97
}
,
{
"GEMEINDE": "Illnau-Effretikon",
"BEZIRK": "Pfäffikon",
"STIMMBETEILIGUNG": "   72.12",
"AZ_GÜLTIGE_STIMMZETTEL": 521,
"AZ_JA_STIMMEN": 278
}
,
{
"GEMEINDE": "Lindau",
"BEZIRK": "Pfäffikon",
"STIMMBETEILIGUNG": "   71.78",
"AZ_GÜLTIGE_STIMMZETTEL": 239,
"AZ_JA_STIMMEN": 133
}
,
{
"GEMEINDE": "Pfäffikon",
"BEZIRK": "Pfäffikon",
"STIMMBETEILIGUNG": "   77.80",
"AZ_GÜLTIGE_STIMMZETTEL": 516,
"AZ_JA_STIMMEN": 291
}
,
{
"GEMEINDE": "Russikon",
"BEZIRK": "Pfäffikon",
"STIMMBETEILIGUNG": "   84.19",
"AZ_GÜLTIGE_STIMMZETTEL": 208,
"AZ_JA_STIMMEN": 84
}
,
{
"GEMEINDE": "Weisslingen",
"BEZIRK": "Pfäffikon",
"STIMMBETEILIGUNG": "   83.23",
"AZ_GÜLTIGE_STIMMZETTEL": 203,
"AZ_JA_STIMMEN": 83
}
,
{
"GEMEINDE": "Wila",
"BEZIRK": "Pfäffikon",
"STIMMBETEILIGUNG": "   74.19",
"AZ_GÜLTIGE_STIMMZETTEL": 121,
"AZ_JA_STIMMEN": 50
}
,
{
"GEMEINDE": "Wildberg",
"BEZIRK": "Pfäffikon",
"STIMMBETEILIGUNG": "   73.71",
"AZ_GÜLTIGE_STIMMZETTEL": 100,
"AZ_JA_STIMMEN": 42
}
,
{
"GEMEINDE": "Dübendorf",
"BEZIRK": "Uster",
"STIMMBETEILIGUNG": "   67.50",
"AZ_GÜLTIGE_STIMMZETTEL": 424,
"AZ_JA_STIMMEN": 227
}
,
{
"GEMEINDE": "Egg",
"BEZIRK": "Uster",
"STIMMBETEILIGUNG": "   76.85",
"AZ_GÜLTIGE_STIMMZETTEL": 376,
"AZ_JA_STIMMEN": 155
}
,
{
"GEMEINDE": "Fällanden",
"BEZIRK": "Uster",
"STIMMBETEILIGUNG": "   70.44",
"AZ_GÜLTIGE_STIMMZETTEL": 128,
"AZ_JA_STIMMEN": 55
}
,
{
"GEMEINDE": "Greifensee",
"BEZIRK": "Uster",
"STIMMBETEILIGUNG": "   83.33",
"AZ_GÜLTIGE_STIMMZETTEL": 57,
"AZ_JA_STIMMEN": 33
}
,
{
"GEMEINDE": "Maur",
"BEZIRK": "Uster",
"STIMMBETEILIGUNG": "   77.97",
"AZ_GÜLTIGE_STIMMZETTEL": 237,
"AZ_JA_STIMMEN": 80
}
,
{
"GEMEINDE": "Mönchaltorf",
"BEZIRK": "Uster",
"STIMMBETEILIGUNG": "   79.27",
"AZ_GÜLTIGE_STIMMZETTEL": 122,
"AZ_JA_STIMMEN": 54
}
,
{
"GEMEINDE": "Schwerzenbach",
"BEZIRK": "Uster",
"STIMMBETEILIGUNG": "   74.14",
"AZ_GÜLTIGE_STIMMZETTEL": 36,
"AZ_JA_STIMMEN": 25
}
,
{
"GEMEINDE": "Uster",
"BEZIRK": "Uster",
"STIMMBETEILIGUNG": "   58.63",
"AZ_GÜLTIGE_STIMMZETTEL": 1057,
"AZ_JA_STIMMEN": 569
}
,
{
"GEMEINDE": "Volketswil",
"BEZIRK": "Uster",
"STIMMBETEILIGUNG": "   87.56",
"AZ_GÜLTIGE_STIMMZETTEL": 297,
"AZ_JA_STIMMEN": 115
}
,
{
"GEMEINDE": "Wangen-Brüttisellen",
"BEZIRK": "Uster",
"STIMMBETEILIGUNG": "   84.54",
"AZ_GÜLTIGE_STIMMZETTEL": 215,
"AZ_JA_STIMMEN": 114
}
,
{
"GEMEINDE": "Altikon",
"BEZIRK": "Winterthur",
"STIMMBETEILIGUNG": "   78.81",
"AZ_GÜLTIGE_STIMMZETTEL": 70,
"AZ_JA_STIMMEN": 54
}
,
{
"GEMEINDE": "Brütten",
"BEZIRK": "Winterthur",
"STIMMBETEILIGUNG": "   82.95",
"AZ_GÜLTIGE_STIMMZETTEL": 76,
"AZ_JA_STIMMEN": 43
}
,
{
"GEMEINDE": "Dägerlen",
"BEZIRK": "Winterthur",
"STIMMBETEILIGUNG": "   91.73",
"AZ_GÜLTIGE_STIMMZETTEL": 100,
"AZ_JA_STIMMEN": 60
}
,
{
"GEMEINDE": "Dättlikon",
"BEZIRK": "Winterthur",
"STIMMBETEILIGUNG": "   85.23",
"AZ_GÜLTIGE_STIMMZETTEL": 66,
"AZ_JA_STIMMEN": 19
}
,
{
"GEMEINDE": "Dinhard",
"BEZIRK": "Winterthur",
"STIMMBETEILIGUNG": "   87.93",
"AZ_GÜLTIGE_STIMMZETTEL": 126,
"AZ_JA_STIMMEN": 85
}
,
{
"GEMEINDE": "Elgg",
"BEZIRK": "Winterthur",
"STIMMBETEILIGUNG": "   78.61",
"AZ_GÜLTIGE_STIMMZETTEL": 273,
"AZ_JA_STIMMEN": 157
}
,
{
"GEMEINDE": "Ellikon a.d.Th.",
"BEZIRK": "Winterthur",
"STIMMBETEILIGUNG": "   82.14",
"AZ_GÜLTIGE_STIMMZETTEL": 56,
"AZ_JA_STIMMEN": 26
}
,
{
"GEMEINDE": "Elsau",
"BEZIRK": "Winterthur",
"STIMMBETEILIGUNG": "   85.19",
"AZ_GÜLTIGE_STIMMZETTEL": 189,
"AZ_JA_STIMMEN": 130
}
,
{
"GEMEINDE": "Hagenbuch",
"BEZIRK": "Winterthur",
"STIMMBETEILIGUNG": "   77.78",
"AZ_GÜLTIGE_STIMMZETTEL": 90,
"AZ_JA_STIMMEN": 54
}
,
{
"GEMEINDE": "Hettlingen",
"BEZIRK": "Winterthur",
"STIMMBETEILIGUNG": "   80.00",
"AZ_GÜLTIGE_STIMMZETTEL": 84,
"AZ_JA_STIMMEN": 36
}
,
{
"GEMEINDE": "Hofstetten",
"BEZIRK": "Winterthur",
"STIMMBETEILIGUNG": "   94.57",
"AZ_GÜLTIGE_STIMMZETTEL": 103,
"AZ_JA_STIMMEN": 36
}
,
{
"GEMEINDE": "Neftenbach",
"BEZIRK": "Winterthur",
"STIMMBETEILIGUNG": "   68.84",
"AZ_GÜLTIGE_STIMMZETTEL": 276,
"AZ_JA_STIMMEN": 139
}
,
{
"GEMEINDE": "Pfungen",
"BEZIRK": "Winterthur",
"STIMMBETEILIGUNG": "   79.91",
"AZ_GÜLTIGE_STIMMZETTEL": 145,
"AZ_JA_STIMMEN": 66
}
,
{
"GEMEINDE": "Rickenbach",
"BEZIRK": "Winterthur",
"STIMMBETEILIGUNG": "   84.55",
"AZ_GÜLTIGE_STIMMZETTEL": 78,
"AZ_JA_STIMMEN": 48
}
,
{
"GEMEINDE": "Schlatt",
"BEZIRK": "Winterthur",
"STIMMBETEILIGUNG": "   79.23",
"AZ_GÜLTIGE_STIMMZETTEL": 82,
"AZ_JA_STIMMEN": 48
}
,
{
"GEMEINDE": "Seuzach",
"BEZIRK": "Winterthur",
"STIMMBETEILIGUNG": "   82.44",
"AZ_GÜLTIGE_STIMMZETTEL": 203,
"AZ_JA_STIMMEN": 124
}
,
{
"GEMEINDE": "Turbenthal",
"BEZIRK": "Winterthur",
"STIMMBETEILIGUNG": "   81.44",
"AZ_GÜLTIGE_STIMMZETTEL": 387,
"AZ_JA_STIMMEN": 158
}
,
{
"GEMEINDE": "Wiesendangen",
"BEZIRK": "Winterthur",
"STIMMBETEILIGUNG": "   86.76",
"AZ_GÜLTIGE_STIMMZETTEL": 291,
"AZ_JA_STIMMEN": 167
}
,
{
"GEMEINDE": "Winterthur",
"BEZIRK": "Winterthur",
"STIMMBETEILIGUNG": "   78.81",
"AZ_GÜLTIGE_STIMMZETTEL": 7956,
"AZ_JA_STIMMEN": 6230
}
,
{
"GEMEINDE": "Zell",
"BEZIRK": "Winterthur",
"STIMMBETEILIGUNG": "   75.63",
"AZ_GÜLTIGE_STIMMZETTEL": 288,
"AZ_JA_STIMMEN": 149
}
,
{
"GEMEINDE": "Zürich",
"BEZIRK": "Zürich",
"STIMMBETEILIGUNG": "   72.18",
"AZ_GÜLTIGE_STIMMZETTEL": 27567,
"AZ_JA_STIMMEN": 22674
}
]
