[
{
"GEMEINDE": "Aeugst a.A.",
"BEZIRK": "Affoltern",
"STIMMBETEILIGUNG": "   50.43",
"AZ_GÜLTIGE_STIMMZETTEL": 465,
"AZ_JA_STIMMEN": 158
}
,
{
"GEMEINDE": "Affoltern a.A.",
"BEZIRK": "Affoltern",
"STIMMBETEILIGUNG": "   45.26",
"AZ_GÜLTIGE_STIMMZETTEL": 2531,
"AZ_JA_STIMMEN": 719
}
,
{
"GEMEINDE": "Bonstetten",
"BEZIRK": "Affoltern",
"STIMMBETEILIGUNG": "   54.32",
"AZ_GÜLTIGE_STIMMZETTEL": 1147,
"AZ_JA_STIMMEN": 344
}
,
{
"GEMEINDE": "Hausen a.A.",
"BEZIRK": "Affoltern",
"STIMMBETEILIGUNG": "   51.80",
"AZ_GÜLTIGE_STIMMZETTEL": 961,
"AZ_JA_STIMMEN": 293
}
,
{
"GEMEINDE": "Hedingen",
"BEZIRK": "Affoltern",
"STIMMBETEILIGUNG": "   47.28",
"AZ_GÜLTIGE_STIMMZETTEL": 745,
"AZ_JA_STIMMEN": 230
}
,
{
"GEMEINDE": "Kappel a.A.",
"BEZIRK": "Affoltern",
"STIMMBETEILIGUNG": "   56.92",
"AZ_GÜLTIGE_STIMMZETTEL": 321,
"AZ_JA_STIMMEN": 86
}
,
{
"GEMEINDE": "Knonau",
"BEZIRK": "Affoltern",
"STIMMBETEILIGUNG": "   69.01",
"AZ_GÜLTIGE_STIMMZETTEL": 524,
"AZ_JA_STIMMEN": 150
}
,
{
"GEMEINDE": "Maschwanden",
"BEZIRK": "Affoltern",
"STIMMBETEILIGUNG": "   55.07",
"AZ_GÜLTIGE_STIMMZETTEL": 198,
"AZ_JA_STIMMEN": 83
}
,
{
"GEMEINDE": "Mettmenstetten",
"BEZIRK": "Affoltern",
"STIMMBETEILIGUNG": "   53.57",
"AZ_GÜLTIGE_STIMMZETTEL": 1077,
"AZ_JA_STIMMEN": 352
}
,
{
"GEMEINDE": "Obfelden",
"BEZIRK": "Affoltern",
"STIMMBETEILIGUNG": "   43.16",
"AZ_GÜLTIGE_STIMMZETTEL": 1090,
"AZ_JA_STIMMEN": 321
}
,
{
"GEMEINDE": "Ottenbach",
"BEZIRK": "Affoltern",
"STIMMBETEILIGUNG": "   47.49",
"AZ_GÜLTIGE_STIMMZETTEL": 699,
"AZ_JA_STIMMEN": 178
}
,
{
"GEMEINDE": "Rifferswil",
"BEZIRK": "Affoltern",
"STIMMBETEILIGUNG": "   69.57",
"AZ_GÜLTIGE_STIMMZETTEL": 319,
"AZ_JA_STIMMEN": 131
}
,
{
"GEMEINDE": "Stallikon",
"BEZIRK": "Affoltern",
"STIMMBETEILIGUNG": "   46.90",
"AZ_GÜLTIGE_STIMMZETTEL": 763,
"AZ_JA_STIMMEN": 176
}
,
{
"GEMEINDE": "Wettswil a.A.",
"BEZIRK": "Affoltern",
"STIMMBETEILIGUNG": "   56.58",
"AZ_GÜLTIGE_STIMMZETTEL": 1413,
"AZ_JA_STIMMEN": 418
}
,
{
"GEMEINDE": "Adlikon",
"BEZIRK": "Andelfingen",
"STIMMBETEILIGUNG": "   76.01",
"AZ_GÜLTIGE_STIMMZETTEL": 296,
"AZ_JA_STIMMEN": 61
}
,
{
"GEMEINDE": "Andelfingen",
"BEZIRK": "Andelfingen",
"STIMMBETEILIGUNG": "   65.54",
"AZ_GÜLTIGE_STIMMZETTEL": 726,
"AZ_JA_STIMMEN": 166
}
,
{
"GEMEINDE": "Benken",
"BEZIRK": "Andelfingen",
"STIMMBETEILIGUNG": "   67.97",
"AZ_GÜLTIGE_STIMMZETTEL": 305,
"AZ_JA_STIMMEN": 37
}
,
{
"GEMEINDE": "Berg a.I.",
"BEZIRK": "Andelfingen",
"STIMMBETEILIGUNG": "   69.43",
"AZ_GÜLTIGE_STIMMZETTEL": 239,
"AZ_JA_STIMMEN": 47
}
,
{
"GEMEINDE": "Buch a.I.",
"BEZIRK": "Andelfingen",
"STIMMBETEILIGUNG": "   65.46",
"AZ_GÜLTIGE_STIMMZETTEL": 287,
"AZ_JA_STIMMEN": 71
}
,
{
"GEMEINDE": "Dachsen",
"BEZIRK": "Andelfingen",
"STIMMBETEILIGUNG": "   56.12",
"AZ_GÜLTIGE_STIMMZETTEL": 493,
"AZ_JA_STIMMEN": 115
}
,
{
"GEMEINDE": "Dorf",
"BEZIRK": "Andelfingen",
"STIMMBETEILIGUNG": "   70.83",
"AZ_GÜLTIGE_STIMMZETTEL": 233,
"AZ_JA_STIMMEN": 44
}
,
{
"GEMEINDE": "Feuerthalen",
"BEZIRK": "Andelfingen",
"STIMMBETEILIGUNG": "   51.08",
"AZ_GÜLTIGE_STIMMZETTEL": 967,
"AZ_JA_STIMMEN": 225
}
,
{
"GEMEINDE": "Flaach",
"BEZIRK": "Andelfingen",
"STIMMBETEILIGUNG": "   60.42",
"AZ_GÜLTIGE_STIMMZETTEL": 424,
"AZ_JA_STIMMEN": 70
}
,
{
"GEMEINDE": "Flurlingen",
"BEZIRK": "Andelfingen",
"STIMMBETEILIGUNG": "   63.92",
"AZ_GÜLTIGE_STIMMZETTEL": 540,
"AZ_JA_STIMMEN": 136
}
,
{
"GEMEINDE": "Henggart",
"BEZIRK": "Andelfingen",
"STIMMBETEILIGUNG": "   66.60",
"AZ_GÜLTIGE_STIMMZETTEL": 630,
"AZ_JA_STIMMEN": 140
}
,
{
"GEMEINDE": "Humlikon",
"BEZIRK": "Andelfingen",
"STIMMBETEILIGUNG": "   69.62",
"AZ_GÜLTIGE_STIMMZETTEL": 179,
"AZ_JA_STIMMEN": 32
}
,
{
"GEMEINDE": "Kleinandelfingen",
"BEZIRK": "Andelfingen",
"STIMMBETEILIGUNG": "   61.20",
"AZ_GÜLTIGE_STIMMZETTEL": 629,
"AZ_JA_STIMMEN": 136
}
,
{
"GEMEINDE": "Laufen-Uhwiesen",
"BEZIRK": "Andelfingen",
"STIMMBETEILIGUNG": "   57.93",
"AZ_GÜLTIGE_STIMMZETTEL": 598,
"AZ_JA_STIMMEN": 115
}
,
{
"GEMEINDE": "Marthalen",
"BEZIRK": "Andelfingen",
"STIMMBETEILIGUNG": "   57.22",
"AZ_GÜLTIGE_STIMMZETTEL": 669,
"AZ_JA_STIMMEN": 161
}
,
{
"GEMEINDE": "Oberstammheim",
"BEZIRK": "Andelfingen",
"STIMMBETEILIGUNG": "   69.46",
"AZ_GÜLTIGE_STIMMZETTEL": 483,
"AZ_JA_STIMMEN": 88
}
,
{
"GEMEINDE": "Ossingen",
"BEZIRK": "Andelfingen",
"STIMMBETEILIGUNG": "   60.46",
"AZ_GÜLTIGE_STIMMZETTEL": 521,
"AZ_JA_STIMMEN": 99
}
,
{
"GEMEINDE": "Rheinau",
"BEZIRK": "Andelfingen",
"STIMMBETEILIGUNG": "   55.99",
"AZ_GÜLTIGE_STIMMZETTEL": 427,
"AZ_JA_STIMMEN": 112
}
,
{
"GEMEINDE": "Thalheim a.d.Th.",
"BEZIRK": "Andelfingen",
"STIMMBETEILIGUNG": "   57.21",
"AZ_GÜLTIGE_STIMMZETTEL": 248,
"AZ_JA_STIMMEN": 50
}
,
{
"GEMEINDE": "Trüllikon",
"BEZIRK": "Andelfingen",
"STIMMBETEILIGUNG": "   57.32",
"AZ_GÜLTIGE_STIMMZETTEL": 416,
"AZ_JA_STIMMEN": 87
}
,
{
"GEMEINDE": "Truttikon",
"BEZIRK": "Andelfingen",
"STIMMBETEILIGUNG": "   76.58",
"AZ_GÜLTIGE_STIMMZETTEL": 195,
"AZ_JA_STIMMEN": 34
}
,
{
"GEMEINDE": "Unterstammheim",
"BEZIRK": "Andelfingen",
"STIMMBETEILIGUNG": "   53.45",
"AZ_GÜLTIGE_STIMMZETTEL": 317,
"AZ_JA_STIMMEN": 66
}
,
{
"GEMEINDE": "Volken",
"BEZIRK": "Andelfingen",
"STIMMBETEILIGUNG": "   69.10",
"AZ_GÜLTIGE_STIMMZETTEL": 120,
"AZ_JA_STIMMEN": 18
}
,
{
"GEMEINDE": "Waltalingen",
"BEZIRK": "Andelfingen",
"STIMMBETEILIGUNG": "   60.66",
"AZ_GÜLTIGE_STIMMZETTEL": 231,
"AZ_JA_STIMMEN": 46
}
,
{
"GEMEINDE": "Bachenbülach",
"BEZIRK": "Bülach",
"STIMMBETEILIGUNG": "   43.75",
"AZ_GÜLTIGE_STIMMZETTEL": 703,
"AZ_JA_STIMMEN": 186
}
,
{
"GEMEINDE": "Bassersdorf",
"BEZIRK": "Bülach",
"STIMMBETEILIGUNG": "   45.27",
"AZ_GÜLTIGE_STIMMZETTEL": 1966,
"AZ_JA_STIMMEN": 623
}
,
{
"GEMEINDE": "Bülach",
"BEZIRK": "Bülach",
"STIMMBETEILIGUNG": "   46.86",
"AZ_GÜLTIGE_STIMMZETTEL": 4021,
"AZ_JA_STIMMEN": 1182
}
,
{
"GEMEINDE": "Dietlikon",
"BEZIRK": "Bülach",
"STIMMBETEILIGUNG": "   45.27",
"AZ_GÜLTIGE_STIMMZETTEL": 1699,
"AZ_JA_STIMMEN": 521
}
,
{
"GEMEINDE": "Eglisau",
"BEZIRK": "Bülach",
"STIMMBETEILIGUNG": "   54.20",
"AZ_GÜLTIGE_STIMMZETTEL": 983,
"AZ_JA_STIMMEN": 320
}
,
{
"GEMEINDE": "Embrach",
"BEZIRK": "Bülach",
"STIMMBETEILIGUNG": "   40.98",
"AZ_GÜLTIGE_STIMMZETTEL": 1753,
"AZ_JA_STIMMEN": 468
}
,
{
"GEMEINDE": "Freienstein-Teufen",
"BEZIRK": "Bülach",
"STIMMBETEILIGUNG": "   52.59",
"AZ_GÜLTIGE_STIMMZETTEL": 650,
"AZ_JA_STIMMEN": 167
}
,
{
"GEMEINDE": "Glattfelden",
"BEZIRK": "Bülach",
"STIMMBETEILIGUNG": "   43.10",
"AZ_GÜLTIGE_STIMMZETTEL": 860,
"AZ_JA_STIMMEN": 228
}
,
{
"GEMEINDE": "Hochfelden",
"BEZIRK": "Bülach",
"STIMMBETEILIGUNG": "   42.69",
"AZ_GÜLTIGE_STIMMZETTEL": 326,
"AZ_JA_STIMMEN": 96
}
,
{
"GEMEINDE": "Höri",
"BEZIRK": "Bülach",
"STIMMBETEILIGUNG": "   43.46",
"AZ_GÜLTIGE_STIMMZETTEL": 431,
"AZ_JA_STIMMEN": 87
}
,
{
"GEMEINDE": "Hüntwangen",
"BEZIRK": "Bülach",
"STIMMBETEILIGUNG": "   51.40",
"AZ_GÜLTIGE_STIMMZETTEL": 271,
"AZ_JA_STIMMEN": 64
}
,
{
"GEMEINDE": "Kloten",
"BEZIRK": "Bülach",
"STIMMBETEILIGUNG": "   42.06",
"AZ_GÜLTIGE_STIMMZETTEL": 4127,
"AZ_JA_STIMMEN": 1125
}
,
{
"GEMEINDE": "Lufingen",
"BEZIRK": "Bülach",
"STIMMBETEILIGUNG": "   53.34",
"AZ_GÜLTIGE_STIMMZETTEL": 400,
"AZ_JA_STIMMEN": 76
}
,
{
"GEMEINDE": "Nürensdorf",
"BEZIRK": "Bülach",
"STIMMBETEILIGUNG": "   50.59",
"AZ_GÜLTIGE_STIMMZETTEL": 1446,
"AZ_JA_STIMMEN": 343
}
,
{
"GEMEINDE": "Oberembrach",
"BEZIRK": "Bülach",
"STIMMBETEILIGUNG": "   50.95",
"AZ_GÜLTIGE_STIMMZETTEL": 341,
"AZ_JA_STIMMEN": 82
}
,
{
"GEMEINDE": "Opfikon",
"BEZIRK": "Bülach",
"STIMMBETEILIGUNG": "   39.17",
"AZ_GÜLTIGE_STIMMZETTEL": 2801,
"AZ_JA_STIMMEN": 712
}
,
{
"GEMEINDE": "Rafz",
"BEZIRK": "Bülach",
"STIMMBETEILIGUNG": "   51.98",
"AZ_GÜLTIGE_STIMMZETTEL": 921,
"AZ_JA_STIMMEN": 232
}
,
{
"GEMEINDE": "Rorbas",
"BEZIRK": "Bülach",
"STIMMBETEILIGUNG": "   44.22",
"AZ_GÜLTIGE_STIMMZETTEL": 577,
"AZ_JA_STIMMEN": 147
}
,
{
"GEMEINDE": "Wallisellen",
"BEZIRK": "Bülach",
"STIMMBETEILIGUNG": "   49.40",
"AZ_GÜLTIGE_STIMMZETTEL": 3752,
"AZ_JA_STIMMEN": 1113
}
,
{
"GEMEINDE": "Wasterkingen",
"BEZIRK": "Bülach",
"STIMMBETEILIGUNG": "   58.53",
"AZ_GÜLTIGE_STIMMZETTEL": 218,
"AZ_JA_STIMMEN": 51
}
,
{
"GEMEINDE": "Wil",
"BEZIRK": "Bülach",
"STIMMBETEILIGUNG": "   51.41",
"AZ_GÜLTIGE_STIMMZETTEL": 436,
"AZ_JA_STIMMEN": 105
}
,
{
"GEMEINDE": "Winkel",
"BEZIRK": "Bülach",
"STIMMBETEILIGUNG": "   47.96",
"AZ_GÜLTIGE_STIMMZETTEL": 821,
"AZ_JA_STIMMEN": 204
}
,
{
"GEMEINDE": "Bachs",
"BEZIRK": "Dielsdorf",
"STIMMBETEILIGUNG": "   58.73",
"AZ_GÜLTIGE_STIMMZETTEL": 226,
"AZ_JA_STIMMEN": 44
}
,
{
"GEMEINDE": "Boppelsen",
"BEZIRK": "Dielsdorf",
"STIMMBETEILIGUNG": "   51.91",
"AZ_GÜLTIGE_STIMMZETTEL": 309,
"AZ_JA_STIMMEN": 84
}
,
{
"GEMEINDE": "Buchs",
"BEZIRK": "Dielsdorf",
"STIMMBETEILIGUNG": "   38.22",
"AZ_GÜLTIGE_STIMMZETTEL": 903,
"AZ_JA_STIMMEN": 225
}
,
{
"GEMEINDE": "Dällikon",
"BEZIRK": "Dielsdorf",
"STIMMBETEILIGUNG": "   40.44",
"AZ_GÜLTIGE_STIMMZETTEL": 666,
"AZ_JA_STIMMEN": 137
}
,
{
"GEMEINDE": "Dänikon",
"BEZIRK": "Dielsdorf",
"STIMMBETEILIGUNG": "   43.95",
"AZ_GÜLTIGE_STIMMZETTEL": 358,
"AZ_JA_STIMMEN": 97
}
,
{
"GEMEINDE": "Dielsdorf",
"BEZIRK": "Dielsdorf",
"STIMMBETEILIGUNG": "   44.38",
"AZ_GÜLTIGE_STIMMZETTEL": 1211,
"AZ_JA_STIMMEN": 320
}
,
{
"GEMEINDE": "Hüttikon",
"BEZIRK": "Dielsdorf",
"STIMMBETEILIGUNG": "   51.33",
"AZ_GÜLTIGE_STIMMZETTEL": 150,
"AZ_JA_STIMMEN": 31
}
,
{
"GEMEINDE": "Neerach",
"BEZIRK": "Dielsdorf",
"STIMMBETEILIGUNG": "   47.17",
"AZ_GÜLTIGE_STIMMZETTEL": 646,
"AZ_JA_STIMMEN": 160
}
,
{
"GEMEINDE": "Niederglatt",
"BEZIRK": "Dielsdorf",
"STIMMBETEILIGUNG": "   43.88",
"AZ_GÜLTIGE_STIMMZETTEL": 970,
"AZ_JA_STIMMEN": 220
}
,
{
"GEMEINDE": "Niederhasli",
"BEZIRK": "Dielsdorf",
"STIMMBETEILIGUNG": "   41.98",
"AZ_GÜLTIGE_STIMMZETTEL": 1563,
"AZ_JA_STIMMEN": 334
}
,
{
"GEMEINDE": "Niederweningen",
"BEZIRK": "Dielsdorf",
"STIMMBETEILIGUNG": "   56.39",
"AZ_GÜLTIGE_STIMMZETTEL": 614,
"AZ_JA_STIMMEN": 176
}
,
{
"GEMEINDE": "Oberglatt",
"BEZIRK": "Dielsdorf",
"STIMMBETEILIGUNG": "   38.76",
"AZ_GÜLTIGE_STIMMZETTEL": 1021,
"AZ_JA_STIMMEN": 286
}
,
{
"GEMEINDE": "Oberweningen",
"BEZIRK": "Dielsdorf",
"STIMMBETEILIGUNG": "   55.32",
"AZ_GÜLTIGE_STIMMZETTEL": 434,
"AZ_JA_STIMMEN": 99
}
,
{
"GEMEINDE": "Otelfingen",
"BEZIRK": "Dielsdorf",
"STIMMBETEILIGUNG": "   50.14",
"AZ_GÜLTIGE_STIMMZETTEL": 516,
"AZ_JA_STIMMEN": 152
}
,
{
"GEMEINDE": "Regensberg",
"BEZIRK": "Dielsdorf",
"STIMMBETEILIGUNG": "   51.87",
"AZ_GÜLTIGE_STIMMZETTEL": 192,
"AZ_JA_STIMMEN": 45
}
,
{
"GEMEINDE": "Regensdorf",
"BEZIRK": "Dielsdorf",
"STIMMBETEILIGUNG": "   38.97",
"AZ_GÜLTIGE_STIMMZETTEL": 3089,
"AZ_JA_STIMMEN": 739
}
,
{
"GEMEINDE": "Rümlang",
"BEZIRK": "Dielsdorf",
"STIMMBETEILIGUNG": "   42.33",
"AZ_GÜLTIGE_STIMMZETTEL": 1438,
"AZ_JA_STIMMEN": 410
}
,
{
"GEMEINDE": "Schleinikon",
"BEZIRK": "Dielsdorf",
"STIMMBETEILIGUNG": "   52.80",
"AZ_GÜLTIGE_STIMMZETTEL": 215,
"AZ_JA_STIMMEN": 62
}
,
{
"GEMEINDE": "Schöfflisdorf",
"BEZIRK": "Dielsdorf",
"STIMMBETEILIGUNG": "   51.50",
"AZ_GÜLTIGE_STIMMZETTEL": 389,
"AZ_JA_STIMMEN": 107
}
,
{
"GEMEINDE": "Stadel",
"BEZIRK": "Dielsdorf",
"STIMMBETEILIGUNG": "   48.89",
"AZ_GÜLTIGE_STIMMZETTEL": 523,
"AZ_JA_STIMMEN": 113
}
,
{
"GEMEINDE": "Steinmaur",
"BEZIRK": "Dielsdorf",
"STIMMBETEILIGUNG": "   47.37",
"AZ_GÜLTIGE_STIMMZETTEL": 839,
"AZ_JA_STIMMEN": 240
}
,
{
"GEMEINDE": "Weiach",
"BEZIRK": "Dielsdorf",
"STIMMBETEILIGUNG": "   53.86",
"AZ_GÜLTIGE_STIMMZETTEL": 286,
"AZ_JA_STIMMEN": 71
}
,
{
"GEMEINDE": "Aesch",
"BEZIRK": "Dietikon",
"STIMMBETEILIGUNG": "   57.53",
"AZ_GÜLTIGE_STIMMZETTEL": 413,
"AZ_JA_STIMMEN": 105
}
,
{
"GEMEINDE": "Birmensdorf",
"BEZIRK": "Dietikon",
"STIMMBETEILIGUNG": "   48.17",
"AZ_GÜLTIGE_STIMMZETTEL": 1623,
"AZ_JA_STIMMEN": 416
}
,
{
"GEMEINDE": "Dietikon",
"BEZIRK": "Dietikon",
"STIMMBETEILIGUNG": "   41.34",
"AZ_GÜLTIGE_STIMMZETTEL": 4978,
"AZ_JA_STIMMEN": 1346
}
,
{
"GEMEINDE": "Geroldswil",
"BEZIRK": "Dietikon",
"STIMMBETEILIGUNG": "   44.02",
"AZ_GÜLTIGE_STIMMZETTEL": 1361,
"AZ_JA_STIMMEN": 289
}
,
{
"GEMEINDE": "Oberengstringen",
"BEZIRK": "Dietikon",
"STIMMBETEILIGUNG": "   43.90",
"AZ_GÜLTIGE_STIMMZETTEL": 1761,
"AZ_JA_STIMMEN": 505
}
,
{
"GEMEINDE": "Oetwil a.d.L",
"BEZIRK": "Dietikon",
"STIMMBETEILIGUNG": "   45.23",
"AZ_GÜLTIGE_STIMMZETTEL": 700,
"AZ_JA_STIMMEN": 150
}
,
{
"GEMEINDE": "Schlieren",
"BEZIRK": "Dietikon",
"STIMMBETEILIGUNG": "   43.44",
"AZ_GÜLTIGE_STIMMZETTEL": 3250,
"AZ_JA_STIMMEN": 926
}
,
{
"GEMEINDE": "Uitikon",
"BEZIRK": "Dietikon",
"STIMMBETEILIGUNG": "   53.86",
"AZ_GÜLTIGE_STIMMZETTEL": 1253,
"AZ_JA_STIMMEN": 330
}
,
{
"GEMEINDE": "Unterengstringen",
"BEZIRK": "Dietikon",
"STIMMBETEILIGUNG": "   48.81",
"AZ_GÜLTIGE_STIMMZETTEL": 906,
"AZ_JA_STIMMEN": 211
}
,
{
"GEMEINDE": "Urdorf",
"BEZIRK": "Dietikon",
"STIMMBETEILIGUNG": "   42.47",
"AZ_GÜLTIGE_STIMMZETTEL": 2335,
"AZ_JA_STIMMEN": 732
}
,
{
"GEMEINDE": "Weiningen",
"BEZIRK": "Dietikon",
"STIMMBETEILIGUNG": "   43.99",
"AZ_GÜLTIGE_STIMMZETTEL": 1009,
"AZ_JA_STIMMEN": 219
}
,
{
"GEMEINDE": "Bäretswil",
"BEZIRK": "Hinwil",
"STIMMBETEILIGUNG": "   49.78",
"AZ_GÜLTIGE_STIMMZETTEL": 1305,
"AZ_JA_STIMMEN": 390
}
,
{
"GEMEINDE": "Bubikon",
"BEZIRK": "Hinwil",
"STIMMBETEILIGUNG": "   47.74",
"AZ_GÜLTIGE_STIMMZETTEL": 1493,
"AZ_JA_STIMMEN": 505
}
,
{
"GEMEINDE": "Dürnten",
"BEZIRK": "Hinwil",
"STIMMBETEILIGUNG": "   44.02",
"AZ_GÜLTIGE_STIMMZETTEL": 1663,
"AZ_JA_STIMMEN": 503
}
,
{
"GEMEINDE": "Fischenthal",
"BEZIRK": "Hinwil",
"STIMMBETEILIGUNG": "   45.43",
"AZ_GÜLTIGE_STIMMZETTEL": 537,
"AZ_JA_STIMMEN": 137
}
,
{
"GEMEINDE": "Gossau",
"BEZIRK": "Hinwil",
"STIMMBETEILIGUNG": "   47.08",
"AZ_GÜLTIGE_STIMMZETTEL": 2404,
"AZ_JA_STIMMEN": 730
}
,
{
"GEMEINDE": "Grüningen",
"BEZIRK": "Hinwil",
"STIMMBETEILIGUNG": "   51.91",
"AZ_GÜLTIGE_STIMMZETTEL": 868,
"AZ_JA_STIMMEN": 251
}
,
{
"GEMEINDE": "Hinwil",
"BEZIRK": "Hinwil",
"STIMMBETEILIGUNG": "   48.50",
"AZ_GÜLTIGE_STIMMZETTEL": 2784,
"AZ_JA_STIMMEN": 754
}
,
{
"GEMEINDE": "Rüti",
"BEZIRK": "Hinwil",
"STIMMBETEILIGUNG": "   50.33",
"AZ_GÜLTIGE_STIMMZETTEL": 3276,
"AZ_JA_STIMMEN": 1002
}
,
{
"GEMEINDE": "Seegräben",
"BEZIRK": "Hinwil",
"STIMMBETEILIGUNG": "   65.71",
"AZ_GÜLTIGE_STIMMZETTEL": 465,
"AZ_JA_STIMMEN": 170
}
,
{
"GEMEINDE": "Wald",
"BEZIRK": "Hinwil",
"STIMMBETEILIGUNG": "   45.27",
"AZ_GÜLTIGE_STIMMZETTEL": 2216,
"AZ_JA_STIMMEN": 604
}
,
{
"GEMEINDE": "Wetzikon",
"BEZIRK": "Hinwil",
"STIMMBETEILIGUNG": "   43.05",
"AZ_GÜLTIGE_STIMMZETTEL": 4543,
"AZ_JA_STIMMEN": 1385
}
,
{
"GEMEINDE": "Adliswil",
"BEZIRK": "Horgen",
"STIMMBETEILIGUNG": "   45.06",
"AZ_GÜLTIGE_STIMMZETTEL": 4681,
"AZ_JA_STIMMEN": 1244
}
,
{
"GEMEINDE": "Hirzel",
"BEZIRK": "Horgen",
"STIMMBETEILIGUNG": "   54.24",
"AZ_GÜLTIGE_STIMMZETTEL": 663,
"AZ_JA_STIMMEN": 193
}
,
{
"GEMEINDE": "Horgen",
"BEZIRK": "Horgen",
"STIMMBETEILIGUNG": "   50.02",
"AZ_GÜLTIGE_STIMMZETTEL": 5147,
"AZ_JA_STIMMEN": 1503
}
,
{
"GEMEINDE": "Hütten",
"BEZIRK": "Horgen",
"STIMMBETEILIGUNG": "   44.42",
"AZ_GÜLTIGE_STIMMZETTEL": 243,
"AZ_JA_STIMMEN": 59
}
,
{
"GEMEINDE": "Kilchberg",
"BEZIRK": "Horgen",
"STIMMBETEILIGUNG": "   56.69",
"AZ_GÜLTIGE_STIMMZETTEL": 2818,
"AZ_JA_STIMMEN": 739
}
,
{
"GEMEINDE": "Langnau a.A.",
"BEZIRK": "Horgen",
"STIMMBETEILIGUNG": "   52.67",
"AZ_GÜLTIGE_STIMMZETTEL": 2322,
"AZ_JA_STIMMEN": 600
}
,
{
"GEMEINDE": "Oberrieden",
"BEZIRK": "Horgen",
"STIMMBETEILIGUNG": "   57.06",
"AZ_GÜLTIGE_STIMMZETTEL": 1802,
"AZ_JA_STIMMEN": 513
}
,
{
"GEMEINDE": "Richterswil",
"BEZIRK": "Horgen",
"STIMMBETEILIGUNG": "   60.84",
"AZ_GÜLTIGE_STIMMZETTEL": 3837,
"AZ_JA_STIMMEN": 1156
}
,
{
"GEMEINDE": "Rüschlikon",
"BEZIRK": "Horgen",
"STIMMBETEILIGUNG": "   54.20",
"AZ_GÜLTIGE_STIMMZETTEL": 1783,
"AZ_JA_STIMMEN": 485
}
,
{
"GEMEINDE": "Schönenberg",
"BEZIRK": "Horgen",
"STIMMBETEILIGUNG": "   53.41",
"AZ_GÜLTIGE_STIMMZETTEL": 647,
"AZ_JA_STIMMEN": 159
}
,
{
"GEMEINDE": "Thalwil",
"BEZIRK": "Horgen",
"STIMMBETEILIGUNG": "   47.56",
"AZ_GÜLTIGE_STIMMZETTEL": 4876,
"AZ_JA_STIMMEN": 1538
}
,
{
"GEMEINDE": "Wädenswil",
"BEZIRK": "Horgen",
"STIMMBETEILIGUNG": "   49.98",
"AZ_GÜLTIGE_STIMMZETTEL": 6136,
"AZ_JA_STIMMEN": 1905
}
,
{
"GEMEINDE": "Erlenbach",
"BEZIRK": "Meilen",
"STIMMBETEILIGUNG": "   51.40",
"AZ_GÜLTIGE_STIMMZETTEL": 1538,
"AZ_JA_STIMMEN": 449
}
,
{
"GEMEINDE": "Herrliberg",
"BEZIRK": "Meilen",
"STIMMBETEILIGUNG": "   54.07",
"AZ_GÜLTIGE_STIMMZETTEL": 1863,
"AZ_JA_STIMMEN": 498
}
,
{
"GEMEINDE": "Hombrechtikon",
"BEZIRK": "Meilen",
"STIMMBETEILIGUNG": "   47.72",
"AZ_GÜLTIGE_STIMMZETTEL": 2148,
"AZ_JA_STIMMEN": 672
}
,
{
"GEMEINDE": "Küsnacht",
"BEZIRK": "Meilen",
"STIMMBETEILIGUNG": "   60.65",
"AZ_GÜLTIGE_STIMMZETTEL": 5362,
"AZ_JA_STIMMEN": 1515
}
,
{
"GEMEINDE": "Männedorf",
"BEZIRK": "Meilen",
"STIMMBETEILIGUNG": "   55.64",
"AZ_GÜLTIGE_STIMMZETTEL": 2880,
"AZ_JA_STIMMEN": 997
}
,
{
"GEMEINDE": "Meilen",
"BEZIRK": "Meilen",
"STIMMBETEILIGUNG": "   55.36",
"AZ_GÜLTIGE_STIMMZETTEL": 4164,
"AZ_JA_STIMMEN": 1268
}
,
{
"GEMEINDE": "Oetwil a.S.",
"BEZIRK": "Meilen",
"STIMMBETEILIGUNG": "   42.85",
"AZ_GÜLTIGE_STIMMZETTEL": 847,
"AZ_JA_STIMMEN": 245
}
,
{
"GEMEINDE": "Stäfa",
"BEZIRK": "Meilen",
"STIMMBETEILIGUNG": "   49.88",
"AZ_GÜLTIGE_STIMMZETTEL": 3624,
"AZ_JA_STIMMEN": 1231
}
,
{
"GEMEINDE": "Uetikon a.S.",
"BEZIRK": "Meilen",
"STIMMBETEILIGUNG": "   56.35",
"AZ_GÜLTIGE_STIMMZETTEL": 1391,
"AZ_JA_STIMMEN": 453
}
,
{
"GEMEINDE": "Zollikon",
"BEZIRK": "Meilen",
"STIMMBETEILIGUNG": "   53.59",
"AZ_GÜLTIGE_STIMMZETTEL": 4477,
"AZ_JA_STIMMEN": 1412
}
,
{
"GEMEINDE": "Zumikon",
"BEZIRK": "Meilen",
"STIMMBETEILIGUNG": "   61.81",
"AZ_GÜLTIGE_STIMMZETTEL": 2015,
"AZ_JA_STIMMEN": 501
}
,
{
"GEMEINDE": "Bauma",
"BEZIRK": "Pfäffikon",
"STIMMBETEILIGUNG": "   48.11",
"AZ_GÜLTIGE_STIMMZETTEL": 1370,
"AZ_JA_STIMMEN": 390
}
,
{
"GEMEINDE": "Fehraltorf",
"BEZIRK": "Pfäffikon",
"STIMMBETEILIGUNG": "   49.67",
"AZ_GÜLTIGE_STIMMZETTEL": 1286,
"AZ_JA_STIMMEN": 332
}
,
{
"GEMEINDE": "Hittnau",
"BEZIRK": "Pfäffikon",
"STIMMBETEILIGUNG": "   47.82",
"AZ_GÜLTIGE_STIMMZETTEL": 752,
"AZ_JA_STIMMEN": 216
}
,
{
"GEMEINDE": "Illnau-Effretikon",
"BEZIRK": "Pfäffikon",
"STIMMBETEILIGUNG": "   47.85",
"AZ_GÜLTIGE_STIMMZETTEL": 4675,
"AZ_JA_STIMMEN": 1472
}
,
{
"GEMEINDE": "Lindau",
"BEZIRK": "Pfäffikon",
"STIMMBETEILIGUNG": "   51.07",
"AZ_GÜLTIGE_STIMMZETTEL": 1037,
"AZ_JA_STIMMEN": 320
}
,
{
"GEMEINDE": "Pfäffikon",
"BEZIRK": "Pfäffikon",
"STIMMBETEILIGUNG": "   48.30",
"AZ_GÜLTIGE_STIMMZETTEL": 2701,
"AZ_JA_STIMMEN": 798
}
,
{
"GEMEINDE": "Russikon",
"BEZIRK": "Pfäffikon",
"STIMMBETEILIGUNG": "   59.88",
"AZ_GÜLTIGE_STIMMZETTEL": 1439,
"AZ_JA_STIMMEN": 411
}
,
{
"GEMEINDE": "Weisslingen",
"BEZIRK": "Pfäffikon",
"STIMMBETEILIGUNG": "   53.72",
"AZ_GÜLTIGE_STIMMZETTEL": 953,
"AZ_JA_STIMMEN": 249
}
,
{
"GEMEINDE": "Wila",
"BEZIRK": "Pfäffikon",
"STIMMBETEILIGUNG": "   63.74",
"AZ_GÜLTIGE_STIMMZETTEL": 708,
"AZ_JA_STIMMEN": 189
}
,
{
"GEMEINDE": "Wildberg",
"BEZIRK": "Pfäffikon",
"STIMMBETEILIGUNG": "   73.95",
"AZ_GÜLTIGE_STIMMZETTEL": 431,
"AZ_JA_STIMMEN": 108
}
,
{
"GEMEINDE": "Dübendorf",
"BEZIRK": "Uster",
"STIMMBETEILIGUNG": "   45.44",
"AZ_GÜLTIGE_STIMMZETTEL": 6189,
"AZ_JA_STIMMEN": 1689
}
,
{
"GEMEINDE": "Egg",
"BEZIRK": "Uster",
"STIMMBETEILIGUNG": "   50.01",
"AZ_GÜLTIGE_STIMMZETTEL": 2220,
"AZ_JA_STIMMEN": 620
}
,
{
"GEMEINDE": "Fällanden",
"BEZIRK": "Uster",
"STIMMBETEILIGUNG": "   46.44",
"AZ_GÜLTIGE_STIMMZETTEL": 2060,
"AZ_JA_STIMMEN": 615
}
,
{
"GEMEINDE": "Greifensee",
"BEZIRK": "Uster",
"STIMMBETEILIGUNG": "   50.41",
"AZ_GÜLTIGE_STIMMZETTEL": 1733,
"AZ_JA_STIMMEN": 512
}
,
{
"GEMEINDE": "Maur",
"BEZIRK": "Uster",
"STIMMBETEILIGUNG": "   53.46",
"AZ_GÜLTIGE_STIMMZETTEL": 2690,
"AZ_JA_STIMMEN": 739
}
,
{
"GEMEINDE": "Mönchaltorf",
"BEZIRK": "Uster",
"STIMMBETEILIGUNG": "   57.07",
"AZ_GÜLTIGE_STIMMZETTEL": 1287,
"AZ_JA_STIMMEN": 328
}
,
{
"GEMEINDE": "Schwerzenbach",
"BEZIRK": "Uster",
"STIMMBETEILIGUNG": "   47.20",
"AZ_GÜLTIGE_STIMMZETTEL": 1148,
"AZ_JA_STIMMEN": 339
}
,
{
"GEMEINDE": "Uster",
"BEZIRK": "Uster",
"STIMMBETEILIGUNG": "   49.26",
"AZ_GÜLTIGE_STIMMZETTEL": 7692,
"AZ_JA_STIMMEN": 2402
}
,
{
"GEMEINDE": "Volketswil",
"BEZIRK": "Uster",
"STIMMBETEILIGUNG": "   41.10",
"AZ_GÜLTIGE_STIMMZETTEL": 3228,
"AZ_JA_STIMMEN": 738
}
,
{
"GEMEINDE": "Wangen-Brüttisellen",
"BEZIRK": "Uster",
"STIMMBETEILIGUNG": "   43.40",
"AZ_GÜLTIGE_STIMMZETTEL": 1232,
"AZ_JA_STIMMEN": 304
}
,
{
"GEMEINDE": "Altikon",
"BEZIRK": "Winterthur",
"STIMMBETEILIGUNG": "   59.27",
"AZ_GÜLTIGE_STIMMZETTEL": 238,
"AZ_JA_STIMMEN": 24
}
,
{
"GEMEINDE": "Brütten",
"BEZIRK": "Winterthur",
"STIMMBETEILIGUNG": "   60.98",
"AZ_GÜLTIGE_STIMMZETTEL": 662,
"AZ_JA_STIMMEN": 166
}
,
{
"GEMEINDE": "Dägerlen",
"BEZIRK": "Winterthur",
"STIMMBETEILIGUNG": "   58.22",
"AZ_GÜLTIGE_STIMMZETTEL": 288,
"AZ_JA_STIMMEN": 72
}
,
{
"GEMEINDE": "Dättlikon",
"BEZIRK": "Winterthur",
"STIMMBETEILIGUNG": "   65.46",
"AZ_GÜLTIGE_STIMMZETTEL": 229,
"AZ_JA_STIMMEN": 40
}
,
{
"GEMEINDE": "Dinhard",
"BEZIRK": "Winterthur",
"STIMMBETEILIGUNG": "   63.30",
"AZ_GÜLTIGE_STIMMZETTEL": 547,
"AZ_JA_STIMMEN": 172
}
,
{
"GEMEINDE": "Elgg",
"BEZIRK": "Winterthur",
"STIMMBETEILIGUNG": "   56.90",
"AZ_GÜLTIGE_STIMMZETTEL": 1271,
"AZ_JA_STIMMEN": 322
}
,
{
"GEMEINDE": "Ellikon a.d.Th.",
"BEZIRK": "Winterthur",
"STIMMBETEILIGUNG": "   52.16",
"AZ_GÜLTIGE_STIMMZETTEL": 222,
"AZ_JA_STIMMEN": 55
}
,
{
"GEMEINDE": "Elsau",
"BEZIRK": "Winterthur",
"STIMMBETEILIGUNG": "   56.59",
"AZ_GÜLTIGE_STIMMZETTEL": 1029,
"AZ_JA_STIMMEN": 265
}
,
{
"GEMEINDE": "Hagenbuch",
"BEZIRK": "Winterthur",
"STIMMBETEILIGUNG": "   53.14",
"AZ_GÜLTIGE_STIMMZETTEL": 288,
"AZ_JA_STIMMEN": 65
}
,
{
"GEMEINDE": "Hettlingen",
"BEZIRK": "Winterthur",
"STIMMBETEILIGUNG": "   61.82",
"AZ_GÜLTIGE_STIMMZETTEL": 736,
"AZ_JA_STIMMEN": 183
}
,
{
"GEMEINDE": "Hofstetten",
"BEZIRK": "Winterthur",
"STIMMBETEILIGUNG": "   65.74",
"AZ_GÜLTIGE_STIMMZETTEL": 186,
"AZ_JA_STIMMEN": 32
}
,
{
"GEMEINDE": "Neftenbach",
"BEZIRK": "Winterthur",
"STIMMBETEILIGUNG": "   48.86",
"AZ_GÜLTIGE_STIMMZETTEL": 1361,
"AZ_JA_STIMMEN": 320
}
,
{
"GEMEINDE": "Pfungen",
"BEZIRK": "Winterthur",
"STIMMBETEILIGUNG": "   45.94",
"AZ_GÜLTIGE_STIMMZETTEL": 651,
"AZ_JA_STIMMEN": 157
}
,
{
"GEMEINDE": "Rickenbach",
"BEZIRK": "Winterthur",
"STIMMBETEILIGUNG": "   56.32",
"AZ_GÜLTIGE_STIMMZETTEL": 758,
"AZ_JA_STIMMEN": 205
}
,
{
"GEMEINDE": "Schlatt",
"BEZIRK": "Winterthur",
"STIMMBETEILIGUNG": "   69.18",
"AZ_GÜLTIGE_STIMMZETTEL": 300,
"AZ_JA_STIMMEN": 127
}
,
{
"GEMEINDE": "Seuzach",
"BEZIRK": "Winterthur",
"STIMMBETEILIGUNG": "   53.98",
"AZ_GÜLTIGE_STIMMZETTEL": 2097,
"AZ_JA_STIMMEN": 566
}
,
{
"GEMEINDE": "Turbenthal",
"BEZIRK": "Winterthur",
"STIMMBETEILIGUNG": "   52.73",
"AZ_GÜLTIGE_STIMMZETTEL": 1224,
"AZ_JA_STIMMEN": 332
}
,
{
"GEMEINDE": "Wiesendangen",
"BEZIRK": "Winterthur",
"STIMMBETEILIGUNG": "   62.88",
"AZ_GÜLTIGE_STIMMZETTEL": 2040,
"AZ_JA_STIMMEN": 540
}
,
{
"GEMEINDE": "Winterthur",
"BEZIRK": "Winterthur",
"STIMMBETEILIGUNG": "   51.25",
"AZ_GÜLTIGE_STIMMZETTEL": 28742,
"AZ_JA_STIMMEN": 9687
}
,
{
"GEMEINDE": "Zell",
"BEZIRK": "Winterthur",
"STIMMBETEILIGUNG": "   50.50",
"AZ_GÜLTIGE_STIMMZETTEL": 1303,
"AZ_JA_STIMMEN": 355
}
,
{
"GEMEINDE": "Zürich",
"BEZIRK": "Zürich",
"STIMMBETEILIGUNG": "   46.18",
"AZ_GÜLTIGE_STIMMZETTEL": 102376,
"AZ_JA_STIMMEN": 36718
}
]
