[
{
"GEMEINDE": "Aeugst a.A.",
"BEZIRK": "Affoltern",
"STIMMBETEILIGUNG": "   44.86",
"AZ_GÜLTIGE_STIMMZETTEL": 420,
"AZ_JA_STIMMEN": 310
}
,
{
"GEMEINDE": "Affoltern a.A.",
"BEZIRK": "Affoltern",
"STIMMBETEILIGUNG": "   44.36",
"AZ_GÜLTIGE_STIMMZETTEL": 2490,
"AZ_JA_STIMMEN": 1806
}
,
{
"GEMEINDE": "Bonstetten",
"BEZIRK": "Affoltern",
"STIMMBETEILIGUNG": "   50.16",
"AZ_GÜLTIGE_STIMMZETTEL": 1049,
"AZ_JA_STIMMEN": 824
}
,
{
"GEMEINDE": "Hausen a.A.",
"BEZIRK": "Affoltern",
"STIMMBETEILIGUNG": "   48.26",
"AZ_GÜLTIGE_STIMMZETTEL": 903,
"AZ_JA_STIMMEN": 644
}
,
{
"GEMEINDE": "Hedingen",
"BEZIRK": "Affoltern",
"STIMMBETEILIGUNG": "   47.02",
"AZ_GÜLTIGE_STIMMZETTEL": 764,
"AZ_JA_STIMMEN": 576
}
,
{
"GEMEINDE": "Kappel a.A.",
"BEZIRK": "Affoltern",
"STIMMBETEILIGUNG": "   54.78",
"AZ_GÜLTIGE_STIMMZETTEL": 315,
"AZ_JA_STIMMEN": 205
}
,
{
"GEMEINDE": "Knonau",
"BEZIRK": "Affoltern",
"STIMMBETEILIGUNG": "   68.88",
"AZ_GÜLTIGE_STIMMZETTEL": 512,
"AZ_JA_STIMMEN": 384
}
,
{
"GEMEINDE": "Maschwanden",
"BEZIRK": "Affoltern",
"STIMMBETEILIGUNG": "   57.49",
"AZ_GÜLTIGE_STIMMZETTEL": 213,
"AZ_JA_STIMMEN": 141
}
,
{
"GEMEINDE": "Mettmenstetten",
"BEZIRK": "Affoltern",
"STIMMBETEILIGUNG": "   51.98",
"AZ_GÜLTIGE_STIMMZETTEL": 1043,
"AZ_JA_STIMMEN": 760
}
,
{
"GEMEINDE": "Obfelden",
"BEZIRK": "Affoltern",
"STIMMBETEILIGUNG": "   41.94",
"AZ_GÜLTIGE_STIMMZETTEL": 1053,
"AZ_JA_STIMMEN": 783
}
,
{
"GEMEINDE": "Ottenbach",
"BEZIRK": "Affoltern",
"STIMMBETEILIGUNG": "   55.03",
"AZ_GÜLTIGE_STIMMZETTEL": 797,
"AZ_JA_STIMMEN": 617
}
,
{
"GEMEINDE": "Rifferswil",
"BEZIRK": "Affoltern",
"STIMMBETEILIGUNG": "   68.89",
"AZ_GÜLTIGE_STIMMZETTEL": 323,
"AZ_JA_STIMMEN": 249
}
,
{
"GEMEINDE": "Stallikon",
"BEZIRK": "Affoltern",
"STIMMBETEILIGUNG": "   42.16",
"AZ_GÜLTIGE_STIMMZETTEL": 695,
"AZ_JA_STIMMEN": 534
}
,
{
"GEMEINDE": "Wettswil a.A.",
"BEZIRK": "Affoltern",
"STIMMBETEILIGUNG": "   47.96",
"AZ_GÜLTIGE_STIMMZETTEL": 1203,
"AZ_JA_STIMMEN": 979
}
,
{
"GEMEINDE": "Adlikon",
"BEZIRK": "Andelfingen",
"STIMMBETEILIGUNG": "   86.82",
"AZ_GÜLTIGE_STIMMZETTEL": 326,
"AZ_JA_STIMMEN": 184
}
,
{
"GEMEINDE": "Andelfingen",
"BEZIRK": "Andelfingen",
"STIMMBETEILIGUNG": "   67.62",
"AZ_GÜLTIGE_STIMMZETTEL": 748,
"AZ_JA_STIMMEN": 588
}
,
{
"GEMEINDE": "Benken",
"BEZIRK": "Andelfingen",
"STIMMBETEILIGUNG": "   76.81",
"AZ_GÜLTIGE_STIMMZETTEL": 343,
"AZ_JA_STIMMEN": 217
}
,
{
"GEMEINDE": "Berg a.I.",
"BEZIRK": "Andelfingen",
"STIMMBETEILIGUNG": "   82.00",
"AZ_GÜLTIGE_STIMMZETTEL": 276,
"AZ_JA_STIMMEN": 175
}
,
{
"GEMEINDE": "Buch a.I.",
"BEZIRK": "Andelfingen",
"STIMMBETEILIGUNG": "   77.23",
"AZ_GÜLTIGE_STIMMZETTEL": 339,
"AZ_JA_STIMMEN": 220
}
,
{
"GEMEINDE": "Dachsen",
"BEZIRK": "Andelfingen",
"STIMMBETEILIGUNG": "   62.00",
"AZ_GÜLTIGE_STIMMZETTEL": 546,
"AZ_JA_STIMMEN": 397
}
,
{
"GEMEINDE": "Dorf",
"BEZIRK": "Andelfingen",
"STIMMBETEILIGUNG": "   82.99",
"AZ_GÜLTIGE_STIMMZETTEL": 264,
"AZ_JA_STIMMEN": 165
}
,
{
"GEMEINDE": "Feuerthalen",
"BEZIRK": "Andelfingen",
"STIMMBETEILIGUNG": "   58.33",
"AZ_GÜLTIGE_STIMMZETTEL": 1098,
"AZ_JA_STIMMEN": 801
}
,
{
"GEMEINDE": "Flaach",
"BEZIRK": "Andelfingen",
"STIMMBETEILIGUNG": "   73.88",
"AZ_GÜLTIGE_STIMMZETTEL": 517,
"AZ_JA_STIMMEN": 318
}
,
{
"GEMEINDE": "Flurlingen",
"BEZIRK": "Andelfingen",
"STIMMBETEILIGUNG": "   60.07",
"AZ_GÜLTIGE_STIMMZETTEL": 502,
"AZ_JA_STIMMEN": 400
}
,
{
"GEMEINDE": "Henggart",
"BEZIRK": "Andelfingen",
"STIMMBETEILIGUNG": "   65.97",
"AZ_GÜLTIGE_STIMMZETTEL": 622,
"AZ_JA_STIMMEN": 422
}
,
{
"GEMEINDE": "Humlikon",
"BEZIRK": "Andelfingen",
"STIMMBETEILIGUNG": "   78.29",
"AZ_GÜLTIGE_STIMMZETTEL": 198,
"AZ_JA_STIMMEN": 111
}
,
{
"GEMEINDE": "Kleinandelfingen",
"BEZIRK": "Andelfingen",
"STIMMBETEILIGUNG": "   63.10",
"AZ_GÜLTIGE_STIMMZETTEL": 651,
"AZ_JA_STIMMEN": 437
}
,
{
"GEMEINDE": "Laufen-Uhwiesen",
"BEZIRK": "Andelfingen",
"STIMMBETEILIGUNG": "   60.10",
"AZ_GÜLTIGE_STIMMZETTEL": 616,
"AZ_JA_STIMMEN": 423
}
,
{
"GEMEINDE": "Marthalen",
"BEZIRK": "Andelfingen",
"STIMMBETEILIGUNG": "   60.08",
"AZ_GÜLTIGE_STIMMZETTEL": 700,
"AZ_JA_STIMMEN": 472
}
,
{
"GEMEINDE": "Oberstammheim",
"BEZIRK": "Andelfingen",
"STIMMBETEILIGUNG": "   70.74",
"AZ_GÜLTIGE_STIMMZETTEL": 490,
"AZ_JA_STIMMEN": 368
}
,
{
"GEMEINDE": "Ossingen",
"BEZIRK": "Andelfingen",
"STIMMBETEILIGUNG": "   68.89",
"AZ_GÜLTIGE_STIMMZETTEL": 585,
"AZ_JA_STIMMEN": 373
}
,
{
"GEMEINDE": "Rheinau",
"BEZIRK": "Andelfingen",
"STIMMBETEILIGUNG": "   55.76",
"AZ_GÜLTIGE_STIMMZETTEL": 420,
"AZ_JA_STIMMEN": 299
}
,
{
"GEMEINDE": "Thalheim a.d.Th.",
"BEZIRK": "Andelfingen",
"STIMMBETEILIGUNG": "   66.89",
"AZ_GÜLTIGE_STIMMZETTEL": 282,
"AZ_JA_STIMMEN": 190
}
,
{
"GEMEINDE": "Trüllikon",
"BEZIRK": "Andelfingen",
"STIMMBETEILIGUNG": "   62.14",
"AZ_GÜLTIGE_STIMMZETTEL": 450,
"AZ_JA_STIMMEN": 294
}
,
{
"GEMEINDE": "Truttikon",
"BEZIRK": "Andelfingen",
"STIMMBETEILIGUNG": "   82.71",
"AZ_GÜLTIGE_STIMMZETTEL": 215,
"AZ_JA_STIMMEN": 127
}
,
{
"GEMEINDE": "Unterstammheim",
"BEZIRK": "Andelfingen",
"STIMMBETEILIGUNG": "   73.93",
"AZ_GÜLTIGE_STIMMZETTEL": 436,
"AZ_JA_STIMMEN": 299
}
,
{
"GEMEINDE": "Volken",
"BEZIRK": "Andelfingen",
"STIMMBETEILIGUNG": "   81.67",
"AZ_GÜLTIGE_STIMMZETTEL": 143,
"AZ_JA_STIMMEN": 94
}
,
{
"GEMEINDE": "Waltalingen",
"BEZIRK": "Andelfingen",
"STIMMBETEILIGUNG": "   74.36",
"AZ_GÜLTIGE_STIMMZETTEL": 279,
"AZ_JA_STIMMEN": 183
}
,
{
"GEMEINDE": "Bachenbülach",
"BEZIRK": "Bülach",
"STIMMBETEILIGUNG": "   41.22",
"AZ_GÜLTIGE_STIMMZETTEL": 667,
"AZ_JA_STIMMEN": 486
}
,
{
"GEMEINDE": "Bassersdorf",
"BEZIRK": "Bülach",
"STIMMBETEILIGUNG": "   45.55",
"AZ_GÜLTIGE_STIMMZETTEL": 1992,
"AZ_JA_STIMMEN": 1598
}
,
{
"GEMEINDE": "Bülach",
"BEZIRK": "Bülach",
"STIMMBETEILIGUNG": "   42.45",
"AZ_GÜLTIGE_STIMMZETTEL": 3662,
"AZ_JA_STIMMEN": 2700
}
,
{
"GEMEINDE": "Dietlikon",
"BEZIRK": "Bülach",
"STIMMBETEILIGUNG": "   41.46",
"AZ_GÜLTIGE_STIMMZETTEL": 1554,
"AZ_JA_STIMMEN": 1317
}
,
{
"GEMEINDE": "Eglisau",
"BEZIRK": "Bülach",
"STIMMBETEILIGUNG": "   60.14",
"AZ_GÜLTIGE_STIMMZETTEL": 1096,
"AZ_JA_STIMMEN": 794
}
,
{
"GEMEINDE": "Embrach",
"BEZIRK": "Bülach",
"STIMMBETEILIGUNG": "   49.93",
"AZ_GÜLTIGE_STIMMZETTEL": 2127,
"AZ_JA_STIMMEN": 1448
}
,
{
"GEMEINDE": "Freienstein-Teufen",
"BEZIRK": "Bülach",
"STIMMBETEILIGUNG": "   55.46",
"AZ_GÜLTIGE_STIMMZETTEL": 685,
"AZ_JA_STIMMEN": 437
}
,
{
"GEMEINDE": "Glattfelden",
"BEZIRK": "Bülach",
"STIMMBETEILIGUNG": "   56.05",
"AZ_GÜLTIGE_STIMMZETTEL": 1118,
"AZ_JA_STIMMEN": 731
}
,
{
"GEMEINDE": "Hochfelden",
"BEZIRK": "Bülach",
"STIMMBETEILIGUNG": "   44.16",
"AZ_GÜLTIGE_STIMMZETTEL": 344,
"AZ_JA_STIMMEN": 222
}
,
{
"GEMEINDE": "Höri",
"BEZIRK": "Bülach",
"STIMMBETEILIGUNG": "   38.36",
"AZ_GÜLTIGE_STIMMZETTEL": 382,
"AZ_JA_STIMMEN": 219
}
,
{
"GEMEINDE": "Hüntwangen",
"BEZIRK": "Bülach",
"STIMMBETEILIGUNG": "   68.29",
"AZ_GÜLTIGE_STIMMZETTEL": 348,
"AZ_JA_STIMMEN": 241
}
,
{
"GEMEINDE": "Kloten",
"BEZIRK": "Bülach",
"STIMMBETEILIGUNG": "   39.34",
"AZ_GÜLTIGE_STIMMZETTEL": 3883,
"AZ_JA_STIMMEN": 3067
}
,
{
"GEMEINDE": "Lufingen",
"BEZIRK": "Bülach",
"STIMMBETEILIGUNG": "   52.56",
"AZ_GÜLTIGE_STIMMZETTEL": 390,
"AZ_JA_STIMMEN": 249
}
,
{
"GEMEINDE": "Nürensdorf",
"BEZIRK": "Bülach",
"STIMMBETEILIGUNG": "   50.97",
"AZ_GÜLTIGE_STIMMZETTEL": 1454,
"AZ_JA_STIMMEN": 1102
}
,
{
"GEMEINDE": "Oberembrach",
"BEZIRK": "Bülach",
"STIMMBETEILIGUNG": "   66.57",
"AZ_GÜLTIGE_STIMMZETTEL": 449,
"AZ_JA_STIMMEN": 314
}
,
{
"GEMEINDE": "Opfikon",
"BEZIRK": "Bülach",
"STIMMBETEILIGUNG": "   35.85",
"AZ_GÜLTIGE_STIMMZETTEL": 2541,
"AZ_JA_STIMMEN": 1980
}
,
{
"GEMEINDE": "Rafz",
"BEZIRK": "Bülach",
"STIMMBETEILIGUNG": "   60.57",
"AZ_GÜLTIGE_STIMMZETTEL": 1078,
"AZ_JA_STIMMEN": 720
}
,
{
"GEMEINDE": "Rorbas",
"BEZIRK": "Bülach",
"STIMMBETEILIGUNG": "   50.86",
"AZ_GÜLTIGE_STIMMZETTEL": 662,
"AZ_JA_STIMMEN": 424
}
,
{
"GEMEINDE": "Wallisellen",
"BEZIRK": "Bülach",
"STIMMBETEILIGUNG": "   44.43",
"AZ_GÜLTIGE_STIMMZETTEL": 3423,
"AZ_JA_STIMMEN": 2799
}
,
{
"GEMEINDE": "Wasterkingen",
"BEZIRK": "Bülach",
"STIMMBETEILIGUNG": "   75.07",
"AZ_GÜLTIGE_STIMMZETTEL": 279,
"AZ_JA_STIMMEN": 195
}
,
{
"GEMEINDE": "Wil",
"BEZIRK": "Bülach",
"STIMMBETEILIGUNG": "   70.76",
"AZ_GÜLTIGE_STIMMZETTEL": 593,
"AZ_JA_STIMMEN": 381
}
,
{
"GEMEINDE": "Winkel",
"BEZIRK": "Bülach",
"STIMMBETEILIGUNG": "   50.75",
"AZ_GÜLTIGE_STIMMZETTEL": 867,
"AZ_JA_STIMMEN": 645
}
,
{
"GEMEINDE": "Bachs",
"BEZIRK": "Dielsdorf",
"STIMMBETEILIGUNG": "   67.93",
"AZ_GÜLTIGE_STIMMZETTEL": 265,
"AZ_JA_STIMMEN": 175
}
,
{
"GEMEINDE": "Boppelsen",
"BEZIRK": "Dielsdorf",
"STIMMBETEILIGUNG": "   51.85",
"AZ_GÜLTIGE_STIMMZETTEL": 301,
"AZ_JA_STIMMEN": 228
}
,
{
"GEMEINDE": "Buchs",
"BEZIRK": "Dielsdorf",
"STIMMBETEILIGUNG": "   35.63",
"AZ_GÜLTIGE_STIMMZETTEL": 849,
"AZ_JA_STIMMEN": 591
}
,
{
"GEMEINDE": "Dällikon",
"BEZIRK": "Dielsdorf",
"STIMMBETEILIGUNG": "   47.92",
"AZ_GÜLTIGE_STIMMZETTEL": 785,
"AZ_JA_STIMMEN": 514
}
,
{
"GEMEINDE": "Dänikon",
"BEZIRK": "Dielsdorf",
"STIMMBETEILIGUNG": "   39.67",
"AZ_GÜLTIGE_STIMMZETTEL": 325,
"AZ_JA_STIMMEN": 238
}
,
{
"GEMEINDE": "Dielsdorf",
"BEZIRK": "Dielsdorf",
"STIMMBETEILIGUNG": "   40.97",
"AZ_GÜLTIGE_STIMMZETTEL": 1099,
"AZ_JA_STIMMEN": 845
}
,
{
"GEMEINDE": "Hüttikon",
"BEZIRK": "Dielsdorf",
"STIMMBETEILIGUNG": "   48.33",
"AZ_GÜLTIGE_STIMMZETTEL": 142,
"AZ_JA_STIMMEN": 98
}
,
{
"GEMEINDE": "Neerach",
"BEZIRK": "Dielsdorf",
"STIMMBETEILIGUNG": "   43.17",
"AZ_GÜLTIGE_STIMMZETTEL": 597,
"AZ_JA_STIMMEN": 429
}
,
{
"GEMEINDE": "Niederglatt",
"BEZIRK": "Dielsdorf",
"STIMMBETEILIGUNG": "   44.11",
"AZ_GÜLTIGE_STIMMZETTEL": 977,
"AZ_JA_STIMMEN": 671
}
,
{
"GEMEINDE": "Niederhasli",
"BEZIRK": "Dielsdorf",
"STIMMBETEILIGUNG": "   41.31",
"AZ_GÜLTIGE_STIMMZETTEL": 1551,
"AZ_JA_STIMMEN": 1098
}
,
{
"GEMEINDE": "Niederweningen",
"BEZIRK": "Dielsdorf",
"STIMMBETEILIGUNG": "   41.76",
"AZ_GÜLTIGE_STIMMZETTEL": 454,
"AZ_JA_STIMMEN": 314
}
,
{
"GEMEINDE": "Oberglatt",
"BEZIRK": "Dielsdorf",
"STIMMBETEILIGUNG": "   41.87",
"AZ_GÜLTIGE_STIMMZETTEL": 1098,
"AZ_JA_STIMMEN": 779
}
,
{
"GEMEINDE": "Oberweningen",
"BEZIRK": "Dielsdorf",
"STIMMBETEILIGUNG": "   42.89",
"AZ_GÜLTIGE_STIMMZETTEL": 340,
"AZ_JA_STIMMEN": 239
}
,
{
"GEMEINDE": "Otelfingen",
"BEZIRK": "Dielsdorf",
"STIMMBETEILIGUNG": "   45.23",
"AZ_GÜLTIGE_STIMMZETTEL": 466,
"AZ_JA_STIMMEN": 340
}
,
{
"GEMEINDE": "Regensberg",
"BEZIRK": "Dielsdorf",
"STIMMBETEILIGUNG": "   58.82",
"AZ_GÜLTIGE_STIMMZETTEL": 215,
"AZ_JA_STIMMEN": 164
}
,
{
"GEMEINDE": "Regensdorf",
"BEZIRK": "Dielsdorf",
"STIMMBETEILIGUNG": "   39.23",
"AZ_GÜLTIGE_STIMMZETTEL": 3118,
"AZ_JA_STIMMEN": 2272
}
,
{
"GEMEINDE": "Rümlang",
"BEZIRK": "Dielsdorf",
"STIMMBETEILIGUNG": "   40.94",
"AZ_GÜLTIGE_STIMMZETTEL": 1408,
"AZ_JA_STIMMEN": 1029
}
,
{
"GEMEINDE": "Schleinikon",
"BEZIRK": "Dielsdorf",
"STIMMBETEILIGUNG": "   47.94",
"AZ_GÜLTIGE_STIMMZETTEL": 196,
"AZ_JA_STIMMEN": 121
}
,
{
"GEMEINDE": "Schöfflisdorf",
"BEZIRK": "Dielsdorf",
"STIMMBETEILIGUNG": "   45.23",
"AZ_GÜLTIGE_STIMMZETTEL": 339,
"AZ_JA_STIMMEN": 256
}
,
{
"GEMEINDE": "Stadel",
"BEZIRK": "Dielsdorf",
"STIMMBETEILIGUNG": "   47.67",
"AZ_GÜLTIGE_STIMMZETTEL": 515,
"AZ_JA_STIMMEN": 338
}
,
{
"GEMEINDE": "Steinmaur",
"BEZIRK": "Dielsdorf",
"STIMMBETEILIGUNG": "   49.59",
"AZ_GÜLTIGE_STIMMZETTEL": 890,
"AZ_JA_STIMMEN": 618
}
,
{
"GEMEINDE": "Weiach",
"BEZIRK": "Dielsdorf",
"STIMMBETEILIGUNG": "   57.12",
"AZ_GÜLTIGE_STIMMZETTEL": 298,
"AZ_JA_STIMMEN": 198
}
,
{
"GEMEINDE": "Aesch",
"BEZIRK": "Dietikon",
"STIMMBETEILIGUNG": "   56.91",
"AZ_GÜLTIGE_STIMMZETTEL": 413,
"AZ_JA_STIMMEN": 311
}
,
{
"GEMEINDE": "Birmensdorf",
"BEZIRK": "Dietikon",
"STIMMBETEILIGUNG": "   42.95",
"AZ_GÜLTIGE_STIMMZETTEL": 1458,
"AZ_JA_STIMMEN": 1158
}
,
{
"GEMEINDE": "Dietikon",
"BEZIRK": "Dietikon",
"STIMMBETEILIGUNG": "   36.16",
"AZ_GÜLTIGE_STIMMZETTEL": 4374,
"AZ_JA_STIMMEN": 3388
}
,
{
"GEMEINDE": "Geroldswil",
"BEZIRK": "Dietikon",
"STIMMBETEILIGUNG": "   34.31",
"AZ_GÜLTIGE_STIMMZETTEL": 1060,
"AZ_JA_STIMMEN": 763
}
,
{
"GEMEINDE": "Oberengstringen",
"BEZIRK": "Dietikon",
"STIMMBETEILIGUNG": "   41.81",
"AZ_GÜLTIGE_STIMMZETTEL": 1664,
"AZ_JA_STIMMEN": 1348
}
,
{
"GEMEINDE": "Oetwil a.d.L",
"BEZIRK": "Dietikon",
"STIMMBETEILIGUNG": "   38.93",
"AZ_GÜLTIGE_STIMMZETTEL": 606,
"AZ_JA_STIMMEN": 398
}
,
{
"GEMEINDE": "Schlieren",
"BEZIRK": "Dietikon",
"STIMMBETEILIGUNG": "   42.81",
"AZ_GÜLTIGE_STIMMZETTEL": 3188,
"AZ_JA_STIMMEN": 2488
}
,
{
"GEMEINDE": "Uitikon",
"BEZIRK": "Dietikon",
"STIMMBETEILIGUNG": "   48.17",
"AZ_GÜLTIGE_STIMMZETTEL": 1128,
"AZ_JA_STIMMEN": 898
}
,
{
"GEMEINDE": "Unterengstringen",
"BEZIRK": "Dietikon",
"STIMMBETEILIGUNG": "   38.83",
"AZ_GÜLTIGE_STIMMZETTEL": 733,
"AZ_JA_STIMMEN": 567
}
,
{
"GEMEINDE": "Urdorf",
"BEZIRK": "Dietikon",
"STIMMBETEILIGUNG": "   39.38",
"AZ_GÜLTIGE_STIMMZETTEL": 2183,
"AZ_JA_STIMMEN": 1769
}
,
{
"GEMEINDE": "Weiningen",
"BEZIRK": "Dietikon",
"STIMMBETEILIGUNG": "   37.83",
"AZ_GÜLTIGE_STIMMZETTEL": 870,
"AZ_JA_STIMMEN": 647
}
,
{
"GEMEINDE": "Bäretswil",
"BEZIRK": "Hinwil",
"STIMMBETEILIGUNG": "   45.52",
"AZ_GÜLTIGE_STIMMZETTEL": 1184,
"AZ_JA_STIMMEN": 833
}
,
{
"GEMEINDE": "Bubikon",
"BEZIRK": "Hinwil",
"STIMMBETEILIGUNG": "   45.01",
"AZ_GÜLTIGE_STIMMZETTEL": 1414,
"AZ_JA_STIMMEN": 1069
}
,
{
"GEMEINDE": "Dürnten",
"BEZIRK": "Hinwil",
"STIMMBETEILIGUNG": "   41.35",
"AZ_GÜLTIGE_STIMMZETTEL": 1582,
"AZ_JA_STIMMEN": 1160
}
,
{
"GEMEINDE": "Fischenthal",
"BEZIRK": "Hinwil",
"STIMMBETEILIGUNG": "   44.49",
"AZ_GÜLTIGE_STIMMZETTEL": 528,
"AZ_JA_STIMMEN": 347
}
,
{
"GEMEINDE": "Gossau",
"BEZIRK": "Hinwil",
"STIMMBETEILIGUNG": "   45.34",
"AZ_GÜLTIGE_STIMMZETTEL": 2328,
"AZ_JA_STIMMEN": 1723
}
,
{
"GEMEINDE": "Grüningen",
"BEZIRK": "Hinwil",
"STIMMBETEILIGUNG": "   47.96",
"AZ_GÜLTIGE_STIMMZETTEL": 801,
"AZ_JA_STIMMEN": 535
}
,
{
"GEMEINDE": "Hinwil",
"BEZIRK": "Hinwil",
"STIMMBETEILIGUNG": "   45.99",
"AZ_GÜLTIGE_STIMMZETTEL": 2614,
"AZ_JA_STIMMEN": 1870
}
,
{
"GEMEINDE": "Rüti",
"BEZIRK": "Hinwil",
"STIMMBETEILIGUNG": "   47.36",
"AZ_GÜLTIGE_STIMMZETTEL": 3107,
"AZ_JA_STIMMEN": 2362
}
,
{
"GEMEINDE": "Seegräben",
"BEZIRK": "Hinwil",
"STIMMBETEILIGUNG": "   58.04",
"AZ_GÜLTIGE_STIMMZETTEL": 422,
"AZ_JA_STIMMEN": 348
}
,
{
"GEMEINDE": "Wald",
"BEZIRK": "Hinwil",
"STIMMBETEILIGUNG": "   42.21",
"AZ_GÜLTIGE_STIMMZETTEL": 2063,
"AZ_JA_STIMMEN": 1529
}
,
{
"GEMEINDE": "Wetzikon",
"BEZIRK": "Hinwil",
"STIMMBETEILIGUNG": "   39.20",
"AZ_GÜLTIGE_STIMMZETTEL": 4172,
"AZ_JA_STIMMEN": 3167
}
,
{
"GEMEINDE": "Adliswil",
"BEZIRK": "Horgen",
"STIMMBETEILIGUNG": "   40.27",
"AZ_GÜLTIGE_STIMMZETTEL": 4196,
"AZ_JA_STIMMEN": 3427
}
,
{
"GEMEINDE": "Hirzel",
"BEZIRK": "Horgen",
"STIMMBETEILIGUNG": "   52.42",
"AZ_GÜLTIGE_STIMMZETTEL": 643,
"AZ_JA_STIMMEN": 469
}
,
{
"GEMEINDE": "Horgen",
"BEZIRK": "Horgen",
"STIMMBETEILIGUNG": "   42.33",
"AZ_GÜLTIGE_STIMMZETTEL": 4367,
"AZ_JA_STIMMEN": 3401
}
,
{
"GEMEINDE": "Hütten",
"BEZIRK": "Horgen",
"STIMMBETEILIGUNG": "   45.75",
"AZ_GÜLTIGE_STIMMZETTEL": 252,
"AZ_JA_STIMMEN": 155
}
,
{
"GEMEINDE": "Kilchberg",
"BEZIRK": "Horgen",
"STIMMBETEILIGUNG": "   50.29",
"AZ_GÜLTIGE_STIMMZETTEL": 2505,
"AZ_JA_STIMMEN": 2031
}
,
{
"GEMEINDE": "Langnau a.A.",
"BEZIRK": "Horgen",
"STIMMBETEILIGUNG": "   44.51",
"AZ_GÜLTIGE_STIMMZETTEL": 1961,
"AZ_JA_STIMMEN": 1600
}
,
{
"GEMEINDE": "Oberrieden",
"BEZIRK": "Horgen",
"STIMMBETEILIGUNG": "   51.69",
"AZ_GÜLTIGE_STIMMZETTEL": 1641,
"AZ_JA_STIMMEN": 1377
}
,
{
"GEMEINDE": "Richterswil",
"BEZIRK": "Horgen",
"STIMMBETEILIGUNG": "   42.35",
"AZ_GÜLTIGE_STIMMZETTEL": 2722,
"AZ_JA_STIMMEN": 2122
}
,
{
"GEMEINDE": "Rüschlikon",
"BEZIRK": "Horgen",
"STIMMBETEILIGUNG": "   47.92",
"AZ_GÜLTIGE_STIMMZETTEL": 1588,
"AZ_JA_STIMMEN": 1393
}
,
{
"GEMEINDE": "Schönenberg",
"BEZIRK": "Horgen",
"STIMMBETEILIGUNG": "   52.67",
"AZ_GÜLTIGE_STIMMZETTEL": 641,
"AZ_JA_STIMMEN": 389
}
,
{
"GEMEINDE": "Thalwil",
"BEZIRK": "Horgen",
"STIMMBETEILIGUNG": "   41.15",
"AZ_GÜLTIGE_STIMMZETTEL": 4233,
"AZ_JA_STIMMEN": 3629
}
,
{
"GEMEINDE": "Wädenswil",
"BEZIRK": "Horgen",
"STIMMBETEILIGUNG": "   43.46",
"AZ_GÜLTIGE_STIMMZETTEL": 5345,
"AZ_JA_STIMMEN": 4201
}
,
{
"GEMEINDE": "Erlenbach",
"BEZIRK": "Meilen",
"STIMMBETEILIGUNG": "   50.03",
"AZ_GÜLTIGE_STIMMZETTEL": 1510,
"AZ_JA_STIMMEN": 1249
}
,
{
"GEMEINDE": "Herrliberg",
"BEZIRK": "Meilen",
"STIMMBETEILIGUNG": "   47.35",
"AZ_GÜLTIGE_STIMMZETTEL": 1641,
"AZ_JA_STIMMEN": 1324
}
,
{
"GEMEINDE": "Hombrechtikon",
"BEZIRK": "Meilen",
"STIMMBETEILIGUNG": "   48.88",
"AZ_GÜLTIGE_STIMMZETTEL": 2196,
"AZ_JA_STIMMEN": 1586
}
,
{
"GEMEINDE": "Küsnacht",
"BEZIRK": "Meilen",
"STIMMBETEILIGUNG": "   50.87",
"AZ_GÜLTIGE_STIMMZETTEL": 4479,
"AZ_JA_STIMMEN": 3684
}
,
{
"GEMEINDE": "Männedorf",
"BEZIRK": "Meilen",
"STIMMBETEILIGUNG": "   50.56",
"AZ_GÜLTIGE_STIMMZETTEL": 2654,
"AZ_JA_STIMMEN": 2118
}
,
{
"GEMEINDE": "Meilen",
"BEZIRK": "Meilen",
"STIMMBETEILIGUNG": "   49.43",
"AZ_GÜLTIGE_STIMMZETTEL": 3721,
"AZ_JA_STIMMEN": 3035
}
,
{
"GEMEINDE": "Oetwil a.S.",
"BEZIRK": "Meilen",
"STIMMBETEILIGUNG": "   41.04",
"AZ_GÜLTIGE_STIMMZETTEL": 801,
"AZ_JA_STIMMEN": 578
}
,
{
"GEMEINDE": "Stäfa",
"BEZIRK": "Meilen",
"STIMMBETEILIGUNG": "   45.35",
"AZ_GÜLTIGE_STIMMZETTEL": 3320,
"AZ_JA_STIMMEN": 2689
}
,
{
"GEMEINDE": "Uetikon a.S.",
"BEZIRK": "Meilen",
"STIMMBETEILIGUNG": "   50.95",
"AZ_GÜLTIGE_STIMMZETTEL": 1267,
"AZ_JA_STIMMEN": 1024
}
,
{
"GEMEINDE": "Zollikon",
"BEZIRK": "Meilen",
"STIMMBETEILIGUNG": "   48.64",
"AZ_GÜLTIGE_STIMMZETTEL": 4061,
"AZ_JA_STIMMEN": 3461
}
,
{
"GEMEINDE": "Zumikon",
"BEZIRK": "Meilen",
"STIMMBETEILIGUNG": "   53.64",
"AZ_GÜLTIGE_STIMMZETTEL": 1747,
"AZ_JA_STIMMEN": 1472
}
,
{
"GEMEINDE": "Bauma",
"BEZIRK": "Pfäffikon",
"STIMMBETEILIGUNG": "   45.76",
"AZ_GÜLTIGE_STIMMZETTEL": 1291,
"AZ_JA_STIMMEN": 903
}
,
{
"GEMEINDE": "Fehraltorf",
"BEZIRK": "Pfäffikon",
"STIMMBETEILIGUNG": "   43.78",
"AZ_GÜLTIGE_STIMMZETTEL": 1149,
"AZ_JA_STIMMEN": 881
}
,
{
"GEMEINDE": "Hittnau",
"BEZIRK": "Pfäffikon",
"STIMMBETEILIGUNG": "   45.12",
"AZ_GÜLTIGE_STIMMZETTEL": 715,
"AZ_JA_STIMMEN": 501
}
,
{
"GEMEINDE": "Illnau-Effretikon",
"BEZIRK": "Pfäffikon",
"STIMMBETEILIGUNG": "   49.14",
"AZ_GÜLTIGE_STIMMZETTEL": 4801,
"AZ_JA_STIMMEN": 3800
}
,
{
"GEMEINDE": "Lindau",
"BEZIRK": "Pfäffikon",
"STIMMBETEILIGUNG": "   49.56",
"AZ_GÜLTIGE_STIMMZETTEL": 1018,
"AZ_JA_STIMMEN": 792
}
,
{
"GEMEINDE": "Pfäffikon",
"BEZIRK": "Pfäffikon",
"STIMMBETEILIGUNG": "   49.76",
"AZ_GÜLTIGE_STIMMZETTEL": 2790,
"AZ_JA_STIMMEN": 2100
}
,
{
"GEMEINDE": "Russikon",
"BEZIRK": "Pfäffikon",
"STIMMBETEILIGUNG": "   50.84",
"AZ_GÜLTIGE_STIMMZETTEL": 1221,
"AZ_JA_STIMMEN": 938
}
,
{
"GEMEINDE": "Weisslingen",
"BEZIRK": "Pfäffikon",
"STIMMBETEILIGUNG": "   50.86",
"AZ_GÜLTIGE_STIMMZETTEL": 897,
"AZ_JA_STIMMEN": 672
}
,
{
"GEMEINDE": "Wila",
"BEZIRK": "Pfäffikon",
"STIMMBETEILIGUNG": "   62.63",
"AZ_GÜLTIGE_STIMMZETTEL": 701,
"AZ_JA_STIMMEN": 462
}
,
{
"GEMEINDE": "Wildberg",
"BEZIRK": "Pfäffikon",
"STIMMBETEILIGUNG": "   78.17",
"AZ_GÜLTIGE_STIMMZETTEL": 458,
"AZ_JA_STIMMEN": 311
}
,
{
"GEMEINDE": "Dübendorf",
"BEZIRK": "Uster",
"STIMMBETEILIGUNG": "   38.94",
"AZ_GÜLTIGE_STIMMZETTEL": 5339,
"AZ_JA_STIMMEN": 4119
}
,
{
"GEMEINDE": "Egg",
"BEZIRK": "Uster",
"STIMMBETEILIGUNG": "   45.65",
"AZ_GÜLTIGE_STIMMZETTEL": 2025,
"AZ_JA_STIMMEN": 1493
}
,
{
"GEMEINDE": "Fällanden",
"BEZIRK": "Uster",
"STIMMBETEILIGUNG": "   38.38",
"AZ_GÜLTIGE_STIMMZETTEL": 1713,
"AZ_JA_STIMMEN": 1354
}
,
{
"GEMEINDE": "Greifensee",
"BEZIRK": "Uster",
"STIMMBETEILIGUNG": "   51.98",
"AZ_GÜLTIGE_STIMMZETTEL": 1775,
"AZ_JA_STIMMEN": 1467
}
,
{
"GEMEINDE": "Maur",
"BEZIRK": "Uster",
"STIMMBETEILIGUNG": "   54.20",
"AZ_GÜLTIGE_STIMMZETTEL": 2743,
"AZ_JA_STIMMEN": 2193
}
,
{
"GEMEINDE": "Mönchaltorf",
"BEZIRK": "Uster",
"STIMMBETEILIGUNG": "   54.46",
"AZ_GÜLTIGE_STIMMZETTEL": 1231,
"AZ_JA_STIMMEN": 902
}
,
{
"GEMEINDE": "Schwerzenbach",
"BEZIRK": "Uster",
"STIMMBETEILIGUNG": "   41.90",
"AZ_GÜLTIGE_STIMMZETTEL": 1023,
"AZ_JA_STIMMEN": 803
}
,
{
"GEMEINDE": "Uster",
"BEZIRK": "Uster",
"STIMMBETEILIGUNG": "   44.27",
"AZ_GÜLTIGE_STIMMZETTEL": 6943,
"AZ_JA_STIMMEN": 5063
}
,
{
"GEMEINDE": "Volketswil",
"BEZIRK": "Uster",
"STIMMBETEILIGUNG": "   42.29",
"AZ_GÜLTIGE_STIMMZETTEL": 3329,
"AZ_JA_STIMMEN": 2327
}
,
{
"GEMEINDE": "Wangen-Brüttisellen",
"BEZIRK": "Uster",
"STIMMBETEILIGUNG": "   35.49",
"AZ_GÜLTIGE_STIMMZETTEL": 1024,
"AZ_JA_STIMMEN": 766
}
,
{
"GEMEINDE": "Altikon",
"BEZIRK": "Winterthur",
"STIMMBETEILIGUNG": "   53.40",
"AZ_GÜLTIGE_STIMMZETTEL": 219,
"AZ_JA_STIMMEN": 148
}
,
{
"GEMEINDE": "Brütten",
"BEZIRK": "Winterthur",
"STIMMBETEILIGUNG": "   58.66",
"AZ_GÜLTIGE_STIMMZETTEL": 636,
"AZ_JA_STIMMEN": 514
}
,
{
"GEMEINDE": "Dägerlen",
"BEZIRK": "Winterthur",
"STIMMBETEILIGUNG": "   60.97",
"AZ_GÜLTIGE_STIMMZETTEL": 310,
"AZ_JA_STIMMEN": 224
}
,
{
"GEMEINDE": "Dättlikon",
"BEZIRK": "Winterthur",
"STIMMBETEILIGUNG": "   66.20",
"AZ_GÜLTIGE_STIMMZETTEL": 232,
"AZ_JA_STIMMEN": 186
}
,
{
"GEMEINDE": "Dinhard",
"BEZIRK": "Winterthur",
"STIMMBETEILIGUNG": "   60.69",
"AZ_GÜLTIGE_STIMMZETTEL": 522,
"AZ_JA_STIMMEN": 396
}
,
{
"GEMEINDE": "Elgg",
"BEZIRK": "Winterthur",
"STIMMBETEILIGUNG": "   51.99",
"AZ_GÜLTIGE_STIMMZETTEL": 1164,
"AZ_JA_STIMMEN": 869
}
,
{
"GEMEINDE": "Ellikon a.d.Th.",
"BEZIRK": "Winterthur",
"STIMMBETEILIGUNG": "   46.61",
"AZ_GÜLTIGE_STIMMZETTEL": 204,
"AZ_JA_STIMMEN": 121
}
,
{
"GEMEINDE": "Elsau",
"BEZIRK": "Winterthur",
"STIMMBETEILIGUNG": "   56.43",
"AZ_GÜLTIGE_STIMMZETTEL": 1039,
"AZ_JA_STIMMEN": 822
}
,
{
"GEMEINDE": "Hagenbuch",
"BEZIRK": "Winterthur",
"STIMMBETEILIGUNG": "   46.50",
"AZ_GÜLTIGE_STIMMZETTEL": 254,
"AZ_JA_STIMMEN": 160
}
,
{
"GEMEINDE": "Hettlingen",
"BEZIRK": "Winterthur",
"STIMMBETEILIGUNG": "   58.80",
"AZ_GÜLTIGE_STIMMZETTEL": 709,
"AZ_JA_STIMMEN": 529
}
,
{
"GEMEINDE": "Hofstetten",
"BEZIRK": "Winterthur",
"STIMMBETEILIGUNG": "   68.42",
"AZ_GÜLTIGE_STIMMZETTEL": 193,
"AZ_JA_STIMMEN": 110
}
,
{
"GEMEINDE": "Neftenbach",
"BEZIRK": "Winterthur",
"STIMMBETEILIGUNG": "   45.97",
"AZ_GÜLTIGE_STIMMZETTEL": 1315,
"AZ_JA_STIMMEN": 885
}
,
{
"GEMEINDE": "Pfungen",
"BEZIRK": "Winterthur",
"STIMMBETEILIGUNG": "   47.29",
"AZ_GÜLTIGE_STIMMZETTEL": 674,
"AZ_JA_STIMMEN": 491
}
,
{
"GEMEINDE": "Rickenbach",
"BEZIRK": "Winterthur",
"STIMMBETEILIGUNG": "   61.68",
"AZ_GÜLTIGE_STIMMZETTEL": 834,
"AZ_JA_STIMMEN": 638
}
,
{
"GEMEINDE": "Schlatt",
"BEZIRK": "Winterthur",
"STIMMBETEILIGUNG": "   71.95",
"AZ_GÜLTIGE_STIMMZETTEL": 311,
"AZ_JA_STIMMEN": 191
}
,
{
"GEMEINDE": "Seuzach",
"BEZIRK": "Winterthur",
"STIMMBETEILIGUNG": "   45.99",
"AZ_GÜLTIGE_STIMMZETTEL": 1799,
"AZ_JA_STIMMEN": 1374
}
,
{
"GEMEINDE": "Turbenthal",
"BEZIRK": "Winterthur",
"STIMMBETEILIGUNG": "   49.41",
"AZ_GÜLTIGE_STIMMZETTEL": 1160,
"AZ_JA_STIMMEN": 861
}
,
{
"GEMEINDE": "Wiesendangen",
"BEZIRK": "Winterthur",
"STIMMBETEILIGUNG": "   58.81",
"AZ_GÜLTIGE_STIMMZETTEL": 1914,
"AZ_JA_STIMMEN": 1448
}
,
{
"GEMEINDE": "Winterthur",
"BEZIRK": "Winterthur",
"STIMMBETEILIGUNG": "   46.04",
"AZ_GÜLTIGE_STIMMZETTEL": 25965,
"AZ_JA_STIMMEN": 21808
}
,
{
"GEMEINDE": "Zell",
"BEZIRK": "Winterthur",
"STIMMBETEILIGUNG": "   47.11",
"AZ_GÜLTIGE_STIMMZETTEL": 1231,
"AZ_JA_STIMMEN": 926
}
,
{
"GEMEINDE": "Zürich",
"BEZIRK": "Zürich",
"STIMMBETEILIGUNG": "   41.86",
"AZ_GÜLTIGE_STIMMZETTEL": 93682,
"AZ_JA_STIMMEN": 82461
}
]
