[
{
"GEMEINDE": "Aeugst a.A.",
"BEZIRK": "Affoltern",
"STIMMBETEILIGUNG": "   71.02",
"AZ_GÜLTIGE_STIMMZETTEL": 120,
"AZ_JA_STIMMEN": 8
}
,
{
"GEMEINDE": "Affoltern a.A.",
"BEZIRK": "Affoltern",
"STIMMBETEILIGUNG": "   74.42",
"AZ_GÜLTIGE_STIMMZETTEL": 620,
"AZ_JA_STIMMEN": 134
}
,
{
"GEMEINDE": "Bonstetten",
"BEZIRK": "Affoltern",
"STIMMBETEILIGUNG": "   83.95",
"AZ_GÜLTIGE_STIMMZETTEL": 195,
"AZ_JA_STIMMEN": 44
}
,
{
"GEMEINDE": "Hausen a.A.",
"BEZIRK": "Affoltern",
"STIMMBETEILIGUNG": "   58.56",
"AZ_GÜLTIGE_STIMMZETTEL": 248,
"AZ_JA_STIMMEN": 16
}
,
{
"GEMEINDE": "Hedingen",
"BEZIRK": "Affoltern",
"STIMMBETEILIGUNG": "   77.74",
"AZ_GÜLTIGE_STIMMZETTEL": 207,
"AZ_JA_STIMMEN": 35
}
,
{
"GEMEINDE": "Kappel a.A.",
"BEZIRK": "Affoltern",
"STIMMBETEILIGUNG": "   77.48",
"AZ_GÜLTIGE_STIMMZETTEL": 111,
"AZ_JA_STIMMEN": 4
}
,
{
"GEMEINDE": "Knonau",
"BEZIRK": "Affoltern",
"STIMMBETEILIGUNG": "   75.27",
"AZ_GÜLTIGE_STIMMZETTEL": 130,
"AZ_JA_STIMMEN": 11
}
,
{
"GEMEINDE": "Maschwanden",
"BEZIRK": "Affoltern",
"STIMMBETEILIGUNG": "   89.44",
"AZ_GÜLTIGE_STIMMZETTEL": 120,
"AZ_JA_STIMMEN": 7
}
,
{
"GEMEINDE": "Mettmenstetten",
"BEZIRK": "Affoltern",
"STIMMBETEILIGUNG": "   73.54",
"AZ_GÜLTIGE_STIMMZETTEL": 316,
"AZ_JA_STIMMEN": 27
}
,
{
"GEMEINDE": "Obfelden",
"BEZIRK": "Affoltern",
"STIMMBETEILIGUNG": "   71.97",
"AZ_GÜLTIGE_STIMMZETTEL": 274,
"AZ_JA_STIMMEN": 37
}
,
{
"GEMEINDE": "Ottenbach",
"BEZIRK": "Affoltern",
"STIMMBETEILIGUNG": "   64.89",
"AZ_GÜLTIGE_STIMMZETTEL": 178,
"AZ_JA_STIMMEN": 14
}
,
{
"GEMEINDE": "Rifferswil",
"BEZIRK": "Affoltern",
"STIMMBETEILIGUNG": "   81.51",
"AZ_GÜLTIGE_STIMMZETTEL": 113,
"AZ_JA_STIMMEN": 6
}
,
{
"GEMEINDE": "Stallikon",
"BEZIRK": "Affoltern",
"STIMMBETEILIGUNG": "   63.24",
"AZ_GÜLTIGE_STIMMZETTEL": 114,
"AZ_JA_STIMMEN": 4
}
,
{
"GEMEINDE": "Wettswil a.A.",
"BEZIRK": "Affoltern",
"STIMMBETEILIGUNG": "   72.22",
"AZ_GÜLTIGE_STIMMZETTEL": 65,
"AZ_JA_STIMMEN": 5
}
,
{
"GEMEINDE": "Adlikon",
"BEZIRK": "Andelfingen",
"STIMMBETEILIGUNG": "   90.55",
"AZ_GÜLTIGE_STIMMZETTEL": 112,
"AZ_JA_STIMMEN": 8
}
,
{
"GEMEINDE": "Andelfingen",
"BEZIRK": "Andelfingen",
"STIMMBETEILIGUNG": "   76.43",
"AZ_GÜLTIGE_STIMMZETTEL": 203,
"AZ_JA_STIMMEN": 34
}
,
{
"GEMEINDE": "Benken",
"BEZIRK": "Andelfingen",
"STIMMBETEILIGUNG": "   84.72",
"AZ_GÜLTIGE_STIMMZETTEL": 119,
"AZ_JA_STIMMEN": 11
}
,
{
"GEMEINDE": "Berg a.I.",
"BEZIRK": "Andelfingen",
"STIMMBETEILIGUNG": "   92.80",
"AZ_GÜLTIGE_STIMMZETTEL": 114,
"AZ_JA_STIMMEN": 9
}
,
{
"GEMEINDE": "Buch a.I.",
"BEZIRK": "Andelfingen",
"STIMMBETEILIGUNG": "   82.64",
"AZ_GÜLTIGE_STIMMZETTEL": 118,
"AZ_JA_STIMMEN": 6
}
,
{
"GEMEINDE": "Dachsen",
"BEZIRK": "Andelfingen",
"STIMMBETEILIGUNG": "   88.69",
"AZ_GÜLTIGE_STIMMZETTEL": 136,
"AZ_JA_STIMMEN": 23
}
,
{
"GEMEINDE": "Dorf",
"BEZIRK": "Andelfingen",
"STIMMBETEILIGUNG": "   87.50",
"AZ_GÜLTIGE_STIMMZETTEL": 72,
"AZ_JA_STIMMEN": 9
}
,
{
"GEMEINDE": "Feuerthalen",
"BEZIRK": "Andelfingen",
"STIMMBETEILIGUNG": "   85.74",
"AZ_GÜLTIGE_STIMMZETTEL": 462,
"AZ_JA_STIMMEN": 169
}
,
{
"GEMEINDE": "Flaach",
"BEZIRK": "Andelfingen",
"STIMMBETEILIGUNG": "   68.16",
"AZ_GÜLTIGE_STIMMZETTEL": 136,
"AZ_JA_STIMMEN": 2
}
,
{
"GEMEINDE": "Flurlingen",
"BEZIRK": "Andelfingen",
"STIMMBETEILIGUNG": "   80.88",
"AZ_GÜLTIGE_STIMMZETTEL": 196,
"AZ_JA_STIMMEN": 52
}
,
{
"GEMEINDE": "Henggart",
"BEZIRK": "Andelfingen",
"STIMMBETEILIGUNG": "   76.19",
"AZ_GÜLTIGE_STIMMZETTEL": 107,
"AZ_JA_STIMMEN": 11
}
,
{
"GEMEINDE": "Humlikon",
"BEZIRK": "Andelfingen",
"STIMMBETEILIGUNG": "   87.84",
"AZ_GÜLTIGE_STIMMZETTEL": 55,
"AZ_JA_STIMMEN": 7
}
,
{
"GEMEINDE": "Kleinandelfingen",
"BEZIRK": "Andelfingen",
"STIMMBETEILIGUNG": "   84.08",
"AZ_GÜLTIGE_STIMMZETTEL": 226,
"AZ_JA_STIMMEN": 20
}
,
{
"GEMEINDE": "Laufen-Uhwiesen",
"BEZIRK": "Andelfingen",
"STIMMBETEILIGUNG": "   78.05",
"AZ_GÜLTIGE_STIMMZETTEL": 182,
"AZ_JA_STIMMEN": 46
}
,
{
"GEMEINDE": "Marthalen",
"BEZIRK": "Andelfingen",
"STIMMBETEILIGUNG": "   77.00",
"AZ_GÜLTIGE_STIMMZETTEL": 288,
"AZ_JA_STIMMEN": 55
}
,
{
"GEMEINDE": "Oberstammheim",
"BEZIRK": "Andelfingen",
"STIMMBETEILIGUNG": "   80.27",
"AZ_GÜLTIGE_STIMMZETTEL": 177,
"AZ_JA_STIMMEN": 11
}
,
{
"GEMEINDE": "Ossingen",
"BEZIRK": "Andelfingen",
"STIMMBETEILIGUNG": "   78.09",
"AZ_GÜLTIGE_STIMMZETTEL": 213,
"AZ_JA_STIMMEN": 22
}
,
{
"GEMEINDE": "Rheinau",
"BEZIRK": "Andelfingen",
"STIMMBETEILIGUNG": "   75.88",
"AZ_GÜLTIGE_STIMMZETTEL": 189,
"AZ_JA_STIMMEN": 92
}
,
{
"GEMEINDE": "Thalheim a.d.Th.",
"BEZIRK": "Andelfingen",
"STIMMBETEILIGUNG": "   92.25",
"AZ_GÜLTIGE_STIMMZETTEL": 120,
"AZ_JA_STIMMEN": 5
}
,
{
"GEMEINDE": "Trüllikon",
"BEZIRK": "Andelfingen",
"STIMMBETEILIGUNG": "   85.55",
"AZ_GÜLTIGE_STIMMZETTEL": 210,
"AZ_JA_STIMMEN": 12
}
,
{
"GEMEINDE": "Truttikon",
"BEZIRK": "Andelfingen",
"STIMMBETEILIGUNG": "   85.58",
"AZ_GÜLTIGE_STIMMZETTEL": 87,
"AZ_JA_STIMMEN": 3
}
,
{
"GEMEINDE": "Unterstammheim",
"BEZIRK": "Andelfingen",
"STIMMBETEILIGUNG": "   83.05",
"AZ_GÜLTIGE_STIMMZETTEL": 138,
"AZ_JA_STIMMEN": 8
}
,
{
"GEMEINDE": "Volken",
"BEZIRK": "Andelfingen",
"STIMMBETEILIGUNG": "   88.57",
"AZ_GÜLTIGE_STIMMZETTEL": 59,
"AZ_JA_STIMMEN": 0
}
,
{
"GEMEINDE": "Waltalingen",
"BEZIRK": "Andelfingen",
"STIMMBETEILIGUNG": "   91.36",
"AZ_GÜLTIGE_STIMMZETTEL": 145,
"AZ_JA_STIMMEN": 0
}
,
{
"GEMEINDE": "Bachenbülach",
"BEZIRK": "Bülach",
"STIMMBETEILIGUNG": "   89.29",
"AZ_GÜLTIGE_STIMMZETTEL": 134,
"AZ_JA_STIMMEN": 33
}
,
{
"GEMEINDE": "Bassersdorf",
"BEZIRK": "Bülach",
"STIMMBETEILIGUNG": "   75.00",
"AZ_GÜLTIGE_STIMMZETTEL": 347,
"AZ_JA_STIMMEN": 105
}
,
{
"GEMEINDE": "Bülach",
"BEZIRK": "Bülach",
"STIMMBETEILIGUNG": "   68.53",
"AZ_GÜLTIGE_STIMMZETTEL": 610,
"AZ_JA_STIMMEN": 188
}
,
{
"GEMEINDE": "Dietlikon",
"BEZIRK": "Bülach",
"STIMMBETEILIGUNG": "   63.86",
"AZ_GÜLTIGE_STIMMZETTEL": 146,
"AZ_JA_STIMMEN": 59
}
,
{
"GEMEINDE": "Eglisau",
"BEZIRK": "Bülach",
"STIMMBETEILIGUNG": "   60.05",
"AZ_GÜLTIGE_STIMMZETTEL": 215,
"AZ_JA_STIMMEN": 25
}
,
{
"GEMEINDE": "Embrach",
"BEZIRK": "Bülach",
"STIMMBETEILIGUNG": "   83.23",
"AZ_GÜLTIGE_STIMMZETTEL": 386,
"AZ_JA_STIMMEN": 78
}
,
{
"GEMEINDE": "Freienstein-Teufen",
"BEZIRK": "Bülach",
"STIMMBETEILIGUNG": "   85.06",
"AZ_GÜLTIGE_STIMMZETTEL": 240,
"AZ_JA_STIMMEN": 39
}
,
{
"GEMEINDE": "Glattfelden",
"BEZIRK": "Bülach",
"STIMMBETEILIGUNG": "   77.65",
"AZ_GÜLTIGE_STIMMZETTEL": 377,
"AZ_JA_STIMMEN": 114
}
,
{
"GEMEINDE": "Hochfelden",
"BEZIRK": "Bülach",
"STIMMBETEILIGUNG": "   89.86",
"AZ_GÜLTIGE_STIMMZETTEL": 117,
"AZ_JA_STIMMEN": 22
}
,
{
"GEMEINDE": "Höri",
"BEZIRK": "Bülach",
"STIMMBETEILIGUNG": "   76.76",
"AZ_GÜLTIGE_STIMMZETTEL": 105,
"AZ_JA_STIMMEN": 15
}
,
{
"GEMEINDE": "Hüntwangen",
"BEZIRK": "Bülach",
"STIMMBETEILIGUNG": "   90.34",
"AZ_GÜLTIGE_STIMMZETTEL": 128,
"AZ_JA_STIMMEN": 17
}
,
{
"GEMEINDE": "Kloten",
"BEZIRK": "Bülach",
"STIMMBETEILIGUNG": "   71.01",
"AZ_GÜLTIGE_STIMMZETTEL": 393,
"AZ_JA_STIMMEN": 111
}
,
{
"GEMEINDE": "Lufingen",
"BEZIRK": "Bülach",
"STIMMBETEILIGUNG": "   92.17",
"AZ_GÜLTIGE_STIMMZETTEL": 102,
"AZ_JA_STIMMEN": 2
}
,
{
"GEMEINDE": "Nürensdorf",
"BEZIRK": "Bülach",
"STIMMBETEILIGUNG": "   84.00",
"AZ_GÜLTIGE_STIMMZETTEL": 180,
"AZ_JA_STIMMEN": 30
}
,
{
"GEMEINDE": "Oberembrach",
"BEZIRK": "Bülach",
"STIMMBETEILIGUNG": "   92.31",
"AZ_GÜLTIGE_STIMMZETTEL": 118,
"AZ_JA_STIMMEN": 2
}
,
{
"GEMEINDE": "Opfikon",
"BEZIRK": "Bülach",
"STIMMBETEILIGUNG": "   73.21",
"AZ_GÜLTIGE_STIMMZETTEL": 269,
"AZ_JA_STIMMEN": 108
}
,
{
"GEMEINDE": "Rafz",
"BEZIRK": "Bülach",
"STIMMBETEILIGUNG": "   80.73",
"AZ_GÜLTIGE_STIMMZETTEL": 348,
"AZ_JA_STIMMEN": 52
}
,
{
"GEMEINDE": "Rorbas",
"BEZIRK": "Bülach",
"STIMMBETEILIGUNG": "   82.83",
"AZ_GÜLTIGE_STIMMZETTEL": 255,
"AZ_JA_STIMMEN": 73
}
,
{
"GEMEINDE": "Wallisellen",
"BEZIRK": "Bülach",
"STIMMBETEILIGUNG": "   60.59",
"AZ_GÜLTIGE_STIMMZETTEL": 668,
"AZ_JA_STIMMEN": 244
}
,
{
"GEMEINDE": "Wasterkingen",
"BEZIRK": "Bülach",
"STIMMBETEILIGUNG": "   90.48",
"AZ_GÜLTIGE_STIMMZETTEL": 72,
"AZ_JA_STIMMEN": 5
}
,
{
"GEMEINDE": "Wil",
"BEZIRK": "Bülach",
"STIMMBETEILIGUNG": "   87.50",
"AZ_GÜLTIGE_STIMMZETTEL": 189,
"AZ_JA_STIMMEN": 32
}
,
{
"GEMEINDE": "Winkel",
"BEZIRK": "Bülach",
"STIMMBETEILIGUNG": "   94.20",
"AZ_GÜLTIGE_STIMMZETTEL": 128,
"AZ_JA_STIMMEN": 4
}
,
{
"GEMEINDE": "Bachs",
"BEZIRK": "Dielsdorf",
"STIMMBETEILIGUNG": "   72.00",
"AZ_GÜLTIGE_STIMMZETTEL": 85,
"AZ_JA_STIMMEN": 15
}
,
{
"GEMEINDE": "Boppelsen",
"BEZIRK": "Dielsdorf",
"STIMMBETEILIGUNG": "   85.90",
"AZ_GÜLTIGE_STIMMZETTEL": 64,
"AZ_JA_STIMMEN": 4
}
,
{
"GEMEINDE": "Buchs",
"BEZIRK": "Dielsdorf",
"STIMMBETEILIGUNG": "   72.00",
"AZ_GÜLTIGE_STIMMZETTEL": 126,
"AZ_JA_STIMMEN": 26
}
,
{
"GEMEINDE": "Dällikon",
"BEZIRK": "Dielsdorf",
"STIMMBETEILIGUNG": "   71.70",
"AZ_GÜLTIGE_STIMMZETTEL": 72,
"AZ_JA_STIMMEN": 6
}
,
{
"GEMEINDE": "Dänikon",
"BEZIRK": "Dielsdorf",
"STIMMBETEILIGUNG": "   80.00",
"AZ_GÜLTIGE_STIMMZETTEL": 44,
"AZ_JA_STIMMEN": 8
}
,
{
"GEMEINDE": "Dielsdorf",
"BEZIRK": "Dielsdorf",
"STIMMBETEILIGUNG": "   71.97",
"AZ_GÜLTIGE_STIMMZETTEL": 164,
"AZ_JA_STIMMEN": 16
}
,
{
"GEMEINDE": "Hüttikon",
"BEZIRK": "Dielsdorf",
"STIMMBETEILIGUNG": "   68.57",
"AZ_GÜLTIGE_STIMMZETTEL": 22,
"AZ_JA_STIMMEN": 2
}
,
{
"GEMEINDE": "Neerach",
"BEZIRK": "Dielsdorf",
"STIMMBETEILIGUNG": "   70.06",
"AZ_GÜLTIGE_STIMMZETTEL": 99,
"AZ_JA_STIMMEN": 6
}
,
{
"GEMEINDE": "Niederglatt",
"BEZIRK": "Dielsdorf",
"STIMMBETEILIGUNG": "   54.55",
"AZ_GÜLTIGE_STIMMZETTEL": 111,
"AZ_JA_STIMMEN": 26
}
,
{
"GEMEINDE": "Niederhasli",
"BEZIRK": "Dielsdorf",
"STIMMBETEILIGUNG": "   70.71",
"AZ_GÜLTIGE_STIMMZETTEL": 178,
"AZ_JA_STIMMEN": 34
}
,
{
"GEMEINDE": "Niederweningen",
"BEZIRK": "Dielsdorf",
"STIMMBETEILIGUNG": "   67.58",
"AZ_GÜLTIGE_STIMMZETTEL": 143,
"AZ_JA_STIMMEN": 15
}
,
{
"GEMEINDE": "Oberglatt",
"BEZIRK": "Dielsdorf",
"STIMMBETEILIGUNG": "   63.33",
"AZ_GÜLTIGE_STIMMZETTEL": 157,
"AZ_JA_STIMMEN": 19
}
,
{
"GEMEINDE": "Oberweningen",
"BEZIRK": "Dielsdorf",
"STIMMBETEILIGUNG": "   79.76",
"AZ_GÜLTIGE_STIMMZETTEL": 58,
"AZ_JA_STIMMEN": 5
}
,
{
"GEMEINDE": "Otelfingen",
"BEZIRK": "Dielsdorf",
"STIMMBETEILIGUNG": "   50.00",
"AZ_GÜLTIGE_STIMMZETTEL": 81,
"AZ_JA_STIMMEN": 4
}
,
{
"GEMEINDE": "Regensberg",
"BEZIRK": "Dielsdorf",
"STIMMBETEILIGUNG": "   72.06",
"AZ_GÜLTIGE_STIMMZETTEL": 48,
"AZ_JA_STIMMEN": 5
}
,
{
"GEMEINDE": "Regensdorf",
"BEZIRK": "Dielsdorf",
"STIMMBETEILIGUNG": "   59.04",
"AZ_GÜLTIGE_STIMMZETTEL": 275,
"AZ_JA_STIMMEN": 75
}
,
{
"GEMEINDE": "Rümlang",
"BEZIRK": "Dielsdorf",
"STIMMBETEILIGUNG": "   84.96",
"AZ_GÜLTIGE_STIMMZETTEL": 263,
"AZ_JA_STIMMEN": 66
}
,
{
"GEMEINDE": "Schleinikon",
"BEZIRK": "Dielsdorf",
"STIMMBETEILIGUNG": "   73.53",
"AZ_GÜLTIGE_STIMMZETTEL": 72,
"AZ_JA_STIMMEN": 8
}
,
{
"GEMEINDE": "Schöfflisdorf",
"BEZIRK": "Dielsdorf",
"STIMMBETEILIGUNG": "   76.40",
"AZ_GÜLTIGE_STIMMZETTEL": 67,
"AZ_JA_STIMMEN": 9
}
,
{
"GEMEINDE": "Stadel",
"BEZIRK": "Dielsdorf",
"STIMMBETEILIGUNG": "   81.25",
"AZ_GÜLTIGE_STIMMZETTEL": 212,
"AZ_JA_STIMMEN": 14
}
,
{
"GEMEINDE": "Steinmaur",
"BEZIRK": "Dielsdorf",
"STIMMBETEILIGUNG": "   84.19",
"AZ_GÜLTIGE_STIMMZETTEL": 177,
"AZ_JA_STIMMEN": 29
}
,
{
"GEMEINDE": "Weiach",
"BEZIRK": "Dielsdorf",
"STIMMBETEILIGUNG": "   84.47",
"AZ_GÜLTIGE_STIMMZETTEL": 130,
"AZ_JA_STIMMEN": 27
}
,
{
"GEMEINDE": "Aesch",
"BEZIRK": "Dietikon",
"STIMMBETEILIGUNG": "   83.72",
"AZ_GÜLTIGE_STIMMZETTEL": 67,
"AZ_JA_STIMMEN": 4
}
,
{
"GEMEINDE": "Birmensdorf",
"BEZIRK": "Dietikon",
"STIMMBETEILIGUNG": "   65.71",
"AZ_GÜLTIGE_STIMMZETTEL": 239,
"AZ_JA_STIMMEN": 61
}
,
{
"GEMEINDE": "Dietikon",
"BEZIRK": "Dietikon",
"STIMMBETEILIGUNG": "   54.80",
"AZ_GÜLTIGE_STIMMZETTEL": 941,
"AZ_JA_STIMMEN": 556
}
,
{
"GEMEINDE": "Geroldswil",
"BEZIRK": "Dietikon",
"STIMMBETEILIGUNG": "   42.86",
"AZ_GÜLTIGE_STIMMZETTEL": 32,
"AZ_JA_STIMMEN": 9
}
,
{
"GEMEINDE": "Oberengstringen",
"BEZIRK": "Dietikon",
"STIMMBETEILIGUNG": "   50.25",
"AZ_GÜLTIGE_STIMMZETTEL": 94,
"AZ_JA_STIMMEN": 52
}
,
{
"GEMEINDE": "Oetwil a.d.L",
"BEZIRK": "Dietikon",
"STIMMBETEILIGUNG": "   74.32",
"AZ_GÜLTIGE_STIMMZETTEL": 52,
"AZ_JA_STIMMEN": 6
}
,
{
"GEMEINDE": "Schlieren",
"BEZIRK": "Dietikon",
"STIMMBETEILIGUNG": "   60.38",
"AZ_GÜLTIGE_STIMMZETTEL": 729,
"AZ_JA_STIMMEN": 360
}
,
{
"GEMEINDE": "Uitikon",
"BEZIRK": "Dietikon",
"STIMMBETEILIGUNG": "   53.47",
"AZ_GÜLTIGE_STIMMZETTEL": 70,
"AZ_JA_STIMMEN": 4
}
,
{
"GEMEINDE": "Unterengstringen",
"BEZIRK": "Dietikon",
"STIMMBETEILIGUNG": "   63.18",
"AZ_GÜLTIGE_STIMMZETTEL": 110,
"AZ_JA_STIMMEN": 37
}
,
{
"GEMEINDE": "Urdorf",
"BEZIRK": "Dietikon",
"STIMMBETEILIGUNG": "   62.36",
"AZ_GÜLTIGE_STIMMZETTEL": 210,
"AZ_JA_STIMMEN": 54
}
,
{
"GEMEINDE": "Weiningen",
"BEZIRK": "Dietikon",
"STIMMBETEILIGUNG": "   64.10",
"AZ_GÜLTIGE_STIMMZETTEL": 167,
"AZ_JA_STIMMEN": 38
}
,
{
"GEMEINDE": "Bäretswil",
"BEZIRK": "Hinwil",
"STIMMBETEILIGUNG": "   77.24",
"AZ_GÜLTIGE_STIMMZETTEL": 505,
"AZ_JA_STIMMEN": 78
}
,
{
"GEMEINDE": "Bubikon",
"BEZIRK": "Hinwil",
"STIMMBETEILIGUNG": "   77.72",
"AZ_GÜLTIGE_STIMMZETTEL": 428,
"AZ_JA_STIMMEN": 83
}
,
{
"GEMEINDE": "Dürnten",
"BEZIRK": "Hinwil",
"STIMMBETEILIGUNG": "   79.00",
"AZ_GÜLTIGE_STIMMZETTEL": 690,
"AZ_JA_STIMMEN": 233
}
,
{
"GEMEINDE": "Fischenthal",
"BEZIRK": "Hinwil",
"STIMMBETEILIGUNG": "   74.49",
"AZ_GÜLTIGE_STIMMZETTEL": 377,
"AZ_JA_STIMMEN": 26
}
,
{
"GEMEINDE": "Gossau",
"BEZIRK": "Hinwil",
"STIMMBETEILIGUNG": "   76.31",
"AZ_GÜLTIGE_STIMMZETTEL": 571,
"AZ_JA_STIMMEN": 86
}
,
{
"GEMEINDE": "Grüningen",
"BEZIRK": "Hinwil",
"STIMMBETEILIGUNG": "   67.42",
"AZ_GÜLTIGE_STIMMZETTEL": 257,
"AZ_JA_STIMMEN": 27
}
,
{
"GEMEINDE": "Hinwil",
"BEZIRK": "Hinwil",
"STIMMBETEILIGUNG": "   80.72",
"AZ_GÜLTIGE_STIMMZETTEL": 698,
"AZ_JA_STIMMEN": 154
}
,
{
"GEMEINDE": "Rüti",
"BEZIRK": "Hinwil",
"STIMMBETEILIGUNG": "   63.64",
"AZ_GÜLTIGE_STIMMZETTEL": 1009,
"AZ_JA_STIMMEN": 385
}
,
{
"GEMEINDE": "Seegräben",
"BEZIRK": "Hinwil",
"STIMMBETEILIGUNG": "   82.56",
"AZ_GÜLTIGE_STIMMZETTEL": 155,
"AZ_JA_STIMMEN": 47
}
,
{
"GEMEINDE": "Wald",
"BEZIRK": "Hinwil",
"STIMMBETEILIGUNG": "   66.11",
"AZ_GÜLTIGE_STIMMZETTEL": 1189,
"AZ_JA_STIMMEN": 315
}
,
{
"GEMEINDE": "Wetzikon",
"BEZIRK": "Hinwil",
"STIMMBETEILIGUNG": "   75.51",
"AZ_GÜLTIGE_STIMMZETTEL": 1321,
"AZ_JA_STIMMEN": 445
}
,
{
"GEMEINDE": "Adliswil",
"BEZIRK": "Horgen",
"STIMMBETEILIGUNG": "   60.94",
"AZ_GÜLTIGE_STIMMZETTEL": 859,
"AZ_JA_STIMMEN": 303
}
,
{
"GEMEINDE": "Hirzel",
"BEZIRK": "Horgen",
"STIMMBETEILIGUNG": "   74.43",
"AZ_GÜLTIGE_STIMMZETTEL": 222,
"AZ_JA_STIMMEN": 22
}
,
{
"GEMEINDE": "Horgen",
"BEZIRK": "Horgen",
"STIMMBETEILIGUNG": "   64.11",
"AZ_GÜLTIGE_STIMMZETTEL": 1646,
"AZ_JA_STIMMEN": 540
}
,
{
"GEMEINDE": "Hütten",
"BEZIRK": "Horgen",
"STIMMBETEILIGUNG": "   68.10",
"AZ_GÜLTIGE_STIMMZETTEL": 110,
"AZ_JA_STIMMEN": 5
}
,
{
"GEMEINDE": "Kilchberg",
"BEZIRK": "Horgen",
"STIMMBETEILIGUNG": "   55.73",
"AZ_GÜLTIGE_STIMMZETTEL": 575,
"AZ_JA_STIMMEN": 120
}
,
{
"GEMEINDE": "Langnau a.A.",
"BEZIRK": "Horgen",
"STIMMBETEILIGUNG": "   60.50",
"AZ_GÜLTIGE_STIMMZETTEL": 317,
"AZ_JA_STIMMEN": 96
}
,
{
"GEMEINDE": "Oberrieden",
"BEZIRK": "Horgen",
"STIMMBETEILIGUNG": "   61.99",
"AZ_GÜLTIGE_STIMMZETTEL": 277,
"AZ_JA_STIMMEN": 97
}
,
{
"GEMEINDE": "Richterswil",
"BEZIRK": "Horgen",
"STIMMBETEILIGUNG": "   62.63",
"AZ_GÜLTIGE_STIMMZETTEL": 744,
"AZ_JA_STIMMEN": 236
}
,
{
"GEMEINDE": "Rüschlikon",
"BEZIRK": "Horgen",
"STIMMBETEILIGUNG": "   65.17",
"AZ_GÜLTIGE_STIMMZETTEL": 448,
"AZ_JA_STIMMEN": 124
}
,
{
"GEMEINDE": "Schönenberg",
"BEZIRK": "Horgen",
"STIMMBETEILIGUNG": "   70.86",
"AZ_GÜLTIGE_STIMMZETTEL": 242,
"AZ_JA_STIMMEN": 16
}
,
{
"GEMEINDE": "Thalwil",
"BEZIRK": "Horgen",
"STIMMBETEILIGUNG": "   64.67",
"AZ_GÜLTIGE_STIMMZETTEL": 1400,
"AZ_JA_STIMMEN": 507
}
,
{
"GEMEINDE": "Wädenswil",
"BEZIRK": "Horgen",
"STIMMBETEILIGUNG": "   63.40",
"AZ_GÜLTIGE_STIMMZETTEL": 1514,
"AZ_JA_STIMMEN": 420
}
,
{
"GEMEINDE": "Erlenbach",
"BEZIRK": "Meilen",
"STIMMBETEILIGUNG": "   61.74",
"AZ_GÜLTIGE_STIMMZETTEL": 427,
"AZ_JA_STIMMEN": 139
}
,
{
"GEMEINDE": "Herrliberg",
"BEZIRK": "Meilen",
"STIMMBETEILIGUNG": "   58.47",
"AZ_GÜLTIGE_STIMMZETTEL": 273,
"AZ_JA_STIMMEN": 49
}
,
{
"GEMEINDE": "Hombrechtikon",
"BEZIRK": "Meilen",
"STIMMBETEILIGUNG": "   75.10",
"AZ_GÜLTIGE_STIMMZETTEL": 523,
"AZ_JA_STIMMEN": 105
}
,
{
"GEMEINDE": "Küsnacht",
"BEZIRK": "Meilen",
"STIMMBETEILIGUNG": "   60.04",
"AZ_GÜLTIGE_STIMMZETTEL": 924,
"AZ_JA_STIMMEN": 179
}
,
{
"GEMEINDE": "Männedorf",
"BEZIRK": "Meilen",
"STIMMBETEILIGUNG": "   70.23",
"AZ_GÜLTIGE_STIMMZETTEL": 642,
"AZ_JA_STIMMEN": 146
}
,
{
"GEMEINDE": "Meilen",
"BEZIRK": "Meilen",
"STIMMBETEILIGUNG": "   64.83",
"AZ_GÜLTIGE_STIMMZETTEL": 791,
"AZ_JA_STIMMEN": 153
}
,
{
"GEMEINDE": "Oetwil a.S.",
"BEZIRK": "Meilen",
"STIMMBETEILIGUNG": "   76.90",
"AZ_GÜLTIGE_STIMMZETTEL": 221,
"AZ_JA_STIMMEN": 11
}
,
{
"GEMEINDE": "Stäfa",
"BEZIRK": "Meilen",
"STIMMBETEILIGUNG": "   71.95",
"AZ_GÜLTIGE_STIMMZETTEL": 926,
"AZ_JA_STIMMEN": 229
}
,
{
"GEMEINDE": "Uetikon a.S.",
"BEZIRK": "Meilen",
"STIMMBETEILIGUNG": "   64.34",
"AZ_GÜLTIGE_STIMMZETTEL": 343,
"AZ_JA_STIMMEN": 39
}
,
{
"GEMEINDE": "Zollikon",
"BEZIRK": "Meilen",
"STIMMBETEILIGUNG": "   55.97",
"AZ_GÜLTIGE_STIMMZETTEL": 692,
"AZ_JA_STIMMEN": 169
}
,
{
"GEMEINDE": "Zumikon",
"BEZIRK": "Meilen",
"STIMMBETEILIGUNG": "   65.61",
"AZ_GÜLTIGE_STIMMZETTEL": 141,
"AZ_JA_STIMMEN": 40
}
,
{
"GEMEINDE": "Bauma",
"BEZIRK": "Pfäffikon",
"STIMMBETEILIGUNG": "   72.26",
"AZ_GÜLTIGE_STIMMZETTEL": 646,
"AZ_JA_STIMMEN": 129
}
,
{
"GEMEINDE": "Fehraltorf",
"BEZIRK": "Pfäffikon",
"STIMMBETEILIGUNG": "   71.79",
"AZ_GÜLTIGE_STIMMZETTEL": 193,
"AZ_JA_STIMMEN": 18
}
,
{
"GEMEINDE": "Hittnau",
"BEZIRK": "Pfäffikon",
"STIMMBETEILIGUNG": "   79.25",
"AZ_GÜLTIGE_STIMMZETTEL": 252,
"AZ_JA_STIMMEN": 30
}
,
{
"GEMEINDE": "Illnau-Effretikon",
"BEZIRK": "Pfäffikon",
"STIMMBETEILIGUNG": "   77.52",
"AZ_GÜLTIGE_STIMMZETTEL": 842,
"AZ_JA_STIMMEN": 222
}
,
{
"GEMEINDE": "Lindau",
"BEZIRK": "Pfäffikon",
"STIMMBETEILIGUNG": "   80.76",
"AZ_GÜLTIGE_STIMMZETTEL": 403,
"AZ_JA_STIMMEN": 151
}
,
{
"GEMEINDE": "Pfäffikon",
"BEZIRK": "Pfäffikon",
"STIMMBETEILIGUNG": "   77.35",
"AZ_GÜLTIGE_STIMMZETTEL": 790,
"AZ_JA_STIMMEN": 252
}
,
{
"GEMEINDE": "Russikon",
"BEZIRK": "Pfäffikon",
"STIMMBETEILIGUNG": "   82.23",
"AZ_GÜLTIGE_STIMMZETTEL": 306,
"AZ_JA_STIMMEN": 68
}
,
{
"GEMEINDE": "Weisslingen",
"BEZIRK": "Pfäffikon",
"STIMMBETEILIGUNG": "   88.61",
"AZ_GÜLTIGE_STIMMZETTEL": 293,
"AZ_JA_STIMMEN": 47
}
,
{
"GEMEINDE": "Wila",
"BEZIRK": "Pfäffikon",
"STIMMBETEILIGUNG": "   76.80",
"AZ_GÜLTIGE_STIMMZETTEL": 181,
"AZ_JA_STIMMEN": 47
}
,
{
"GEMEINDE": "Wildberg",
"BEZIRK": "Pfäffikon",
"STIMMBETEILIGUNG": "   83.87",
"AZ_GÜLTIGE_STIMMZETTEL": 152,
"AZ_JA_STIMMEN": 15
}
,
{
"GEMEINDE": "Dübendorf",
"BEZIRK": "Uster",
"STIMMBETEILIGUNG": "   54.67",
"AZ_GÜLTIGE_STIMMZETTEL": 730,
"AZ_JA_STIMMEN": 221
}
,
{
"GEMEINDE": "Egg",
"BEZIRK": "Uster",
"STIMMBETEILIGUNG": "   80.85",
"AZ_GÜLTIGE_STIMMZETTEL": 478,
"AZ_JA_STIMMEN": 47
}
,
{
"GEMEINDE": "Fällanden",
"BEZIRK": "Uster",
"STIMMBETEILIGUNG": "   66.67",
"AZ_GÜLTIGE_STIMMZETTEL": 138,
"AZ_JA_STIMMEN": 22
}
,
{
"GEMEINDE": "Greifensee",
"BEZIRK": "Uster",
"STIMMBETEILIGUNG": "   87.36",
"AZ_GÜLTIGE_STIMMZETTEL": 73,
"AZ_JA_STIMMEN": 11
}
,
{
"GEMEINDE": "Maur",
"BEZIRK": "Uster",
"STIMMBETEILIGUNG": "   82.34",
"AZ_GÜLTIGE_STIMMZETTEL": 342,
"AZ_JA_STIMMEN": 38
}
,
{
"GEMEINDE": "Mönchaltorf",
"BEZIRK": "Uster",
"STIMMBETEILIGUNG": "   72.94",
"AZ_GÜLTIGE_STIMMZETTEL": 152,
"AZ_JA_STIMMEN": 15
}
,
{
"GEMEINDE": "Schwerzenbach",
"BEZIRK": "Uster",
"STIMMBETEILIGUNG": "   67.90",
"AZ_GÜLTIGE_STIMMZETTEL": 51,
"AZ_JA_STIMMEN": 14
}
,
{
"GEMEINDE": "Uster",
"BEZIRK": "Uster",
"STIMMBETEILIGUNG": "   63.49",
"AZ_GÜLTIGE_STIMMZETTEL": 1612,
"AZ_JA_STIMMEN": 598
}
,
{
"GEMEINDE": "Volketswil",
"BEZIRK": "Uster",
"STIMMBETEILIGUNG": "   80.31",
"AZ_GÜLTIGE_STIMMZETTEL": 398,
"AZ_JA_STIMMEN": 65
}
,
{
"GEMEINDE": "Wangen-Brüttisellen",
"BEZIRK": "Uster",
"STIMMBETEILIGUNG": "   60.50",
"AZ_GÜLTIGE_STIMMZETTEL": 219,
"AZ_JA_STIMMEN": 68
}
,
{
"GEMEINDE": "Altikon",
"BEZIRK": "Winterthur",
"STIMMBETEILIGUNG": "   80.82",
"AZ_GÜLTIGE_STIMMZETTEL": 116,
"AZ_JA_STIMMEN": 2
}
,
{
"GEMEINDE": "Brütten",
"BEZIRK": "Winterthur",
"STIMMBETEILIGUNG": "   78.15",
"AZ_GÜLTIGE_STIMMZETTEL": 113,
"AZ_JA_STIMMEN": 11
}
,
{
"GEMEINDE": "Dägerlen",
"BEZIRK": "Winterthur",
"STIMMBETEILIGUNG": "   88.44",
"AZ_GÜLTIGE_STIMMZETTEL": 121,
"AZ_JA_STIMMEN": 9
}
,
{
"GEMEINDE": "Dättlikon",
"BEZIRK": "Winterthur",
"STIMMBETEILIGUNG": "   78.89",
"AZ_GÜLTIGE_STIMMZETTEL": 66,
"AZ_JA_STIMMEN": 3
}
,
{
"GEMEINDE": "Dinhard",
"BEZIRK": "Winterthur",
"STIMMBETEILIGUNG": "   83.33",
"AZ_GÜLTIGE_STIMMZETTEL": 195,
"AZ_JA_STIMMEN": 15
}
,
{
"GEMEINDE": "Elgg",
"BEZIRK": "Winterthur",
"STIMMBETEILIGUNG": "   73.20",
"AZ_GÜLTIGE_STIMMZETTEL": 377,
"AZ_JA_STIMMEN": 96
}
,
{
"GEMEINDE": "Ellikon a.d.Th.",
"BEZIRK": "Winterthur",
"STIMMBETEILIGUNG": "   76.79",
"AZ_GÜLTIGE_STIMMZETTEL": 79,
"AZ_JA_STIMMEN": 5
}
,
{
"GEMEINDE": "Elsau",
"BEZIRK": "Winterthur",
"STIMMBETEILIGUNG": "   82.60",
"AZ_GÜLTIGE_STIMMZETTEL": 281,
"AZ_JA_STIMMEN": 85
}
,
{
"GEMEINDE": "Hagenbuch",
"BEZIRK": "Winterthur",
"STIMMBETEILIGUNG": "   80.12",
"AZ_GÜLTIGE_STIMMZETTEL": 120,
"AZ_JA_STIMMEN": 10
}
,
{
"GEMEINDE": "Hettlingen",
"BEZIRK": "Winterthur",
"STIMMBETEILIGUNG": "   78.57",
"AZ_GÜLTIGE_STIMMZETTEL": 113,
"AZ_JA_STIMMEN": 28
}
,
{
"GEMEINDE": "Hofstetten",
"BEZIRK": "Winterthur",
"STIMMBETEILIGUNG": "   86.82",
"AZ_GÜLTIGE_STIMMZETTEL": 102,
"AZ_JA_STIMMEN": 8
}
,
{
"GEMEINDE": "Neftenbach",
"BEZIRK": "Winterthur",
"STIMMBETEILIGUNG": "   77.78",
"AZ_GÜLTIGE_STIMMZETTEL": 393,
"AZ_JA_STIMMEN": 106
}
,
{
"GEMEINDE": "Pfungen",
"BEZIRK": "Winterthur",
"STIMMBETEILIGUNG": "   71.17",
"AZ_GÜLTIGE_STIMMZETTEL": 214,
"AZ_JA_STIMMEN": 66
}
,
{
"GEMEINDE": "Rickenbach",
"BEZIRK": "Winterthur",
"STIMMBETEILIGUNG": "   84.13",
"AZ_GÜLTIGE_STIMMZETTEL": 95,
"AZ_JA_STIMMEN": 5
}
,
{
"GEMEINDE": "Schlatt",
"BEZIRK": "Winterthur",
"STIMMBETEILIGUNG": "   86.49",
"AZ_GÜLTIGE_STIMMZETTEL": 125,
"AZ_JA_STIMMEN": 11
}
,
{
"GEMEINDE": "Seuzach",
"BEZIRK": "Winterthur",
"STIMMBETEILIGUNG": "   79.53",
"AZ_GÜLTIGE_STIMMZETTEL": 316,
"AZ_JA_STIMMEN": 108
}
,
{
"GEMEINDE": "Turbenthal",
"BEZIRK": "Winterthur",
"STIMMBETEILIGUNG": "   76.50",
"AZ_GÜLTIGE_STIMMZETTEL": 481,
"AZ_JA_STIMMEN": 111
}
,
{
"GEMEINDE": "Wiesendangen",
"BEZIRK": "Winterthur",
"STIMMBETEILIGUNG": "   85.84",
"AZ_GÜLTIGE_STIMMZETTEL": 444,
"AZ_JA_STIMMEN": 67
}
,
{
"GEMEINDE": "Winterthur",
"BEZIRK": "Winterthur",
"STIMMBETEILIGUNG": "   77.28",
"AZ_GÜLTIGE_STIMMZETTEL": 11735,
"AZ_JA_STIMMEN": 5035
}
,
{
"GEMEINDE": "Zell",
"BEZIRK": "Winterthur",
"STIMMBETEILIGUNG": "   80.46",
"AZ_GÜLTIGE_STIMMZETTEL": 556,
"AZ_JA_STIMMEN": 189
}
,
{
"GEMEINDE": "Zürich",
"BEZIRK": "Zürich",
"STIMMBETEILIGUNG": "   48.79",
"AZ_GÜLTIGE_STIMMZETTEL": 39491,
"AZ_JA_STIMMEN": 18790
}
]
