[
{
"GEMEINDE": "Aeugst a.A.",
"BEZIRK": "Affoltern",
"STIMMBETEILIGUNG": "   50.46",
"AZ_GÜLTIGE_STIMMZETTEL": 481,
"AZ_JA_STIMMEN": 162
}
,
{
"GEMEINDE": "Affoltern a.A.",
"BEZIRK": "Affoltern",
"STIMMBETEILIGUNG": "   45.36",
"AZ_GÜLTIGE_STIMMZETTEL": 2511,
"AZ_JA_STIMMEN": 1099
}
,
{
"GEMEINDE": "Bonstetten",
"BEZIRK": "Affoltern",
"STIMMBETEILIGUNG": "   50.00",
"AZ_GÜLTIGE_STIMMZETTEL": 1093,
"AZ_JA_STIMMEN": 503
}
,
{
"GEMEINDE": "Hausen a.A.",
"BEZIRK": "Affoltern",
"STIMMBETEILIGUNG": "   46.44",
"AZ_GÜLTIGE_STIMMZETTEL": 891,
"AZ_JA_STIMMEN": 383
}
,
{
"GEMEINDE": "Hedingen",
"BEZIRK": "Affoltern",
"STIMMBETEILIGUNG": "   48.31",
"AZ_GÜLTIGE_STIMMZETTEL": 804,
"AZ_JA_STIMMEN": 379
}
,
{
"GEMEINDE": "Kappel a.A.",
"BEZIRK": "Affoltern",
"STIMMBETEILIGUNG": "   53.46",
"AZ_GÜLTIGE_STIMMZETTEL": 307,
"AZ_JA_STIMMEN": 107
}
,
{
"GEMEINDE": "Knonau",
"BEZIRK": "Affoltern",
"STIMMBETEILIGUNG": "   62.85",
"AZ_GÜLTIGE_STIMMZETTEL": 487,
"AZ_JA_STIMMEN": 188
}
,
{
"GEMEINDE": "Maschwanden",
"BEZIRK": "Affoltern",
"STIMMBETEILIGUNG": "   53.70",
"AZ_GÜLTIGE_STIMMZETTEL": 203,
"AZ_JA_STIMMEN": 77
}
,
{
"GEMEINDE": "Mettmenstetten",
"BEZIRK": "Affoltern",
"STIMMBETEILIGUNG": "   51.43",
"AZ_GÜLTIGE_STIMMZETTEL": 1066,
"AZ_JA_STIMMEN": 436
}
,
{
"GEMEINDE": "Obfelden",
"BEZIRK": "Affoltern",
"STIMMBETEILIGUNG": "   42.35",
"AZ_GÜLTIGE_STIMMZETTEL": 1070,
"AZ_JA_STIMMEN": 443
}
,
{
"GEMEINDE": "Ottenbach",
"BEZIRK": "Affoltern",
"STIMMBETEILIGUNG": "   45.98",
"AZ_GÜLTIGE_STIMMZETTEL": 682,
"AZ_JA_STIMMEN": 264
}
,
{
"GEMEINDE": "Rifferswil",
"BEZIRK": "Affoltern",
"STIMMBETEILIGUNG": "   62.08",
"AZ_GÜLTIGE_STIMMZETTEL": 287,
"AZ_JA_STIMMEN": 132
}
,
{
"GEMEINDE": "Stallikon",
"BEZIRK": "Affoltern",
"STIMMBETEILIGUNG": "   45.39",
"AZ_GÜLTIGE_STIMMZETTEL": 765,
"AZ_JA_STIMMEN": 337
}
,
{
"GEMEINDE": "Wettswil a.A.",
"BEZIRK": "Affoltern",
"STIMMBETEILIGUNG": "   59.38",
"AZ_GÜLTIGE_STIMMZETTEL": 1473,
"AZ_JA_STIMMEN": 582
}
,
{
"GEMEINDE": "Adlikon",
"BEZIRK": "Andelfingen",
"STIMMBETEILIGUNG": "   69.70",
"AZ_GÜLTIGE_STIMMZETTEL": 267,
"AZ_JA_STIMMEN": 70
}
,
{
"GEMEINDE": "Andelfingen",
"BEZIRK": "Andelfingen",
"STIMMBETEILIGUNG": "   57.68",
"AZ_GÜLTIGE_STIMMZETTEL": 629,
"AZ_JA_STIMMEN": 239
}
,
{
"GEMEINDE": "Benken",
"BEZIRK": "Andelfingen",
"STIMMBETEILIGUNG": "   64.13",
"AZ_GÜLTIGE_STIMMZETTEL": 292,
"AZ_JA_STIMMEN": 92
}
,
{
"GEMEINDE": "Berg a.I.",
"BEZIRK": "Andelfingen",
"STIMMBETEILIGUNG": "   60.50",
"AZ_GÜLTIGE_STIMMZETTEL": 209,
"AZ_JA_STIMMEN": 80
}
,
{
"GEMEINDE": "Buch a.I.",
"BEZIRK": "Andelfingen",
"STIMMBETEILIGUNG": "   52.74",
"AZ_GÜLTIGE_STIMMZETTEL": 247,
"AZ_JA_STIMMEN": 77
}
,
{
"GEMEINDE": "Dachsen",
"BEZIRK": "Andelfingen",
"STIMMBETEILIGUNG": "   51.34",
"AZ_GÜLTIGE_STIMMZETTEL": 448,
"AZ_JA_STIMMEN": 215
}
,
{
"GEMEINDE": "Dorf",
"BEZIRK": "Andelfingen",
"STIMMBETEILIGUNG": "   54.78",
"AZ_GÜLTIGE_STIMMZETTEL": 183,
"AZ_JA_STIMMEN": 51
}
,
{
"GEMEINDE": "Feuerthalen",
"BEZIRK": "Andelfingen",
"STIMMBETEILIGUNG": "   44.61",
"AZ_GÜLTIGE_STIMMZETTEL": 842,
"AZ_JA_STIMMEN": 408
}
,
{
"GEMEINDE": "Flaach",
"BEZIRK": "Andelfingen",
"STIMMBETEILIGUNG": "   49.24",
"AZ_GÜLTIGE_STIMMZETTEL": 342,
"AZ_JA_STIMMEN": 115
}
,
{
"GEMEINDE": "Flurlingen",
"BEZIRK": "Andelfingen",
"STIMMBETEILIGUNG": "   48.50",
"AZ_GÜLTIGE_STIMMZETTEL": 404,
"AZ_JA_STIMMEN": 208
}
,
{
"GEMEINDE": "Henggart",
"BEZIRK": "Andelfingen",
"STIMMBETEILIGUNG": "   61.46",
"AZ_GÜLTIGE_STIMMZETTEL": 584,
"AZ_JA_STIMMEN": 209
}
,
{
"GEMEINDE": "Humlikon",
"BEZIRK": "Andelfingen",
"STIMMBETEILIGUNG": "   65.89",
"AZ_GÜLTIGE_STIMMZETTEL": 169,
"AZ_JA_STIMMEN": 38
}
,
{
"GEMEINDE": "Kleinandelfingen",
"BEZIRK": "Andelfingen",
"STIMMBETEILIGUNG": "   52.47",
"AZ_GÜLTIGE_STIMMZETTEL": 569,
"AZ_JA_STIMMEN": 207
}
,
{
"GEMEINDE": "Laufen-Uhwiesen",
"BEZIRK": "Andelfingen",
"STIMMBETEILIGUNG": "   50.24",
"AZ_GÜLTIGE_STIMMZETTEL": 501,
"AZ_JA_STIMMEN": 175
}
,
{
"GEMEINDE": "Marthalen",
"BEZIRK": "Andelfingen",
"STIMMBETEILIGUNG": "   50.94",
"AZ_GÜLTIGE_STIMMZETTEL": 610,
"AZ_JA_STIMMEN": 229
}
,
{
"GEMEINDE": "Oberstammheim",
"BEZIRK": "Andelfingen",
"STIMMBETEILIGUNG": "   63.17",
"AZ_GÜLTIGE_STIMMZETTEL": 443,
"AZ_JA_STIMMEN": 133
}
,
{
"GEMEINDE": "Ossingen",
"BEZIRK": "Andelfingen",
"STIMMBETEILIGUNG": "   70.41",
"AZ_GÜLTIGE_STIMMZETTEL": 586,
"AZ_JA_STIMMEN": 197
}
,
{
"GEMEINDE": "Rheinau",
"BEZIRK": "Andelfingen",
"STIMMBETEILIGUNG": "   54.87",
"AZ_GÜLTIGE_STIMMZETTEL": 409,
"AZ_JA_STIMMEN": 208
}
,
{
"GEMEINDE": "Thalheim a.d.Th.",
"BEZIRK": "Andelfingen",
"STIMMBETEILIGUNG": "   49.89",
"AZ_GÜLTIGE_STIMMZETTEL": 213,
"AZ_JA_STIMMEN": 61
}
,
{
"GEMEINDE": "Trüllikon",
"BEZIRK": "Andelfingen",
"STIMMBETEILIGUNG": "   47.08",
"AZ_GÜLTIGE_STIMMZETTEL": 339,
"AZ_JA_STIMMEN": 129
}
,
{
"GEMEINDE": "Truttikon",
"BEZIRK": "Andelfingen",
"STIMMBETEILIGUNG": "   65.09",
"AZ_GÜLTIGE_STIMMZETTEL": 178,
"AZ_JA_STIMMEN": 46
}
,
{
"GEMEINDE": "Unterstammheim",
"BEZIRK": "Andelfingen",
"STIMMBETEILIGUNG": "   48.86",
"AZ_GÜLTIGE_STIMMZETTEL": 289,
"AZ_JA_STIMMEN": 94
}
,
{
"GEMEINDE": "Volken",
"BEZIRK": "Andelfingen",
"STIMMBETEILIGUNG": "   66.30",
"AZ_GÜLTIGE_STIMMZETTEL": 120,
"AZ_JA_STIMMEN": 29
}
,
{
"GEMEINDE": "Waltalingen",
"BEZIRK": "Andelfingen",
"STIMMBETEILIGUNG": "   60.25",
"AZ_GÜLTIGE_STIMMZETTEL": 233,
"AZ_JA_STIMMEN": 78
}
,
{
"GEMEINDE": "Bachenbülach",
"BEZIRK": "Bülach",
"STIMMBETEILIGUNG": "   41.60",
"AZ_GÜLTIGE_STIMMZETTEL": 684,
"AZ_JA_STIMMEN": 328
}
,
{
"GEMEINDE": "Bassersdorf",
"BEZIRK": "Bülach",
"STIMMBETEILIGUNG": "   43.68",
"AZ_GÜLTIGE_STIMMZETTEL": 1882,
"AZ_JA_STIMMEN": 920
}
,
{
"GEMEINDE": "Bülach",
"BEZIRK": "Bülach",
"STIMMBETEILIGUNG": "   45.71",
"AZ_GÜLTIGE_STIMMZETTEL": 3892,
"AZ_JA_STIMMEN": 1765
}
,
{
"GEMEINDE": "Dietlikon",
"BEZIRK": "Bülach",
"STIMMBETEILIGUNG": "   45.29",
"AZ_GÜLTIGE_STIMMZETTEL": 1705,
"AZ_JA_STIMMEN": 800
}
,
{
"GEMEINDE": "Eglisau",
"BEZIRK": "Bülach",
"STIMMBETEILIGUNG": "   51.75",
"AZ_GÜLTIGE_STIMMZETTEL": 951,
"AZ_JA_STIMMEN": 458
}
,
{
"GEMEINDE": "Embrach",
"BEZIRK": "Bülach",
"STIMMBETEILIGUNG": "   40.21",
"AZ_GÜLTIGE_STIMMZETTEL": 1719,
"AZ_JA_STIMMEN": 781
}
,
{
"GEMEINDE": "Freienstein-Teufen",
"BEZIRK": "Bülach",
"STIMMBETEILIGUNG": "   44.51",
"AZ_GÜLTIGE_STIMMZETTEL": 571,
"AZ_JA_STIMMEN": 198
}
,
{
"GEMEINDE": "Glattfelden",
"BEZIRK": "Bülach",
"STIMMBETEILIGUNG": "   40.32",
"AZ_GÜLTIGE_STIMMZETTEL": 812,
"AZ_JA_STIMMEN": 352
}
,
{
"GEMEINDE": "Hochfelden",
"BEZIRK": "Bülach",
"STIMMBETEILIGUNG": "   48.02",
"AZ_GÜLTIGE_STIMMZETTEL": 379,
"AZ_JA_STIMMEN": 159
}
,
{
"GEMEINDE": "Höri",
"BEZIRK": "Bülach",
"STIMMBETEILIGUNG": "   35.93",
"AZ_GÜLTIGE_STIMMZETTEL": 360,
"AZ_JA_STIMMEN": 140
}
,
{
"GEMEINDE": "Hüntwangen",
"BEZIRK": "Bülach",
"STIMMBETEILIGUNG": "   51.30",
"AZ_GÜLTIGE_STIMMZETTEL": 267,
"AZ_JA_STIMMEN": 103
}
,
{
"GEMEINDE": "Kloten",
"BEZIRK": "Bülach",
"STIMMBETEILIGUNG": "   56.04",
"AZ_GÜLTIGE_STIMMZETTEL": 5531,
"AZ_JA_STIMMEN": 2796
}
,
{
"GEMEINDE": "Lufingen",
"BEZIRK": "Bülach",
"STIMMBETEILIGUNG": "   52.16",
"AZ_GÜLTIGE_STIMMZETTEL": 406,
"AZ_JA_STIMMEN": 127
}
,
{
"GEMEINDE": "Nürensdorf",
"BEZIRK": "Bülach",
"STIMMBETEILIGUNG": "   49.03",
"AZ_GÜLTIGE_STIMMZETTEL": 1399,
"AZ_JA_STIMMEN": 584
}
,
{
"GEMEINDE": "Oberembrach",
"BEZIRK": "Bülach",
"STIMMBETEILIGUNG": "   47.28",
"AZ_GÜLTIGE_STIMMZETTEL": 321,
"AZ_JA_STIMMEN": 113
}
,
{
"GEMEINDE": "Opfikon",
"BEZIRK": "Bülach",
"STIMMBETEILIGUNG": "   41.23",
"AZ_GÜLTIGE_STIMMZETTEL": 2888,
"AZ_JA_STIMMEN": 1447
}
,
{
"GEMEINDE": "Rafz",
"BEZIRK": "Bülach",
"STIMMBETEILIGUNG": "   47.02",
"AZ_GÜLTIGE_STIMMZETTEL": 868,
"AZ_JA_STIMMEN": 309
}
,
{
"GEMEINDE": "Rorbas",
"BEZIRK": "Bülach",
"STIMMBETEILIGUNG": "   38.00",
"AZ_GÜLTIGE_STIMMZETTEL": 515,
"AZ_JA_STIMMEN": 181
}
,
{
"GEMEINDE": "Wallisellen",
"BEZIRK": "Bülach",
"STIMMBETEILIGUNG": "   47.86",
"AZ_GÜLTIGE_STIMMZETTEL": 3659,
"AZ_JA_STIMMEN": 1627
}
,
{
"GEMEINDE": "Wasterkingen",
"BEZIRK": "Bülach",
"STIMMBETEILIGUNG": "   54.83",
"AZ_GÜLTIGE_STIMMZETTEL": 209,
"AZ_JA_STIMMEN": 74
}
,
{
"GEMEINDE": "Wil",
"BEZIRK": "Bülach",
"STIMMBETEILIGUNG": "   47.18",
"AZ_GÜLTIGE_STIMMZETTEL": 394,
"AZ_JA_STIMMEN": 136
}
,
{
"GEMEINDE": "Winkel",
"BEZIRK": "Bülach",
"STIMMBETEILIGUNG": "   48.74",
"AZ_GÜLTIGE_STIMMZETTEL": 864,
"AZ_JA_STIMMEN": 330
}
,
{
"GEMEINDE": "Bachs",
"BEZIRK": "Dielsdorf",
"STIMMBETEILIGUNG": "   45.91",
"AZ_GÜLTIGE_STIMMZETTEL": 180,
"AZ_JA_STIMMEN": 64
}
,
{
"GEMEINDE": "Boppelsen",
"BEZIRK": "Dielsdorf",
"STIMMBETEILIGUNG": "   49.42",
"AZ_GÜLTIGE_STIMMZETTEL": 290,
"AZ_JA_STIMMEN": 107
}
,
{
"GEMEINDE": "Buchs",
"BEZIRK": "Dielsdorf",
"STIMMBETEILIGUNG": "   38.27",
"AZ_GÜLTIGE_STIMMZETTEL": 932,
"AZ_JA_STIMMEN": 399
}
,
{
"GEMEINDE": "Dällikon",
"BEZIRK": "Dielsdorf",
"STIMMBETEILIGUNG": "   39.92",
"AZ_GÜLTIGE_STIMMZETTEL": 670,
"AZ_JA_STIMMEN": 237
}
,
{
"GEMEINDE": "Dänikon",
"BEZIRK": "Dielsdorf",
"STIMMBETEILIGUNG": "   40.05",
"AZ_GÜLTIGE_STIMMZETTEL": 342,
"AZ_JA_STIMMEN": 123
}
,
{
"GEMEINDE": "Dielsdorf",
"BEZIRK": "Dielsdorf",
"STIMMBETEILIGUNG": "   44.43",
"AZ_GÜLTIGE_STIMMZETTEL": 1153,
"AZ_JA_STIMMEN": 524
}
,
{
"GEMEINDE": "Hüttikon",
"BEZIRK": "Dielsdorf",
"STIMMBETEILIGUNG": "   49.51",
"AZ_GÜLTIGE_STIMMZETTEL": 151,
"AZ_JA_STIMMEN": 63
}
,
{
"GEMEINDE": "Neerach",
"BEZIRK": "Dielsdorf",
"STIMMBETEILIGUNG": "   44.39",
"AZ_GÜLTIGE_STIMMZETTEL": 614,
"AZ_JA_STIMMEN": 217
}
,
{
"GEMEINDE": "Niederglatt",
"BEZIRK": "Dielsdorf",
"STIMMBETEILIGUNG": "   42.33",
"AZ_GÜLTIGE_STIMMZETTEL": 941,
"AZ_JA_STIMMEN": 404
}
,
{
"GEMEINDE": "Niederhasli",
"BEZIRK": "Dielsdorf",
"STIMMBETEILIGUNG": "   42.87",
"AZ_GÜLTIGE_STIMMZETTEL": 1597,
"AZ_JA_STIMMEN": 631
}
,
{
"GEMEINDE": "Niederweningen",
"BEZIRK": "Dielsdorf",
"STIMMBETEILIGUNG": "   45.18",
"AZ_GÜLTIGE_STIMMZETTEL": 496,
"AZ_JA_STIMMEN": 214
}
,
{
"GEMEINDE": "Oberglatt",
"BEZIRK": "Dielsdorf",
"STIMMBETEILIGUNG": "   39.00",
"AZ_GÜLTIGE_STIMMZETTEL": 1054,
"AZ_JA_STIMMEN": 488
}
,
{
"GEMEINDE": "Oberweningen",
"BEZIRK": "Dielsdorf",
"STIMMBETEILIGUNG": "   48.65",
"AZ_GÜLTIGE_STIMMZETTEL": 389,
"AZ_JA_STIMMEN": 165
}
,
{
"GEMEINDE": "Otelfingen",
"BEZIRK": "Dielsdorf",
"STIMMBETEILIGUNG": "   52.13",
"AZ_GÜLTIGE_STIMMZETTEL": 531,
"AZ_JA_STIMMEN": 209
}
,
{
"GEMEINDE": "Regensberg",
"BEZIRK": "Dielsdorf",
"STIMMBETEILIGUNG": "   50.93",
"AZ_GÜLTIGE_STIMMZETTEL": 189,
"AZ_JA_STIMMEN": 74
}
,
{
"GEMEINDE": "Regensdorf",
"BEZIRK": "Dielsdorf",
"STIMMBETEILIGUNG": "   41.98",
"AZ_GÜLTIGE_STIMMZETTEL": 3322,
"AZ_JA_STIMMEN": 1556
}
,
{
"GEMEINDE": "Rümlang",
"BEZIRK": "Dielsdorf",
"STIMMBETEILIGUNG": "   42.99",
"AZ_GÜLTIGE_STIMMZETTEL": 1479,
"AZ_JA_STIMMEN": 675
}
,
{
"GEMEINDE": "Schleinikon",
"BEZIRK": "Dielsdorf",
"STIMMBETEILIGUNG": "   47.47",
"AZ_GÜLTIGE_STIMMZETTEL": 197,
"AZ_JA_STIMMEN": 83
}
,
{
"GEMEINDE": "Schöfflisdorf",
"BEZIRK": "Dielsdorf",
"STIMMBETEILIGUNG": "   49.06",
"AZ_GÜLTIGE_STIMMZETTEL": 361,
"AZ_JA_STIMMEN": 174
}
,
{
"GEMEINDE": "Stadel",
"BEZIRK": "Dielsdorf",
"STIMMBETEILIGUNG": "   47.85",
"AZ_GÜLTIGE_STIMMZETTEL": 512,
"AZ_JA_STIMMEN": 191
}
,
{
"GEMEINDE": "Steinmaur",
"BEZIRK": "Dielsdorf",
"STIMMBETEILIGUNG": "   44.98",
"AZ_GÜLTIGE_STIMMZETTEL": 822,
"AZ_JA_STIMMEN": 370
}
,
{
"GEMEINDE": "Weiach",
"BEZIRK": "Dielsdorf",
"STIMMBETEILIGUNG": "   45.45",
"AZ_GÜLTIGE_STIMMZETTEL": 249,
"AZ_JA_STIMMEN": 122
}
,
{
"GEMEINDE": "Aesch",
"BEZIRK": "Dietikon",
"STIMMBETEILIGUNG": "   54.83",
"AZ_GÜLTIGE_STIMMZETTEL": 409,
"AZ_JA_STIMMEN": 170
}
,
{
"GEMEINDE": "Birmensdorf",
"BEZIRK": "Dietikon",
"STIMMBETEILIGUNG": "   47.12",
"AZ_GÜLTIGE_STIMMZETTEL": 1594,
"AZ_JA_STIMMEN": 734
}
,
{
"GEMEINDE": "Dietikon",
"BEZIRK": "Dietikon",
"STIMMBETEILIGUNG": "   40.60",
"AZ_GÜLTIGE_STIMMZETTEL": 4782,
"AZ_JA_STIMMEN": 2603
}
,
{
"GEMEINDE": "Geroldswil",
"BEZIRK": "Dietikon",
"STIMMBETEILIGUNG": "   41.54",
"AZ_GÜLTIGE_STIMMZETTEL": 1266,
"AZ_JA_STIMMEN": 556
}
,
{
"GEMEINDE": "Oberengstringen",
"BEZIRK": "Dietikon",
"STIMMBETEILIGUNG": "   46.00",
"AZ_GÜLTIGE_STIMMZETTEL": 1811,
"AZ_JA_STIMMEN": 941
}
,
{
"GEMEINDE": "Oetwil a.d.L",
"BEZIRK": "Dietikon",
"STIMMBETEILIGUNG": "   46.23",
"AZ_GÜLTIGE_STIMMZETTEL": 717,
"AZ_JA_STIMMEN": 274
}
,
{
"GEMEINDE": "Schlieren",
"BEZIRK": "Dietikon",
"STIMMBETEILIGUNG": "   42.62",
"AZ_GÜLTIGE_STIMMZETTEL": 3102,
"AZ_JA_STIMMEN": 1584
}
,
{
"GEMEINDE": "Uitikon",
"BEZIRK": "Dietikon",
"STIMMBETEILIGUNG": "   57.48",
"AZ_GÜLTIGE_STIMMZETTEL": 1340,
"AZ_JA_STIMMEN": 564
}
,
{
"GEMEINDE": "Unterengstringen",
"BEZIRK": "Dietikon",
"STIMMBETEILIGUNG": "   51.27",
"AZ_GÜLTIGE_STIMMZETTEL": 961,
"AZ_JA_STIMMEN": 392
}
,
{
"GEMEINDE": "Urdorf",
"BEZIRK": "Dietikon",
"STIMMBETEILIGUNG": "   43.91",
"AZ_GÜLTIGE_STIMMZETTEL": 2454,
"AZ_JA_STIMMEN": 1364
}
,
{
"GEMEINDE": "Weiningen",
"BEZIRK": "Dietikon",
"STIMMBETEILIGUNG": "   44.16",
"AZ_GÜLTIGE_STIMMZETTEL": 1010,
"AZ_JA_STIMMEN": 462
}
,
{
"GEMEINDE": "Bäretswil",
"BEZIRK": "Hinwil",
"STIMMBETEILIGUNG": "   49.39",
"AZ_GÜLTIGE_STIMMZETTEL": 1305,
"AZ_JA_STIMMEN": 441
}
,
{
"GEMEINDE": "Bubikon",
"BEZIRK": "Hinwil",
"STIMMBETEILIGUNG": "   45.53",
"AZ_GÜLTIGE_STIMMZETTEL": 1437,
"AZ_JA_STIMMEN": 546
}
,
{
"GEMEINDE": "Dürnten",
"BEZIRK": "Hinwil",
"STIMMBETEILIGUNG": "   43.60",
"AZ_GÜLTIGE_STIMMZETTEL": 1651,
"AZ_JA_STIMMEN": 582
}
,
{
"GEMEINDE": "Fischenthal",
"BEZIRK": "Hinwil",
"STIMMBETEILIGUNG": "   41.83",
"AZ_GÜLTIGE_STIMMZETTEL": 509,
"AZ_JA_STIMMEN": 200
}
,
{
"GEMEINDE": "Gossau",
"BEZIRK": "Hinwil",
"STIMMBETEILIGUNG": "   43.87",
"AZ_GÜLTIGE_STIMMZETTEL": 2253,
"AZ_JA_STIMMEN": 832
}
,
{
"GEMEINDE": "Grüningen",
"BEZIRK": "Hinwil",
"STIMMBETEILIGUNG": "   44.95",
"AZ_GÜLTIGE_STIMMZETTEL": 768,
"AZ_JA_STIMMEN": 279
}
,
{
"GEMEINDE": "Hinwil",
"BEZIRK": "Hinwil",
"STIMMBETEILIGUNG": "   43.79",
"AZ_GÜLTIGE_STIMMZETTEL": 2493,
"AZ_JA_STIMMEN": 972
}
,
{
"GEMEINDE": "Rüti",
"BEZIRK": "Hinwil",
"STIMMBETEILIGUNG": "   42.53",
"AZ_GÜLTIGE_STIMMZETTEL": 2796,
"AZ_JA_STIMMEN": 1268
}
,
{
"GEMEINDE": "Seegräben",
"BEZIRK": "Hinwil",
"STIMMBETEILIGUNG": "   62.10",
"AZ_GÜLTIGE_STIMMZETTEL": 463,
"AZ_JA_STIMMEN": 198
}
,
{
"GEMEINDE": "Wald",
"BEZIRK": "Hinwil",
"STIMMBETEILIGUNG": "   39.90",
"AZ_GÜLTIGE_STIMMZETTEL": 1965,
"AZ_JA_STIMMEN": 867
}
,
{
"GEMEINDE": "Wetzikon",
"BEZIRK": "Hinwil",
"STIMMBETEILIGUNG": "   51.42",
"AZ_GÜLTIGE_STIMMZETTEL": 5405,
"AZ_JA_STIMMEN": 2458
}
,
{
"GEMEINDE": "Adliswil",
"BEZIRK": "Horgen",
"STIMMBETEILIGUNG": "   43.43",
"AZ_GÜLTIGE_STIMMZETTEL": 4444,
"AZ_JA_STIMMEN": 2044
}
,
{
"GEMEINDE": "Hirzel",
"BEZIRK": "Horgen",
"STIMMBETEILIGUNG": "   48.03",
"AZ_GÜLTIGE_STIMMZETTEL": 601,
"AZ_JA_STIMMEN": 255
}
,
{
"GEMEINDE": "Horgen",
"BEZIRK": "Horgen",
"STIMMBETEILIGUNG": "   47.38",
"AZ_GÜLTIGE_STIMMZETTEL": 4851,
"AZ_JA_STIMMEN": 2432
}
,
{
"GEMEINDE": "Hütten",
"BEZIRK": "Horgen",
"STIMMBETEILIGUNG": "   47.64",
"AZ_GÜLTIGE_STIMMZETTEL": 265,
"AZ_JA_STIMMEN": 64
}
,
{
"GEMEINDE": "Kilchberg",
"BEZIRK": "Horgen",
"STIMMBETEILIGUNG": "   52.38",
"AZ_GÜLTIGE_STIMMZETTEL": 2638,
"AZ_JA_STIMMEN": 1020
}
,
{
"GEMEINDE": "Langnau a.A.",
"BEZIRK": "Horgen",
"STIMMBETEILIGUNG": "   48.47",
"AZ_GÜLTIGE_STIMMZETTEL": 2119,
"AZ_JA_STIMMEN": 869
}
,
{
"GEMEINDE": "Oberrieden",
"BEZIRK": "Horgen",
"STIMMBETEILIGUNG": "   54.84",
"AZ_GÜLTIGE_STIMMZETTEL": 1741,
"AZ_JA_STIMMEN": 793
}
,
{
"GEMEINDE": "Richterswil",
"BEZIRK": "Horgen",
"STIMMBETEILIGUNG": "   43.04",
"AZ_GÜLTIGE_STIMMZETTEL": 2751,
"AZ_JA_STIMMEN": 1202
}
,
{
"GEMEINDE": "Rüschlikon",
"BEZIRK": "Horgen",
"STIMMBETEILIGUNG": "   52.88",
"AZ_GÜLTIGE_STIMMZETTEL": 1736,
"AZ_JA_STIMMEN": 647
}
,
{
"GEMEINDE": "Schönenberg",
"BEZIRK": "Horgen",
"STIMMBETEILIGUNG": "   47.25",
"AZ_GÜLTIGE_STIMMZETTEL": 580,
"AZ_JA_STIMMEN": 177
}
,
{
"GEMEINDE": "Thalwil",
"BEZIRK": "Horgen",
"STIMMBETEILIGUNG": "   48.65",
"AZ_GÜLTIGE_STIMMZETTEL": 4959,
"AZ_JA_STIMMEN": 2295
}
,
{
"GEMEINDE": "Wädenswil",
"BEZIRK": "Horgen",
"STIMMBETEILIGUNG": "   46.50",
"AZ_GÜLTIGE_STIMMZETTEL": 5732,
"AZ_JA_STIMMEN": 2718
}
,
{
"GEMEINDE": "Erlenbach",
"BEZIRK": "Meilen",
"STIMMBETEILIGUNG": "   53.92",
"AZ_GÜLTIGE_STIMMZETTEL": 1622,
"AZ_JA_STIMMEN": 579
}
,
{
"GEMEINDE": "Herrliberg",
"BEZIRK": "Meilen",
"STIMMBETEILIGUNG": "   53.51",
"AZ_GÜLTIGE_STIMMZETTEL": 1843,
"AZ_JA_STIMMEN": 678
}
,
{
"GEMEINDE": "Hombrechtikon",
"BEZIRK": "Meilen",
"STIMMBETEILIGUNG": "   43.67",
"AZ_GÜLTIGE_STIMMZETTEL": 1964,
"AZ_JA_STIMMEN": 781
}
,
{
"GEMEINDE": "Küsnacht",
"BEZIRK": "Meilen",
"STIMMBETEILIGUNG": "   53.44",
"AZ_GÜLTIGE_STIMMZETTEL": 4661,
"AZ_JA_STIMMEN": 1661
}
,
{
"GEMEINDE": "Männedorf",
"BEZIRK": "Meilen",
"STIMMBETEILIGUNG": "   51.31",
"AZ_GÜLTIGE_STIMMZETTEL": 2718,
"AZ_JA_STIMMEN": 1138
}
,
{
"GEMEINDE": "Meilen",
"BEZIRK": "Meilen",
"STIMMBETEILIGUNG": "   52.32",
"AZ_GÜLTIGE_STIMMZETTEL": 3935,
"AZ_JA_STIMMEN": 1512
}
,
{
"GEMEINDE": "Oetwil a.S.",
"BEZIRK": "Meilen",
"STIMMBETEILIGUNG": "   38.13",
"AZ_GÜLTIGE_STIMMZETTEL": 758,
"AZ_JA_STIMMEN": 317
}
,
{
"GEMEINDE": "Stäfa",
"BEZIRK": "Meilen",
"STIMMBETEILIGUNG": "   44.84",
"AZ_GÜLTIGE_STIMMZETTEL": 3257,
"AZ_JA_STIMMEN": 1350
}
,
{
"GEMEINDE": "Uetikon a.S.",
"BEZIRK": "Meilen",
"STIMMBETEILIGUNG": "   52.24",
"AZ_GÜLTIGE_STIMMZETTEL": 1316,
"AZ_JA_STIMMEN": 506
}
,
{
"GEMEINDE": "Zollikon",
"BEZIRK": "Meilen",
"STIMMBETEILIGUNG": "   53.85",
"AZ_GÜLTIGE_STIMMZETTEL": 4478,
"AZ_JA_STIMMEN": 1773
}
,
{
"GEMEINDE": "Zumikon",
"BEZIRK": "Meilen",
"STIMMBETEILIGUNG": "   61.50",
"AZ_GÜLTIGE_STIMMZETTEL": 1988,
"AZ_JA_STIMMEN": 746
}
,
{
"GEMEINDE": "Bauma",
"BEZIRK": "Pfäffikon",
"STIMMBETEILIGUNG": "   41.14",
"AZ_GÜLTIGE_STIMMZETTEL": 1174,
"AZ_JA_STIMMEN": 445
}
,
{
"GEMEINDE": "Fehraltorf",
"BEZIRK": "Pfäffikon",
"STIMMBETEILIGUNG": "   43.89",
"AZ_GÜLTIGE_STIMMZETTEL": 1220,
"AZ_JA_STIMMEN": 550
}
,
{
"GEMEINDE": "Hittnau",
"BEZIRK": "Pfäffikon",
"STIMMBETEILIGUNG": "   40.95",
"AZ_GÜLTIGE_STIMMZETTEL": 657,
"AZ_JA_STIMMEN": 237
}
,
{
"GEMEINDE": "Illnau-Effretikon",
"BEZIRK": "Pfäffikon",
"STIMMBETEILIGUNG": "   47.50",
"AZ_GÜLTIGE_STIMMZETTEL": 4620,
"AZ_JA_STIMMEN": 2173
}
,
{
"GEMEINDE": "Lindau",
"BEZIRK": "Pfäffikon",
"STIMMBETEILIGUNG": "   47.06",
"AZ_GÜLTIGE_STIMMZETTEL": 966,
"AZ_JA_STIMMEN": 420
}
,
{
"GEMEINDE": "Pfäffikon",
"BEZIRK": "Pfäffikon",
"STIMMBETEILIGUNG": "   43.80",
"AZ_GÜLTIGE_STIMMZETTEL": 2436,
"AZ_JA_STIMMEN": 1087
}
,
{
"GEMEINDE": "Russikon",
"BEZIRK": "Pfäffikon",
"STIMMBETEILIGUNG": "   44.86",
"AZ_GÜLTIGE_STIMMZETTEL": 1071,
"AZ_JA_STIMMEN": 373
}
,
{
"GEMEINDE": "Weisslingen",
"BEZIRK": "Pfäffikon",
"STIMMBETEILIGUNG": "   47.71",
"AZ_GÜLTIGE_STIMMZETTEL": 862,
"AZ_JA_STIMMEN": 333
}
,
{
"GEMEINDE": "Wila",
"BEZIRK": "Pfäffikon",
"STIMMBETEILIGUNG": "   57.70",
"AZ_GÜLTIGE_STIMMZETTEL": 649,
"AZ_JA_STIMMEN": 268
}
,
{
"GEMEINDE": "Wildberg",
"BEZIRK": "Pfäffikon",
"STIMMBETEILIGUNG": "   62.14",
"AZ_GÜLTIGE_STIMMZETTEL": 356,
"AZ_JA_STIMMEN": 136
}
,
{
"GEMEINDE": "Dübendorf",
"BEZIRK": "Uster",
"STIMMBETEILIGUNG": "   41.29",
"AZ_GÜLTIGE_STIMMZETTEL": 5633,
"AZ_JA_STIMMEN": 2566
}
,
{
"GEMEINDE": "Egg",
"BEZIRK": "Uster",
"STIMMBETEILIGUNG": "   47.93",
"AZ_GÜLTIGE_STIMMZETTEL": 2111,
"AZ_JA_STIMMEN": 872
}
,
{
"GEMEINDE": "Fällanden",
"BEZIRK": "Uster",
"STIMMBETEILIGUNG": "   43.63",
"AZ_GÜLTIGE_STIMMZETTEL": 1940,
"AZ_JA_STIMMEN": 861
}
,
{
"GEMEINDE": "Greifensee",
"BEZIRK": "Uster",
"STIMMBETEILIGUNG": "   50.71",
"AZ_GÜLTIGE_STIMMZETTEL": 1719,
"AZ_JA_STIMMEN": 853
}
,
{
"GEMEINDE": "Maur",
"BEZIRK": "Uster",
"STIMMBETEILIGUNG": "   51.95",
"AZ_GÜLTIGE_STIMMZETTEL": 2634,
"AZ_JA_STIMMEN": 1017
}
,
{
"GEMEINDE": "Mönchaltorf",
"BEZIRK": "Uster",
"STIMMBETEILIGUNG": "   51.74",
"AZ_GÜLTIGE_STIMMZETTEL": 1181,
"AZ_JA_STIMMEN": 556
}
,
{
"GEMEINDE": "Schwerzenbach",
"BEZIRK": "Uster",
"STIMMBETEILIGUNG": "   46.82",
"AZ_GÜLTIGE_STIMMZETTEL": 1147,
"AZ_JA_STIMMEN": 530
}
,
{
"GEMEINDE": "Uster",
"BEZIRK": "Uster",
"STIMMBETEILIGUNG": "   48.03",
"AZ_GÜLTIGE_STIMMZETTEL": 7567,
"AZ_JA_STIMMEN": 3700
}
,
{
"GEMEINDE": "Volketswil",
"BEZIRK": "Uster",
"STIMMBETEILIGUNG": "   40.84",
"AZ_GÜLTIGE_STIMMZETTEL": 3233,
"AZ_JA_STIMMEN": 1415
}
,
{
"GEMEINDE": "Wangen-Brüttisellen",
"BEZIRK": "Uster",
"STIMMBETEILIGUNG": "   40.54",
"AZ_GÜLTIGE_STIMMZETTEL": 1163,
"AZ_JA_STIMMEN": 513
}
,
{
"GEMEINDE": "Altikon",
"BEZIRK": "Winterthur",
"STIMMBETEILIGUNG": "   58.06",
"AZ_GÜLTIGE_STIMMZETTEL": 247,
"AZ_JA_STIMMEN": 69
}
,
{
"GEMEINDE": "Brütten",
"BEZIRK": "Winterthur",
"STIMMBETEILIGUNG": "   57.37",
"AZ_GÜLTIGE_STIMMZETTEL": 630,
"AZ_JA_STIMMEN": 222
}
,
{
"GEMEINDE": "Dägerlen",
"BEZIRK": "Winterthur",
"STIMMBETEILIGUNG": "   59.61",
"AZ_GÜLTIGE_STIMMZETTEL": 297,
"AZ_JA_STIMMEN": 95
}
,
{
"GEMEINDE": "Dättlikon",
"BEZIRK": "Winterthur",
"STIMMBETEILIGUNG": "   60.49",
"AZ_GÜLTIGE_STIMMZETTEL": 217,
"AZ_JA_STIMMEN": 109
}
,
{
"GEMEINDE": "Dinhard",
"BEZIRK": "Winterthur",
"STIMMBETEILIGUNG": "   57.19",
"AZ_GÜLTIGE_STIMMZETTEL": 485,
"AZ_JA_STIMMEN": 189
}
,
{
"GEMEINDE": "Elgg",
"BEZIRK": "Winterthur",
"STIMMBETEILIGUNG": "   48.16",
"AZ_GÜLTIGE_STIMMZETTEL": 1097,
"AZ_JA_STIMMEN": 479
}
,
{
"GEMEINDE": "Ellikon a.d.Th.",
"BEZIRK": "Winterthur",
"STIMMBETEILIGUNG": "   49.06",
"AZ_GÜLTIGE_STIMMZETTEL": 234,
"AZ_JA_STIMMEN": 61
}
,
{
"GEMEINDE": "Elsau",
"BEZIRK": "Winterthur",
"STIMMBETEILIGUNG": "   47.52",
"AZ_GÜLTIGE_STIMMZETTEL": 861,
"AZ_JA_STIMMEN": 377
}
,
{
"GEMEINDE": "Hagenbuch",
"BEZIRK": "Winterthur",
"STIMMBETEILIGUNG": "   46.11",
"AZ_GÜLTIGE_STIMMZETTEL": 254,
"AZ_JA_STIMMEN": 89
}
,
{
"GEMEINDE": "Hettlingen",
"BEZIRK": "Winterthur",
"STIMMBETEILIGUNG": "   58.31",
"AZ_GÜLTIGE_STIMMZETTEL": 690,
"AZ_JA_STIMMEN": 250
}
,
{
"GEMEINDE": "Hofstetten",
"BEZIRK": "Winterthur",
"STIMMBETEILIGUNG": "   54.36",
"AZ_GÜLTIGE_STIMMZETTEL": 156,
"AZ_JA_STIMMEN": 56
}
,
{
"GEMEINDE": "Neftenbach",
"BEZIRK": "Winterthur",
"STIMMBETEILIGUNG": "   47.17",
"AZ_GÜLTIGE_STIMMZETTEL": 1326,
"AZ_JA_STIMMEN": 553
}
,
{
"GEMEINDE": "Pfungen",
"BEZIRK": "Winterthur",
"STIMMBETEILIGUNG": "   41.61",
"AZ_GÜLTIGE_STIMMZETTEL": 578,
"AZ_JA_STIMMEN": 272
}
,
{
"GEMEINDE": "Rickenbach",
"BEZIRK": "Winterthur",
"STIMMBETEILIGUNG": "   51.72",
"AZ_GÜLTIGE_STIMMZETTEL": 686,
"AZ_JA_STIMMEN": 286
}
,
{
"GEMEINDE": "Schlatt",
"BEZIRK": "Winterthur",
"STIMMBETEILIGUNG": "   61.97",
"AZ_GÜLTIGE_STIMMZETTEL": 270,
"AZ_JA_STIMMEN": 125
}
,
{
"GEMEINDE": "Seuzach",
"BEZIRK": "Winterthur",
"STIMMBETEILIGUNG": "   47.80",
"AZ_GÜLTIGE_STIMMZETTEL": 1858,
"AZ_JA_STIMMEN": 725
}
,
{
"GEMEINDE": "Turbenthal",
"BEZIRK": "Winterthur",
"STIMMBETEILIGUNG": "   43.53",
"AZ_GÜLTIGE_STIMMZETTEL": 1027,
"AZ_JA_STIMMEN": 442
}
,
{
"GEMEINDE": "Wiesendangen",
"BEZIRK": "Winterthur",
"STIMMBETEILIGUNG": "   54.50",
"AZ_GÜLTIGE_STIMMZETTEL": 1778,
"AZ_JA_STIMMEN": 738
}
,
{
"GEMEINDE": "Winterthur",
"BEZIRK": "Winterthur",
"STIMMBETEILIGUNG": "   45.73",
"AZ_GÜLTIGE_STIMMZETTEL": 25599,
"AZ_JA_STIMMEN": 12872
}
,
{
"GEMEINDE": "Zell",
"BEZIRK": "Winterthur",
"STIMMBETEILIGUNG": "   50.26",
"AZ_GÜLTIGE_STIMMZETTEL": 1311,
"AZ_JA_STIMMEN": 639
}
,
{
"GEMEINDE": "Zürich",
"BEZIRK": "Zürich",
"STIMMBETEILIGUNG": "   51.31",
"AZ_GÜLTIGE_STIMMZETTEL": 111233,
"AZ_JA_STIMMEN": 62194
}
]
