[
{
"GEMEINDE": "Aeugst a.A.",
"BEZIRK": "Affoltern",
"STIMMBETEILIGUNG": "   50.46",
"AZ_GÜLTIGE_STIMMZETTEL": 483,
"AZ_JA_STIMMEN": 382
}
,
{
"GEMEINDE": "Affoltern a.A.",
"BEZIRK": "Affoltern",
"STIMMBETEILIGUNG": "   45.50",
"AZ_GÜLTIGE_STIMMZETTEL": 2533,
"AZ_JA_STIMMEN": 2036
}
,
{
"GEMEINDE": "Bonstetten",
"BEZIRK": "Affoltern",
"STIMMBETEILIGUNG": "   50.04",
"AZ_GÜLTIGE_STIMMZETTEL": 1102,
"AZ_JA_STIMMEN": 860
}
,
{
"GEMEINDE": "Hausen a.A.",
"BEZIRK": "Affoltern",
"STIMMBETEILIGUNG": "   46.70",
"AZ_GÜLTIGE_STIMMZETTEL": 888,
"AZ_JA_STIMMEN": 634
}
,
{
"GEMEINDE": "Hedingen",
"BEZIRK": "Affoltern",
"STIMMBETEILIGUNG": "   48.49",
"AZ_GÜLTIGE_STIMMZETTEL": 807,
"AZ_JA_STIMMEN": 620
}
,
{
"GEMEINDE": "Kappel a.A.",
"BEZIRK": "Affoltern",
"STIMMBETEILIGUNG": "   53.46",
"AZ_GÜLTIGE_STIMMZETTEL": 307,
"AZ_JA_STIMMEN": 224
}
,
{
"GEMEINDE": "Knonau",
"BEZIRK": "Affoltern",
"STIMMBETEILIGUNG": "   63.23",
"AZ_GÜLTIGE_STIMMZETTEL": 486,
"AZ_JA_STIMMEN": 340
}
,
{
"GEMEINDE": "Maschwanden",
"BEZIRK": "Affoltern",
"STIMMBETEILIGUNG": "   53.17",
"AZ_GÜLTIGE_STIMMZETTEL": 197,
"AZ_JA_STIMMEN": 142
}
,
{
"GEMEINDE": "Mettmenstetten",
"BEZIRK": "Affoltern",
"STIMMBETEILIGUNG": "   51.81",
"AZ_GÜLTIGE_STIMMZETTEL": 1066,
"AZ_JA_STIMMEN": 798
}
,
{
"GEMEINDE": "Obfelden",
"BEZIRK": "Affoltern",
"STIMMBETEILIGUNG": "   42.58",
"AZ_GÜLTIGE_STIMMZETTEL": 1078,
"AZ_JA_STIMMEN": 887
}
,
{
"GEMEINDE": "Ottenbach",
"BEZIRK": "Affoltern",
"STIMMBETEILIGUNG": "   45.78",
"AZ_GÜLTIGE_STIMMZETTEL": 673,
"AZ_JA_STIMMEN": 527
}
,
{
"GEMEINDE": "Rifferswil",
"BEZIRK": "Affoltern",
"STIMMBETEILIGUNG": "   62.08",
"AZ_GÜLTIGE_STIMMZETTEL": 288,
"AZ_JA_STIMMEN": 194
}
,
{
"GEMEINDE": "Stallikon",
"BEZIRK": "Affoltern",
"STIMMBETEILIGUNG": "   45.15",
"AZ_GÜLTIGE_STIMMZETTEL": 760,
"AZ_JA_STIMMEN": 616
}
,
{
"GEMEINDE": "Wettswil a.A.",
"BEZIRK": "Affoltern",
"STIMMBETEILIGUNG": "   59.57",
"AZ_GÜLTIGE_STIMMZETTEL": 1474,
"AZ_JA_STIMMEN": 1254
}
,
{
"GEMEINDE": "Adlikon",
"BEZIRK": "Andelfingen",
"STIMMBETEILIGUNG": "   68.69",
"AZ_GÜLTIGE_STIMMZETTEL": 262,
"AZ_JA_STIMMEN": 218
}
,
{
"GEMEINDE": "Andelfingen",
"BEZIRK": "Andelfingen",
"STIMMBETEILIGUNG": "   57.50",
"AZ_GÜLTIGE_STIMMZETTEL": 636,
"AZ_JA_STIMMEN": 515
}
,
{
"GEMEINDE": "Benken",
"BEZIRK": "Andelfingen",
"STIMMBETEILIGUNG": "   64.35",
"AZ_GÜLTIGE_STIMMZETTEL": 295,
"AZ_JA_STIMMEN": 208
}
,
{
"GEMEINDE": "Berg a.I.",
"BEZIRK": "Andelfingen",
"STIMMBETEILIGUNG": "   60.78",
"AZ_GÜLTIGE_STIMMZETTEL": 210,
"AZ_JA_STIMMEN": 148
}
,
{
"GEMEINDE": "Buch a.I.",
"BEZIRK": "Andelfingen",
"STIMMBETEILIGUNG": "   53.38",
"AZ_GÜLTIGE_STIMMZETTEL": 250,
"AZ_JA_STIMMEN": 209
}
,
{
"GEMEINDE": "Dachsen",
"BEZIRK": "Andelfingen",
"STIMMBETEILIGUNG": "   51.34",
"AZ_GÜLTIGE_STIMMZETTEL": 448,
"AZ_JA_STIMMEN": 365
}
,
{
"GEMEINDE": "Dorf",
"BEZIRK": "Andelfingen",
"STIMMBETEILIGUNG": "   54.78",
"AZ_GÜLTIGE_STIMMZETTEL": 187,
"AZ_JA_STIMMEN": 150
}
,
{
"GEMEINDE": "Feuerthalen",
"BEZIRK": "Andelfingen",
"STIMMBETEILIGUNG": "   44.87",
"AZ_GÜLTIGE_STIMMZETTEL": 853,
"AZ_JA_STIMMEN": 687
}
,
{
"GEMEINDE": "Flaach",
"BEZIRK": "Andelfingen",
"STIMMBETEILIGUNG": "   49.65",
"AZ_GÜLTIGE_STIMMZETTEL": 353,
"AZ_JA_STIMMEN": 293
}
,
{
"GEMEINDE": "Flurlingen",
"BEZIRK": "Andelfingen",
"STIMMBETEILIGUNG": "   48.50",
"AZ_GÜLTIGE_STIMMZETTEL": 408,
"AZ_JA_STIMMEN": 314
}
,
{
"GEMEINDE": "Henggart",
"BEZIRK": "Andelfingen",
"STIMMBETEILIGUNG": "   61.56",
"AZ_GÜLTIGE_STIMMZETTEL": 587,
"AZ_JA_STIMMEN": 512
}
,
{
"GEMEINDE": "Humlikon",
"BEZIRK": "Andelfingen",
"STIMMBETEILIGUNG": "   67.83",
"AZ_GÜLTIGE_STIMMZETTEL": 172,
"AZ_JA_STIMMEN": 138
}
,
{
"GEMEINDE": "Kleinandelfingen",
"BEZIRK": "Andelfingen",
"STIMMBETEILIGUNG": "   52.84",
"AZ_GÜLTIGE_STIMMZETTEL": 566,
"AZ_JA_STIMMEN": 465
}
,
{
"GEMEINDE": "Laufen-Uhwiesen",
"BEZIRK": "Andelfingen",
"STIMMBETEILIGUNG": "   50.05",
"AZ_GÜLTIGE_STIMMZETTEL": 503,
"AZ_JA_STIMMEN": 400
}
,
{
"GEMEINDE": "Marthalen",
"BEZIRK": "Andelfingen",
"STIMMBETEILIGUNG": "   50.86",
"AZ_GÜLTIGE_STIMMZETTEL": 608,
"AZ_JA_STIMMEN": 495
}
,
{
"GEMEINDE": "Oberstammheim",
"BEZIRK": "Andelfingen",
"STIMMBETEILIGUNG": "   63.45",
"AZ_GÜLTIGE_STIMMZETTEL": 435,
"AZ_JA_STIMMEN": 351
}
,
{
"GEMEINDE": "Ossingen",
"BEZIRK": "Andelfingen",
"STIMMBETEILIGUNG": "   70.64",
"AZ_GÜLTIGE_STIMMZETTEL": 590,
"AZ_JA_STIMMEN": 452
}
,
{
"GEMEINDE": "Rheinau",
"BEZIRK": "Andelfingen",
"STIMMBETEILIGUNG": "   54.87",
"AZ_GÜLTIGE_STIMMZETTEL": 407,
"AZ_JA_STIMMEN": 294
}
,
{
"GEMEINDE": "Thalheim a.d.Th.",
"BEZIRK": "Andelfingen",
"STIMMBETEILIGUNG": "   50.34",
"AZ_GÜLTIGE_STIMMZETTEL": 215,
"AZ_JA_STIMMEN": 174
}
,
{
"GEMEINDE": "Trüllikon",
"BEZIRK": "Andelfingen",
"STIMMBETEILIGUNG": "   47.08",
"AZ_GÜLTIGE_STIMMZETTEL": 342,
"AZ_JA_STIMMEN": 257
}
,
{
"GEMEINDE": "Truttikon",
"BEZIRK": "Andelfingen",
"STIMMBETEILIGUNG": "   65.45",
"AZ_GÜLTIGE_STIMMZETTEL": 177,
"AZ_JA_STIMMEN": 150
}
,
{
"GEMEINDE": "Unterstammheim",
"BEZIRK": "Andelfingen",
"STIMMBETEILIGUNG": "   48.69",
"AZ_GÜLTIGE_STIMMZETTEL": 285,
"AZ_JA_STIMMEN": 237
}
,
{
"GEMEINDE": "Volken",
"BEZIRK": "Andelfingen",
"STIMMBETEILIGUNG": "   65.76",
"AZ_GÜLTIGE_STIMMZETTEL": 119,
"AZ_JA_STIMMEN": 92
}
,
{
"GEMEINDE": "Waltalingen",
"BEZIRK": "Andelfingen",
"STIMMBETEILIGUNG": "   60.00",
"AZ_GÜLTIGE_STIMMZETTEL": 234,
"AZ_JA_STIMMEN": 183
}
,
{
"GEMEINDE": "Bachenbülach",
"BEZIRK": "Bülach",
"STIMMBETEILIGUNG": "   41.54",
"AZ_GÜLTIGE_STIMMZETTEL": 696,
"AZ_JA_STIMMEN": 572
}
,
{
"GEMEINDE": "Bassersdorf",
"BEZIRK": "Bülach",
"STIMMBETEILIGUNG": "   43.81",
"AZ_GÜLTIGE_STIMMZETTEL": 1891,
"AZ_JA_STIMMEN": 1537
}
,
{
"GEMEINDE": "Bülach",
"BEZIRK": "Bülach",
"STIMMBETEILIGUNG": "   45.85",
"AZ_GÜLTIGE_STIMMZETTEL": 3937,
"AZ_JA_STIMMEN": 3235
}
,
{
"GEMEINDE": "Dietlikon",
"BEZIRK": "Bülach",
"STIMMBETEILIGUNG": "   45.58",
"AZ_GÜLTIGE_STIMMZETTEL": 1722,
"AZ_JA_STIMMEN": 1445
}
,
{
"GEMEINDE": "Eglisau",
"BEZIRK": "Bülach",
"STIMMBETEILIGUNG": "   51.48",
"AZ_GÜLTIGE_STIMMZETTEL": 935,
"AZ_JA_STIMMEN": 753
}
,
{
"GEMEINDE": "Embrach",
"BEZIRK": "Bülach",
"STIMMBETEILIGUNG": "   40.28",
"AZ_GÜLTIGE_STIMMZETTEL": 1729,
"AZ_JA_STIMMEN": 1448
}
,
{
"GEMEINDE": "Freienstein-Teufen",
"BEZIRK": "Bülach",
"STIMMBETEILIGUNG": "   44.67",
"AZ_GÜLTIGE_STIMMZETTEL": 572,
"AZ_JA_STIMMEN": 465
}
,
{
"GEMEINDE": "Glattfelden",
"BEZIRK": "Bülach",
"STIMMBETEILIGUNG": "   40.42",
"AZ_GÜLTIGE_STIMMZETTEL": 814,
"AZ_JA_STIMMEN": 652
}
,
{
"GEMEINDE": "Hochfelden",
"BEZIRK": "Bülach",
"STIMMBETEILIGUNG": "   47.78",
"AZ_GÜLTIGE_STIMMZETTEL": 380,
"AZ_JA_STIMMEN": 311
}
,
{
"GEMEINDE": "Höri",
"BEZIRK": "Bülach",
"STIMMBETEILIGUNG": "   36.22",
"AZ_GÜLTIGE_STIMMZETTEL": 365,
"AZ_JA_STIMMEN": 323
}
,
{
"GEMEINDE": "Hüntwangen",
"BEZIRK": "Bülach",
"STIMMBETEILIGUNG": "   51.48",
"AZ_GÜLTIGE_STIMMZETTEL": 271,
"AZ_JA_STIMMEN": 221
}
,
{
"GEMEINDE": "Kloten",
"BEZIRK": "Bülach",
"STIMMBETEILIGUNG": "   56.59",
"AZ_GÜLTIGE_STIMMZETTEL": 5625,
"AZ_JA_STIMMEN": 4841
}
,
{
"GEMEINDE": "Lufingen",
"BEZIRK": "Bülach",
"STIMMBETEILIGUNG": "   52.42",
"AZ_GÜLTIGE_STIMMZETTEL": 407,
"AZ_JA_STIMMEN": 343
}
,
{
"GEMEINDE": "Nürensdorf",
"BEZIRK": "Bülach",
"STIMMBETEILIGUNG": "   49.27",
"AZ_GÜLTIGE_STIMMZETTEL": 1402,
"AZ_JA_STIMMEN": 1227
}
,
{
"GEMEINDE": "Oberembrach",
"BEZIRK": "Bülach",
"STIMMBETEILIGUNG": "   47.28",
"AZ_GÜLTIGE_STIMMZETTEL": 328,
"AZ_JA_STIMMEN": 268
}
,
{
"GEMEINDE": "Opfikon",
"BEZIRK": "Bülach",
"STIMMBETEILIGUNG": "   41.43",
"AZ_GÜLTIGE_STIMMZETTEL": 2910,
"AZ_JA_STIMMEN": 2513
}
,
{
"GEMEINDE": "Rafz",
"BEZIRK": "Bülach",
"STIMMBETEILIGUNG": "   47.50",
"AZ_GÜLTIGE_STIMMZETTEL": 873,
"AZ_JA_STIMMEN": 680
}
,
{
"GEMEINDE": "Rorbas",
"BEZIRK": "Bülach",
"STIMMBETEILIGUNG": "   37.86",
"AZ_GÜLTIGE_STIMMZETTEL": 515,
"AZ_JA_STIMMEN": 420
}
,
{
"GEMEINDE": "Wallisellen",
"BEZIRK": "Bülach",
"STIMMBETEILIGUNG": "   47.85",
"AZ_GÜLTIGE_STIMMZETTEL": 3662,
"AZ_JA_STIMMEN": 3175
}
,
{
"GEMEINDE": "Wasterkingen",
"BEZIRK": "Bülach",
"STIMMBETEILIGUNG": "   54.57",
"AZ_GÜLTIGE_STIMMZETTEL": 207,
"AZ_JA_STIMMEN": 156
}
,
{
"GEMEINDE": "Wil",
"BEZIRK": "Bülach",
"STIMMBETEILIGUNG": "   46.71",
"AZ_GÜLTIGE_STIMMZETTEL": 394,
"AZ_JA_STIMMEN": 315
}
,
{
"GEMEINDE": "Winkel",
"BEZIRK": "Bülach",
"STIMMBETEILIGUNG": "   48.91",
"AZ_GÜLTIGE_STIMMZETTEL": 867,
"AZ_JA_STIMMEN": 764
}
,
{
"GEMEINDE": "Bachs",
"BEZIRK": "Dielsdorf",
"STIMMBETEILIGUNG": "   45.41",
"AZ_GÜLTIGE_STIMMZETTEL": 177,
"AZ_JA_STIMMEN": 124
}
,
{
"GEMEINDE": "Boppelsen",
"BEZIRK": "Dielsdorf",
"STIMMBETEILIGUNG": "   49.42",
"AZ_GÜLTIGE_STIMMZETTEL": 294,
"AZ_JA_STIMMEN": 256
}
,
{
"GEMEINDE": "Buchs",
"BEZIRK": "Dielsdorf",
"STIMMBETEILIGUNG": "   38.55",
"AZ_GÜLTIGE_STIMMZETTEL": 948,
"AZ_JA_STIMMEN": 782
}
,
{
"GEMEINDE": "Dällikon",
"BEZIRK": "Dielsdorf",
"STIMMBETEILIGUNG": "   40.27",
"AZ_GÜLTIGE_STIMMZETTEL": 674,
"AZ_JA_STIMMEN": 577
}
,
{
"GEMEINDE": "Dänikon",
"BEZIRK": "Dielsdorf",
"STIMMBETEILIGUNG": "   40.16",
"AZ_GÜLTIGE_STIMMZETTEL": 344,
"AZ_JA_STIMMEN": 290
}
,
{
"GEMEINDE": "Dielsdorf",
"BEZIRK": "Dielsdorf",
"STIMMBETEILIGUNG": "   44.62",
"AZ_GÜLTIGE_STIMMZETTEL": 1158,
"AZ_JA_STIMMEN": 972
}
,
{
"GEMEINDE": "Hüttikon",
"BEZIRK": "Dielsdorf",
"STIMMBETEILIGUNG": "   49.51",
"AZ_GÜLTIGE_STIMMZETTEL": 150,
"AZ_JA_STIMMEN": 133
}
,
{
"GEMEINDE": "Neerach",
"BEZIRK": "Dielsdorf",
"STIMMBETEILIGUNG": "   44.32",
"AZ_GÜLTIGE_STIMMZETTEL": 611,
"AZ_JA_STIMMEN": 520
}
,
{
"GEMEINDE": "Niederglatt",
"BEZIRK": "Dielsdorf",
"STIMMBETEILIGUNG": "   42.33",
"AZ_GÜLTIGE_STIMMZETTEL": 953,
"AZ_JA_STIMMEN": 834
}
,
{
"GEMEINDE": "Niederhasli",
"BEZIRK": "Dielsdorf",
"STIMMBETEILIGUNG": "   43.26",
"AZ_GÜLTIGE_STIMMZETTEL": 1622,
"AZ_JA_STIMMEN": 1327
}
,
{
"GEMEINDE": "Niederweningen",
"BEZIRK": "Dielsdorf",
"STIMMBETEILIGUNG": "   44.73",
"AZ_GÜLTIGE_STIMMZETTEL": 493,
"AZ_JA_STIMMEN": 396
}
,
{
"GEMEINDE": "Oberglatt",
"BEZIRK": "Dielsdorf",
"STIMMBETEILIGUNG": "   39.29",
"AZ_GÜLTIGE_STIMMZETTEL": 1069,
"AZ_JA_STIMMEN": 885
}
,
{
"GEMEINDE": "Oberweningen",
"BEZIRK": "Dielsdorf",
"STIMMBETEILIGUNG": "   48.40",
"AZ_GÜLTIGE_STIMMZETTEL": 389,
"AZ_JA_STIMMEN": 311
}
,
{
"GEMEINDE": "Otelfingen",
"BEZIRK": "Dielsdorf",
"STIMMBETEILIGUNG": "   51.93",
"AZ_GÜLTIGE_STIMMZETTEL": 526,
"AZ_JA_STIMMEN": 441
}
,
{
"GEMEINDE": "Regensberg",
"BEZIRK": "Dielsdorf",
"STIMMBETEILIGUNG": "   50.67",
"AZ_GÜLTIGE_STIMMZETTEL": 186,
"AZ_JA_STIMMEN": 141
}
,
{
"GEMEINDE": "Regensdorf",
"BEZIRK": "Dielsdorf",
"STIMMBETEILIGUNG": "   42.06",
"AZ_GÜLTIGE_STIMMZETTEL": 3342,
"AZ_JA_STIMMEN": 2913
}
,
{
"GEMEINDE": "Rümlang",
"BEZIRK": "Dielsdorf",
"STIMMBETEILIGUNG": "   43.13",
"AZ_GÜLTIGE_STIMMZETTEL": 1479,
"AZ_JA_STIMMEN": 1207
}
,
{
"GEMEINDE": "Schleinikon",
"BEZIRK": "Dielsdorf",
"STIMMBETEILIGUNG": "   46.99",
"AZ_GÜLTIGE_STIMMZETTEL": 194,
"AZ_JA_STIMMEN": 145
}
,
{
"GEMEINDE": "Schöfflisdorf",
"BEZIRK": "Dielsdorf",
"STIMMBETEILIGUNG": "   48.79",
"AZ_GÜLTIGE_STIMMZETTEL": 359,
"AZ_JA_STIMMEN": 296
}
,
{
"GEMEINDE": "Stadel",
"BEZIRK": "Dielsdorf",
"STIMMBETEILIGUNG": "   48.03",
"AZ_GÜLTIGE_STIMMZETTEL": 516,
"AZ_JA_STIMMEN": 417
}
,
{
"GEMEINDE": "Steinmaur",
"BEZIRK": "Dielsdorf",
"STIMMBETEILIGUNG": "   45.03",
"AZ_GÜLTIGE_STIMMZETTEL": 829,
"AZ_JA_STIMMEN": 680
}
,
{
"GEMEINDE": "Weiach",
"BEZIRK": "Dielsdorf",
"STIMMBETEILIGUNG": "   45.63",
"AZ_GÜLTIGE_STIMMZETTEL": 252,
"AZ_JA_STIMMEN": 216
}
,
{
"GEMEINDE": "Aesch",
"BEZIRK": "Dietikon",
"STIMMBETEILIGUNG": "   54.97",
"AZ_GÜLTIGE_STIMMZETTEL": 408,
"AZ_JA_STIMMEN": 354
}
,
{
"GEMEINDE": "Birmensdorf",
"BEZIRK": "Dietikon",
"STIMMBETEILIGUNG": "   47.09",
"AZ_GÜLTIGE_STIMMZETTEL": 1599,
"AZ_JA_STIMMEN": 1357
}
,
{
"GEMEINDE": "Dietikon",
"BEZIRK": "Dietikon",
"STIMMBETEILIGUNG": "   40.67",
"AZ_GÜLTIGE_STIMMZETTEL": 4828,
"AZ_JA_STIMMEN": 4066
}
,
{
"GEMEINDE": "Geroldswil",
"BEZIRK": "Dietikon",
"STIMMBETEILIGUNG": "   41.57",
"AZ_GÜLTIGE_STIMMZETTEL": 1280,
"AZ_JA_STIMMEN": 1105
}
,
{
"GEMEINDE": "Oberengstringen",
"BEZIRK": "Dietikon",
"STIMMBETEILIGUNG": "   46.48",
"AZ_GÜLTIGE_STIMMZETTEL": 1830,
"AZ_JA_STIMMEN": 1536
}
,
{
"GEMEINDE": "Oetwil a.d.L",
"BEZIRK": "Dietikon",
"STIMMBETEILIGUNG": "   46.23",
"AZ_GÜLTIGE_STIMMZETTEL": 716,
"AZ_JA_STIMMEN": 611
}
,
{
"GEMEINDE": "Schlieren",
"BEZIRK": "Dietikon",
"STIMMBETEILIGUNG": "   42.62",
"AZ_GÜLTIGE_STIMMZETTEL": 3121,
"AZ_JA_STIMMEN": 2603
}
,
{
"GEMEINDE": "Uitikon",
"BEZIRK": "Dietikon",
"STIMMBETEILIGUNG": "   57.70",
"AZ_GÜLTIGE_STIMMZETTEL": 1341,
"AZ_JA_STIMMEN": 1156
}
,
{
"GEMEINDE": "Unterengstringen",
"BEZIRK": "Dietikon",
"STIMMBETEILIGUNG": "   51.95",
"AZ_GÜLTIGE_STIMMZETTEL": 977,
"AZ_JA_STIMMEN": 865
}
,
{
"GEMEINDE": "Urdorf",
"BEZIRK": "Dietikon",
"STIMMBETEILIGUNG": "   43.93",
"AZ_GÜLTIGE_STIMMZETTEL": 2462,
"AZ_JA_STIMMEN": 2038
}
,
{
"GEMEINDE": "Weiningen",
"BEZIRK": "Dietikon",
"STIMMBETEILIGUNG": "   44.42",
"AZ_GÜLTIGE_STIMMZETTEL": 1023,
"AZ_JA_STIMMEN": 879
}
,
{
"GEMEINDE": "Bäretswil",
"BEZIRK": "Hinwil",
"STIMMBETEILIGUNG": "   49.32",
"AZ_GÜLTIGE_STIMMZETTEL": 1297,
"AZ_JA_STIMMEN": 1038
}
,
{
"GEMEINDE": "Bubikon",
"BEZIRK": "Hinwil",
"STIMMBETEILIGUNG": "   45.59",
"AZ_GÜLTIGE_STIMMZETTEL": 1442,
"AZ_JA_STIMMEN": 1219
}
,
{
"GEMEINDE": "Dürnten",
"BEZIRK": "Hinwil",
"STIMMBETEILIGUNG": "   43.37",
"AZ_GÜLTIGE_STIMMZETTEL": 1643,
"AZ_JA_STIMMEN": 1317
}
,
{
"GEMEINDE": "Fischenthal",
"BEZIRK": "Hinwil",
"STIMMBETEILIGUNG": "   41.59",
"AZ_GÜLTIGE_STIMMZETTEL": 507,
"AZ_JA_STIMMEN": 384
}
,
{
"GEMEINDE": "Gossau",
"BEZIRK": "Hinwil",
"STIMMBETEILIGUNG": "   44.10",
"AZ_GÜLTIGE_STIMMZETTEL": 2275,
"AZ_JA_STIMMEN": 1844
}
,
{
"GEMEINDE": "Grüningen",
"BEZIRK": "Hinwil",
"STIMMBETEILIGUNG": "   44.95",
"AZ_GÜLTIGE_STIMMZETTEL": 765,
"AZ_JA_STIMMEN": 595
}
,
{
"GEMEINDE": "Hinwil",
"BEZIRK": "Hinwil",
"STIMMBETEILIGUNG": "   43.64",
"AZ_GÜLTIGE_STIMMZETTEL": 2493,
"AZ_JA_STIMMEN": 2020
}
,
{
"GEMEINDE": "Rüti",
"BEZIRK": "Hinwil",
"STIMMBETEILIGUNG": "   42.66",
"AZ_GÜLTIGE_STIMMZETTEL": 2811,
"AZ_JA_STIMMEN": 2353
}
,
{
"GEMEINDE": "Seegräben",
"BEZIRK": "Hinwil",
"STIMMBETEILIGUNG": "   62.10",
"AZ_GÜLTIGE_STIMMZETTEL": 462,
"AZ_JA_STIMMEN": 371
}
,
{
"GEMEINDE": "Wald",
"BEZIRK": "Hinwil",
"STIMMBETEILIGUNG": "   39.74",
"AZ_GÜLTIGE_STIMMZETTEL": 1958,
"AZ_JA_STIMMEN": 1585
}
,
{
"GEMEINDE": "Wetzikon",
"BEZIRK": "Hinwil",
"STIMMBETEILIGUNG": "   51.70",
"AZ_GÜLTIGE_STIMMZETTEL": 5439,
"AZ_JA_STIMMEN": 4349
}
,
{
"GEMEINDE": "Adliswil",
"BEZIRK": "Horgen",
"STIMMBETEILIGUNG": "   44.08",
"AZ_GÜLTIGE_STIMMZETTEL": 4524,
"AZ_JA_STIMMEN": 3833
}
,
{
"GEMEINDE": "Hirzel",
"BEZIRK": "Horgen",
"STIMMBETEILIGUNG": "   48.03",
"AZ_GÜLTIGE_STIMMZETTEL": 603,
"AZ_JA_STIMMEN": 475
}
,
{
"GEMEINDE": "Horgen",
"BEZIRK": "Horgen",
"STIMMBETEILIGUNG": "   47.49",
"AZ_GÜLTIGE_STIMMZETTEL": 4881,
"AZ_JA_STIMMEN": 4021
}
,
{
"GEMEINDE": "Hütten",
"BEZIRK": "Horgen",
"STIMMBETEILIGUNG": "   47.99",
"AZ_GÜLTIGE_STIMMZETTEL": 269,
"AZ_JA_STIMMEN": 198
}
,
{
"GEMEINDE": "Kilchberg",
"BEZIRK": "Horgen",
"STIMMBETEILIGUNG": "   52.46",
"AZ_GÜLTIGE_STIMMZETTEL": 2651,
"AZ_JA_STIMMEN": 2256
}
,
{
"GEMEINDE": "Langnau a.A.",
"BEZIRK": "Horgen",
"STIMMBETEILIGUNG": "   48.43",
"AZ_GÜLTIGE_STIMMZETTEL": 2117,
"AZ_JA_STIMMEN": 1785
}
,
{
"GEMEINDE": "Oberrieden",
"BEZIRK": "Horgen",
"STIMMBETEILIGUNG": "   54.81",
"AZ_GÜLTIGE_STIMMZETTEL": 1745,
"AZ_JA_STIMMEN": 1429
}
,
{
"GEMEINDE": "Richterswil",
"BEZIRK": "Horgen",
"STIMMBETEILIGUNG": "   42.40",
"AZ_GÜLTIGE_STIMMZETTEL": 2727,
"AZ_JA_STIMMEN": 2235
}
,
{
"GEMEINDE": "Rüschlikon",
"BEZIRK": "Horgen",
"STIMMBETEILIGUNG": "   52.97",
"AZ_GÜLTIGE_STIMMZETTEL": 1754,
"AZ_JA_STIMMEN": 1458
}
,
{
"GEMEINDE": "Schönenberg",
"BEZIRK": "Horgen",
"STIMMBETEILIGUNG": "   47.01",
"AZ_GÜLTIGE_STIMMZETTEL": 580,
"AZ_JA_STIMMEN": 493
}
,
{
"GEMEINDE": "Thalwil",
"BEZIRK": "Horgen",
"STIMMBETEILIGUNG": "   48.72",
"AZ_GÜLTIGE_STIMMZETTEL": 4980,
"AZ_JA_STIMMEN": 4043
}
,
{
"GEMEINDE": "Wädenswil",
"BEZIRK": "Horgen",
"STIMMBETEILIGUNG": "   46.60",
"AZ_GÜLTIGE_STIMMZETTEL": 5734,
"AZ_JA_STIMMEN": 4682
}
,
{
"GEMEINDE": "Erlenbach",
"BEZIRK": "Meilen",
"STIMMBETEILIGUNG": "   53.96",
"AZ_GÜLTIGE_STIMMZETTEL": 1618,
"AZ_JA_STIMMEN": 1387
}
,
{
"GEMEINDE": "Herrliberg",
"BEZIRK": "Meilen",
"STIMMBETEILIGUNG": "   53.56",
"AZ_GÜLTIGE_STIMMZETTEL": 1855,
"AZ_JA_STIMMEN": 1583
}
,
{
"GEMEINDE": "Hombrechtikon",
"BEZIRK": "Meilen",
"STIMMBETEILIGUNG": "   43.51",
"AZ_GÜLTIGE_STIMMZETTEL": 1972,
"AZ_JA_STIMMEN": 1634
}
,
{
"GEMEINDE": "Küsnacht",
"BEZIRK": "Meilen",
"STIMMBETEILIGUNG": "   53.11",
"AZ_GÜLTIGE_STIMMZETTEL": 4636,
"AZ_JA_STIMMEN": 3962
}
,
{
"GEMEINDE": "Männedorf",
"BEZIRK": "Meilen",
"STIMMBETEILIGUNG": "   51.31",
"AZ_GÜLTIGE_STIMMZETTEL": 2706,
"AZ_JA_STIMMEN": 2200
}
,
{
"GEMEINDE": "Meilen",
"BEZIRK": "Meilen",
"STIMMBETEILIGUNG": "   52.53",
"AZ_GÜLTIGE_STIMMZETTEL": 3935,
"AZ_JA_STIMMEN": 3289
}
,
{
"GEMEINDE": "Oetwil a.S.",
"BEZIRK": "Meilen",
"STIMMBETEILIGUNG": "   37.83",
"AZ_GÜLTIGE_STIMMZETTEL": 755,
"AZ_JA_STIMMEN": 606
}
,
{
"GEMEINDE": "Stäfa",
"BEZIRK": "Meilen",
"STIMMBETEILIGUNG": "   44.82",
"AZ_GÜLTIGE_STIMMZETTEL": 3272,
"AZ_JA_STIMMEN": 2604
}
,
{
"GEMEINDE": "Uetikon a.S.",
"BEZIRK": "Meilen",
"STIMMBETEILIGUNG": "   52.44",
"AZ_GÜLTIGE_STIMMZETTEL": 1315,
"AZ_JA_STIMMEN": 1107
}
,
{
"GEMEINDE": "Zollikon",
"BEZIRK": "Meilen",
"STIMMBETEILIGUNG": "   53.97",
"AZ_GÜLTIGE_STIMMZETTEL": 4502,
"AZ_JA_STIMMEN": 3762
}
,
{
"GEMEINDE": "Zumikon",
"BEZIRK": "Meilen",
"STIMMBETEILIGUNG": "   61.41",
"AZ_GÜLTIGE_STIMMZETTEL": 1985,
"AZ_JA_STIMMEN": 1711
}
,
{
"GEMEINDE": "Bauma",
"BEZIRK": "Pfäffikon",
"STIMMBETEILIGUNG": "   40.87",
"AZ_GÜLTIGE_STIMMZETTEL": 1155,
"AZ_JA_STIMMEN": 913
}
,
{
"GEMEINDE": "Fehraltorf",
"BEZIRK": "Pfäffikon",
"STIMMBETEILIGUNG": "   44.03",
"AZ_GÜLTIGE_STIMMZETTEL": 1214,
"AZ_JA_STIMMEN": 1012
}
,
{
"GEMEINDE": "Hittnau",
"BEZIRK": "Pfäffikon",
"STIMMBETEILIGUNG": "   40.95",
"AZ_GÜLTIGE_STIMMZETTEL": 647,
"AZ_JA_STIMMEN": 517
}
,
{
"GEMEINDE": "Illnau-Effretikon",
"BEZIRK": "Pfäffikon",
"STIMMBETEILIGUNG": "   47.54",
"AZ_GÜLTIGE_STIMMZETTEL": 4642,
"AZ_JA_STIMMEN": 3842
}
,
{
"GEMEINDE": "Lindau",
"BEZIRK": "Pfäffikon",
"STIMMBETEILIGUNG": "   46.97",
"AZ_GÜLTIGE_STIMMZETTEL": 962,
"AZ_JA_STIMMEN": 789
}
,
{
"GEMEINDE": "Pfäffikon",
"BEZIRK": "Pfäffikon",
"STIMMBETEILIGUNG": "   43.81",
"AZ_GÜLTIGE_STIMMZETTEL": 2433,
"AZ_JA_STIMMEN": 1992
}
,
{
"GEMEINDE": "Russikon",
"BEZIRK": "Pfäffikon",
"STIMMBETEILIGUNG": "   44.94",
"AZ_GÜLTIGE_STIMMZETTEL": 1083,
"AZ_JA_STIMMEN": 892
}
,
{
"GEMEINDE": "Weisslingen",
"BEZIRK": "Pfäffikon",
"STIMMBETEILIGUNG": "   47.71",
"AZ_GÜLTIGE_STIMMZETTEL": 864,
"AZ_JA_STIMMEN": 726
}
,
{
"GEMEINDE": "Wila",
"BEZIRK": "Pfäffikon",
"STIMMBETEILIGUNG": "   57.87",
"AZ_GÜLTIGE_STIMMZETTEL": 652,
"AZ_JA_STIMMEN": 508
}
,
{
"GEMEINDE": "Wildberg",
"BEZIRK": "Pfäffikon",
"STIMMBETEILIGUNG": "   62.65",
"AZ_GÜLTIGE_STIMMZETTEL": 364,
"AZ_JA_STIMMEN": 264
}
,
{
"GEMEINDE": "Dübendorf",
"BEZIRK": "Uster",
"STIMMBETEILIGUNG": "   41.48",
"AZ_GÜLTIGE_STIMMZETTEL": 5678,
"AZ_JA_STIMMEN": 4828
}
,
{
"GEMEINDE": "Egg",
"BEZIRK": "Uster",
"STIMMBETEILIGUNG": "   48.02",
"AZ_GÜLTIGE_STIMMZETTEL": 2107,
"AZ_JA_STIMMEN": 1688
}
,
{
"GEMEINDE": "Fällanden",
"BEZIRK": "Uster",
"STIMMBETEILIGUNG": "   43.58",
"AZ_GÜLTIGE_STIMMZETTEL": 1937,
"AZ_JA_STIMMEN": 1546
}
,
{
"GEMEINDE": "Greifensee",
"BEZIRK": "Uster",
"STIMMBETEILIGUNG": "   50.73",
"AZ_GÜLTIGE_STIMMZETTEL": 1736,
"AZ_JA_STIMMEN": 1396
}
,
{
"GEMEINDE": "Maur",
"BEZIRK": "Uster",
"STIMMBETEILIGUNG": "   53.00",
"AZ_GÜLTIGE_STIMMZETTEL": 2695,
"AZ_JA_STIMMEN": 2181
}
,
{
"GEMEINDE": "Mönchaltorf",
"BEZIRK": "Uster",
"STIMMBETEILIGUNG": "   52.12",
"AZ_GÜLTIGE_STIMMZETTEL": 1196,
"AZ_JA_STIMMEN": 954
}
,
{
"GEMEINDE": "Schwerzenbach",
"BEZIRK": "Uster",
"STIMMBETEILIGUNG": "   46.82",
"AZ_GÜLTIGE_STIMMZETTEL": 1141,
"AZ_JA_STIMMEN": 942
}
,
{
"GEMEINDE": "Uster",
"BEZIRK": "Uster",
"STIMMBETEILIGUNG": "   48.07",
"AZ_GÜLTIGE_STIMMZETTEL": 7559,
"AZ_JA_STIMMEN": 6098
}
,
{
"GEMEINDE": "Volketswil",
"BEZIRK": "Uster",
"STIMMBETEILIGUNG": "   40.94",
"AZ_GÜLTIGE_STIMMZETTEL": 3233,
"AZ_JA_STIMMEN": 2738
}
,
{
"GEMEINDE": "Wangen-Brüttisellen",
"BEZIRK": "Uster",
"STIMMBETEILIGUNG": "   40.65",
"AZ_GÜLTIGE_STIMMZETTEL": 1172,
"AZ_JA_STIMMEN": 986
}
,
{
"GEMEINDE": "Altikon",
"BEZIRK": "Winterthur",
"STIMMBETEILIGUNG": "   58.29",
"AZ_GÜLTIGE_STIMMZETTEL": 244,
"AZ_JA_STIMMEN": 215
}
,
{
"GEMEINDE": "Brütten",
"BEZIRK": "Winterthur",
"STIMMBETEILIGUNG": "   57.10",
"AZ_GÜLTIGE_STIMMZETTEL": 626,
"AZ_JA_STIMMEN": 546
}
,
{
"GEMEINDE": "Dägerlen",
"BEZIRK": "Winterthur",
"STIMMBETEILIGUNG": "   59.61",
"AZ_GÜLTIGE_STIMMZETTEL": 292,
"AZ_JA_STIMMEN": 217
}
,
{
"GEMEINDE": "Dättlikon",
"BEZIRK": "Winterthur",
"STIMMBETEILIGUNG": "   60.22",
"AZ_GÜLTIGE_STIMMZETTEL": 216,
"AZ_JA_STIMMEN": 184
}
,
{
"GEMEINDE": "Dinhard",
"BEZIRK": "Winterthur",
"STIMMBETEILIGUNG": "   57.08",
"AZ_GÜLTIGE_STIMMZETTEL": 484,
"AZ_JA_STIMMEN": 392
}
,
{
"GEMEINDE": "Elgg",
"BEZIRK": "Winterthur",
"STIMMBETEILIGUNG": "   48.16",
"AZ_GÜLTIGE_STIMMZETTEL": 1100,
"AZ_JA_STIMMEN": 904
}
,
{
"GEMEINDE": "Ellikon a.d.Th.",
"BEZIRK": "Winterthur",
"STIMMBETEILIGUNG": "   48.85",
"AZ_GÜLTIGE_STIMMZETTEL": 233,
"AZ_JA_STIMMEN": 201
}
,
{
"GEMEINDE": "Elsau",
"BEZIRK": "Winterthur",
"STIMMBETEILIGUNG": "   47.73",
"AZ_GÜLTIGE_STIMMZETTEL": 871,
"AZ_JA_STIMMEN": 706
}
,
{
"GEMEINDE": "Hagenbuch",
"BEZIRK": "Winterthur",
"STIMMBETEILIGUNG": "   45.94",
"AZ_GÜLTIGE_STIMMZETTEL": 251,
"AZ_JA_STIMMEN": 207
}
,
{
"GEMEINDE": "Hettlingen",
"BEZIRK": "Winterthur",
"STIMMBETEILIGUNG": "   58.14",
"AZ_GÜLTIGE_STIMMZETTEL": 692,
"AZ_JA_STIMMEN": 570
}
,
{
"GEMEINDE": "Hofstetten",
"BEZIRK": "Winterthur",
"STIMMBETEILIGUNG": "   54.03",
"AZ_GÜLTIGE_STIMMZETTEL": 158,
"AZ_JA_STIMMEN": 137
}
,
{
"GEMEINDE": "Neftenbach",
"BEZIRK": "Winterthur",
"STIMMBETEILIGUNG": "   47.14",
"AZ_GÜLTIGE_STIMMZETTEL": 1335,
"AZ_JA_STIMMEN": 1124
}
,
{
"GEMEINDE": "Pfungen",
"BEZIRK": "Winterthur",
"STIMMBETEILIGUNG": "   41.54",
"AZ_GÜLTIGE_STIMMZETTEL": 576,
"AZ_JA_STIMMEN": 497
}
,
{
"GEMEINDE": "Rickenbach",
"BEZIRK": "Winterthur",
"STIMMBETEILIGUNG": "   52.82",
"AZ_GÜLTIGE_STIMMZETTEL": 697,
"AZ_JA_STIMMEN": 593
}
,
{
"GEMEINDE": "Schlatt",
"BEZIRK": "Winterthur",
"STIMMBETEILIGUNG": "   63.09",
"AZ_GÜLTIGE_STIMMZETTEL": 270,
"AZ_JA_STIMMEN": 194
}
,
{
"GEMEINDE": "Seuzach",
"BEZIRK": "Winterthur",
"STIMMBETEILIGUNG": "   47.90",
"AZ_GÜLTIGE_STIMMZETTEL": 1886,
"AZ_JA_STIMMEN": 1604
}
,
{
"GEMEINDE": "Turbenthal",
"BEZIRK": "Winterthur",
"STIMMBETEILIGUNG": "   43.70",
"AZ_GÜLTIGE_STIMMZETTEL": 1027,
"AZ_JA_STIMMEN": 812
}
,
{
"GEMEINDE": "Wiesendangen",
"BEZIRK": "Winterthur",
"STIMMBETEILIGUNG": "   54.38",
"AZ_GÜLTIGE_STIMMZETTEL": 1783,
"AZ_JA_STIMMEN": 1544
}
,
{
"GEMEINDE": "Winterthur",
"BEZIRK": "Winterthur",
"STIMMBETEILIGUNG": "   45.89",
"AZ_GÜLTIGE_STIMMZETTEL": 25764,
"AZ_JA_STIMMEN": 20013
}
,
{
"GEMEINDE": "Zell",
"BEZIRK": "Winterthur",
"STIMMBETEILIGUNG": "   50.57",
"AZ_GÜLTIGE_STIMMZETTEL": 1314,
"AZ_JA_STIMMEN": 1053
}
,
{
"GEMEINDE": "Zürich",
"BEZIRK": "Zürich",
"STIMMBETEILIGUNG": "   51.66",
"AZ_GÜLTIGE_STIMMZETTEL": 112946,
"AZ_JA_STIMMEN": 87397
}
]
