[
{
"GEMEINDE": "Aeugst a.A.",
"BEZIRK": "Affoltern",
"STIMMBETEILIGUNG": "   87.36",
"AZ_GÜLTIGE_STIMMZETTEL": 138,
"AZ_JA_STIMMEN": 90
}
,
{
"GEMEINDE": "Affoltern a.A.",
"BEZIRK": "Affoltern",
"STIMMBETEILIGUNG": "   78.50",
"AZ_GÜLTIGE_STIMMZETTEL": 623,
"AZ_JA_STIMMEN": 440
}
,
{
"GEMEINDE": "Bonstetten",
"BEZIRK": "Affoltern",
"STIMMBETEILIGUNG": "   88.66",
"AZ_GÜLTIGE_STIMMZETTEL": 205,
"AZ_JA_STIMMEN": 155
}
,
{
"GEMEINDE": "Hausen a.A.",
"BEZIRK": "Affoltern",
"STIMMBETEILIGUNG": "   66.18",
"AZ_GÜLTIGE_STIMMZETTEL": 245,
"AZ_JA_STIMMEN": 168
}
,
{
"GEMEINDE": "Hedingen",
"BEZIRK": "Affoltern",
"STIMMBETEILIGUNG": "   84.29",
"AZ_GÜLTIGE_STIMMZETTEL": 223,
"AZ_JA_STIMMEN": 172
}
,
{
"GEMEINDE": "Kappel a.A.",
"BEZIRK": "Affoltern",
"STIMMBETEILIGUNG": "   84.66",
"AZ_GÜLTIGE_STIMMZETTEL": 108,
"AZ_JA_STIMMEN": 80
}
,
{
"GEMEINDE": "Knonau",
"BEZIRK": "Affoltern",
"STIMMBETEILIGUNG": "   77.25",
"AZ_GÜLTIGE_STIMMZETTEL": 123,
"AZ_JA_STIMMEN": 73
}
,
{
"GEMEINDE": "Maschwanden",
"BEZIRK": "Affoltern",
"STIMMBETEILIGUNG": "   92.97",
"AZ_GÜLTIGE_STIMMZETTEL": 105,
"AZ_JA_STIMMEN": 84
}
,
{
"GEMEINDE": "Mettmenstetten",
"BEZIRK": "Affoltern",
"STIMMBETEILIGUNG": "   86.85",
"AZ_GÜLTIGE_STIMMZETTEL": 347,
"AZ_JA_STIMMEN": 266
}
,
{
"GEMEINDE": "Obfelden",
"BEZIRK": "Affoltern",
"STIMMBETEILIGUNG": "   82.64",
"AZ_GÜLTIGE_STIMMZETTEL": 312,
"AZ_JA_STIMMEN": 192
}
,
{
"GEMEINDE": "Ottenbach",
"BEZIRK": "Affoltern",
"STIMMBETEILIGUNG": "   74.54",
"AZ_GÜLTIGE_STIMMZETTEL": 173,
"AZ_JA_STIMMEN": 121
}
,
{
"GEMEINDE": "Rifferswil",
"BEZIRK": "Affoltern",
"STIMMBETEILIGUNG": "   87.76",
"AZ_GÜLTIGE_STIMMZETTEL": 111,
"AZ_JA_STIMMEN": 84
}
,
{
"GEMEINDE": "Stallikon",
"BEZIRK": "Affoltern",
"STIMMBETEILIGUNG": "   81.67",
"AZ_GÜLTIGE_STIMMZETTEL": 134,
"AZ_JA_STIMMEN": 72
}
,
{
"GEMEINDE": "Wettswil a.A.",
"BEZIRK": "Affoltern",
"STIMMBETEILIGUNG": "   80.85",
"AZ_GÜLTIGE_STIMMZETTEL": 69,
"AZ_JA_STIMMEN": 47
}
,
{
"GEMEINDE": "Adlikon",
"BEZIRK": "Andelfingen",
"STIMMBETEILIGUNG": "   93.80",
"AZ_GÜLTIGE_STIMMZETTEL": 95,
"AZ_JA_STIMMEN": 77
}
,
{
"GEMEINDE": "Andelfingen",
"BEZIRK": "Andelfingen",
"STIMMBETEILIGUNG": "   85.97",
"AZ_GÜLTIGE_STIMMZETTEL": 219,
"AZ_JA_STIMMEN": 191
}
,
{
"GEMEINDE": "Benken",
"BEZIRK": "Andelfingen",
"STIMMBETEILIGUNG": "   90.07",
"AZ_GÜLTIGE_STIMMZETTEL": 125,
"AZ_JA_STIMMEN": 99
}
,
{
"GEMEINDE": "Berg a.I.",
"BEZIRK": "Andelfingen",
"STIMMBETEILIGUNG": "   94.35",
"AZ_GÜLTIGE_STIMMZETTEL": 104,
"AZ_JA_STIMMEN": 84
}
,
{
"GEMEINDE": "Buch a.I.",
"BEZIRK": "Andelfingen",
"STIMMBETEILIGUNG": "   91.91",
"AZ_GÜLTIGE_STIMMZETTEL": 111,
"AZ_JA_STIMMEN": 102
}
,
{
"GEMEINDE": "Dachsen",
"BEZIRK": "Andelfingen",
"STIMMBETEILIGUNG": "   87.35",
"AZ_GÜLTIGE_STIMMZETTEL": 125,
"AZ_JA_STIMMEN": 80
}
,
{
"GEMEINDE": "Dorf",
"BEZIRK": "Andelfingen",
"STIMMBETEILIGUNG": "   95.88",
"AZ_GÜLTIGE_STIMMZETTEL": 83,
"AZ_JA_STIMMEN": 56
}
,
{
"GEMEINDE": "Feuerthalen",
"BEZIRK": "Andelfingen",
"STIMMBETEILIGUNG": "   83.48",
"AZ_GÜLTIGE_STIMMZETTEL": 526,
"AZ_JA_STIMMEN": 399
}
,
{
"GEMEINDE": "Flaach",
"BEZIRK": "Andelfingen",
"STIMMBETEILIGUNG": "   86.67",
"AZ_GÜLTIGE_STIMMZETTEL": 160,
"AZ_JA_STIMMEN": 108
}
,
{
"GEMEINDE": "Flurlingen",
"BEZIRK": "Andelfingen",
"STIMMBETEILIGUNG": "   89.96",
"AZ_GÜLTIGE_STIMMZETTEL": 218,
"AZ_JA_STIMMEN": 169
}
,
{
"GEMEINDE": "Henggart",
"BEZIRK": "Andelfingen",
"STIMMBETEILIGUNG": "   87.59",
"AZ_GÜLTIGE_STIMMZETTEL": 105,
"AZ_JA_STIMMEN": 84
}
,
{
"GEMEINDE": "Humlikon",
"BEZIRK": "Andelfingen",
"STIMMBETEILIGUNG": "   93.42",
"AZ_GÜLTIGE_STIMMZETTEL": 57,
"AZ_JA_STIMMEN": 45
}
,
{
"GEMEINDE": "Kleinandelfingen",
"BEZIRK": "Andelfingen",
"STIMMBETEILIGUNG": "   93.21",
"AZ_GÜLTIGE_STIMMZETTEL": 232,
"AZ_JA_STIMMEN": 180
}
,
{
"GEMEINDE": "Laufen-Uhwiesen",
"BEZIRK": "Andelfingen",
"STIMMBETEILIGUNG": "   84.17",
"AZ_GÜLTIGE_STIMMZETTEL": 171,
"AZ_JA_STIMMEN": 125
}
,
{
"GEMEINDE": "Marthalen",
"BEZIRK": "Andelfingen",
"STIMMBETEILIGUNG": "   83.29",
"AZ_GÜLTIGE_STIMMZETTEL": 285,
"AZ_JA_STIMMEN": 243
}
,
{
"GEMEINDE": "Oberstammheim",
"BEZIRK": "Andelfingen",
"STIMMBETEILIGUNG": "   77.10",
"AZ_GÜLTIGE_STIMMZETTEL": 154,
"AZ_JA_STIMMEN": 131
}
,
{
"GEMEINDE": "Ossingen",
"BEZIRK": "Andelfingen",
"STIMMBETEILIGUNG": "   87.10",
"AZ_GÜLTIGE_STIMMZETTEL": 197,
"AZ_JA_STIMMEN": 168
}
,
{
"GEMEINDE": "Rheinau",
"BEZIRK": "Andelfingen",
"STIMMBETEILIGUNG": "   80.78",
"AZ_GÜLTIGE_STIMMZETTEL": 204,
"AZ_JA_STIMMEN": 157
}
,
{
"GEMEINDE": "Thalheim a.d.Th.",
"BEZIRK": "Andelfingen",
"STIMMBETEILIGUNG": "   88.24",
"AZ_GÜLTIGE_STIMMZETTEL": 110,
"AZ_JA_STIMMEN": 85
}
,
{
"GEMEINDE": "Trüllikon",
"BEZIRK": "Andelfingen",
"STIMMBETEILIGUNG": "   89.42",
"AZ_GÜLTIGE_STIMMZETTEL": 213,
"AZ_JA_STIMMEN": 156
}
,
{
"GEMEINDE": "Truttikon",
"BEZIRK": "Andelfingen",
"STIMMBETEILIGUNG": "   91.09",
"AZ_GÜLTIGE_STIMMZETTEL": 80,
"AZ_JA_STIMMEN": 61
}
,
{
"GEMEINDE": "Unterstammheim",
"BEZIRK": "Andelfingen",
"STIMMBETEILIGUNG": "   86.81",
"AZ_GÜLTIGE_STIMMZETTEL": 147,
"AZ_JA_STIMMEN": 134
}
,
{
"GEMEINDE": "Volken",
"BEZIRK": "Andelfingen",
"STIMMBETEILIGUNG": "   87.84",
"AZ_GÜLTIGE_STIMMZETTEL": 56,
"AZ_JA_STIMMEN": 48
}
,
{
"GEMEINDE": "Waltalingen",
"BEZIRK": "Andelfingen",
"STIMMBETEILIGUNG": "   89.22",
"AZ_GÜLTIGE_STIMMZETTEL": 133,
"AZ_JA_STIMMEN": 110
}
,
{
"GEMEINDE": "Bachenbülach",
"BEZIRK": "Bülach",
"STIMMBETEILIGUNG": "   95.63",
"AZ_GÜLTIGE_STIMMZETTEL": 143,
"AZ_JA_STIMMEN": 110
}
,
{
"GEMEINDE": "Bassersdorf",
"BEZIRK": "Bülach",
"STIMMBETEILIGUNG": "   86.63",
"AZ_GÜLTIGE_STIMMZETTEL": 399,
"AZ_JA_STIMMEN": 298
}
,
{
"GEMEINDE": "Bülach",
"BEZIRK": "Bülach",
"STIMMBETEILIGUNG": "   81.18",
"AZ_GÜLTIGE_STIMMZETTEL": 743,
"AZ_JA_STIMMEN": 545
}
,
{
"GEMEINDE": "Dietlikon",
"BEZIRK": "Bülach",
"STIMMBETEILIGUNG": "   77.43",
"AZ_GÜLTIGE_STIMMZETTEL": 183,
"AZ_JA_STIMMEN": 155
}
,
{
"GEMEINDE": "Eglisau",
"BEZIRK": "Bülach",
"STIMMBETEILIGUNG": "   72.89",
"AZ_GÜLTIGE_STIMMZETTEL": 270,
"AZ_JA_STIMMEN": 183
}
,
{
"GEMEINDE": "Embrach",
"BEZIRK": "Bülach",
"STIMMBETEILIGUNG": "   89.83",
"AZ_GÜLTIGE_STIMMZETTEL": 400,
"AZ_JA_STIMMEN": 285
}
,
{
"GEMEINDE": "Freienstein-Teufen",
"BEZIRK": "Bülach",
"STIMMBETEILIGUNG": "   91.38",
"AZ_GÜLTIGE_STIMMZETTEL": 264,
"AZ_JA_STIMMEN": 193
}
,
{
"GEMEINDE": "Glattfelden",
"BEZIRK": "Bülach",
"STIMMBETEILIGUNG": "   80.91",
"AZ_GÜLTIGE_STIMMZETTEL": 384,
"AZ_JA_STIMMEN": 250
}
,
{
"GEMEINDE": "Hochfelden",
"BEZIRK": "Bülach",
"STIMMBETEILIGUNG": "   88.73",
"AZ_GÜLTIGE_STIMMZETTEL": 107,
"AZ_JA_STIMMEN": 66
}
,
{
"GEMEINDE": "Höri",
"BEZIRK": "Bülach",
"STIMMBETEILIGUNG": "   85.82",
"AZ_GÜLTIGE_STIMMZETTEL": 112,
"AZ_JA_STIMMEN": 82
}
,
{
"GEMEINDE": "Hüntwangen",
"BEZIRK": "Bülach",
"STIMMBETEILIGUNG": "   89.74",
"AZ_GÜLTIGE_STIMMZETTEL": 123,
"AZ_JA_STIMMEN": 89
}
,
{
"GEMEINDE": "Kloten",
"BEZIRK": "Bülach",
"STIMMBETEILIGUNG": "   81.71",
"AZ_GÜLTIGE_STIMMZETTEL": 456,
"AZ_JA_STIMMEN": 335
}
,
{
"GEMEINDE": "Lufingen",
"BEZIRK": "Bülach",
"STIMMBETEILIGUNG": "   94.21",
"AZ_GÜLTIGE_STIMMZETTEL": 109,
"AZ_JA_STIMMEN": 74
}
,
{
"GEMEINDE": "Nürensdorf",
"BEZIRK": "Bülach",
"STIMMBETEILIGUNG": "   94.01",
"AZ_GÜLTIGE_STIMMZETTEL": 181,
"AZ_JA_STIMMEN": 126
}
,
{
"GEMEINDE": "Oberembrach",
"BEZIRK": "Bülach",
"STIMMBETEILIGUNG": "   90.85",
"AZ_GÜLTIGE_STIMMZETTEL": 109,
"AZ_JA_STIMMEN": 87
}
,
{
"GEMEINDE": "Opfikon",
"BEZIRK": "Bülach",
"STIMMBETEILIGUNG": "   77.80",
"AZ_GÜLTIGE_STIMMZETTEL": 302,
"AZ_JA_STIMMEN": 246
}
,
{
"GEMEINDE": "Rafz",
"BEZIRK": "Bülach",
"STIMMBETEILIGUNG": "   77.92",
"AZ_GÜLTIGE_STIMMZETTEL": 307,
"AZ_JA_STIMMEN": 200
}
,
{
"GEMEINDE": "Rorbas",
"BEZIRK": "Bülach",
"STIMMBETEILIGUNG": "   93.29",
"AZ_GÜLTIGE_STIMMZETTEL": 266,
"AZ_JA_STIMMEN": 182
}
,
{
"GEMEINDE": "Wallisellen",
"BEZIRK": "Bülach",
"STIMMBETEILIGUNG": "   75.66",
"AZ_GÜLTIGE_STIMMZETTEL": 840,
"AZ_JA_STIMMEN": 706
}
,
{
"GEMEINDE": "Wasterkingen",
"BEZIRK": "Bülach",
"STIMMBETEILIGUNG": "   91.76",
"AZ_GÜLTIGE_STIMMZETTEL": 71,
"AZ_JA_STIMMEN": 54
}
,
{
"GEMEINDE": "Wil",
"BEZIRK": "Bülach",
"STIMMBETEILIGUNG": "   88.89",
"AZ_GÜLTIGE_STIMMZETTEL": 167,
"AZ_JA_STIMMEN": 111
}
,
{
"GEMEINDE": "Winkel",
"BEZIRK": "Bülach",
"STIMMBETEILIGUNG": "   92.52",
"AZ_GÜLTIGE_STIMMZETTEL": 128,
"AZ_JA_STIMMEN": 97
}
,
{
"GEMEINDE": "Bachs",
"BEZIRK": "Dielsdorf",
"STIMMBETEILIGUNG": "   88.37",
"AZ_GÜLTIGE_STIMMZETTEL": 104,
"AZ_JA_STIMMEN": 72
}
,
{
"GEMEINDE": "Boppelsen",
"BEZIRK": "Dielsdorf",
"STIMMBETEILIGUNG": "   87.84",
"AZ_GÜLTIGE_STIMMZETTEL": 59,
"AZ_JA_STIMMEN": 46
}
,
{
"GEMEINDE": "Buchs",
"BEZIRK": "Dielsdorf",
"STIMMBETEILIGUNG": "   81.82",
"AZ_GÜLTIGE_STIMMZETTEL": 132,
"AZ_JA_STIMMEN": 106
}
,
{
"GEMEINDE": "Dällikon",
"BEZIRK": "Dielsdorf",
"STIMMBETEILIGUNG": "   79.66",
"AZ_GÜLTIGE_STIMMZETTEL": 84,
"AZ_JA_STIMMEN": 61
}
,
{
"GEMEINDE": "Dänikon",
"BEZIRK": "Dielsdorf",
"STIMMBETEILIGUNG": "   96.49",
"AZ_GÜLTIGE_STIMMZETTEL": 49,
"AZ_JA_STIMMEN": 31
}
,
{
"GEMEINDE": "Dielsdorf",
"BEZIRK": "Dielsdorf",
"STIMMBETEILIGUNG": "   85.27",
"AZ_GÜLTIGE_STIMMZETTEL": 200,
"AZ_JA_STIMMEN": 122
}
,
{
"GEMEINDE": "Hüttikon",
"BEZIRK": "Dielsdorf",
"STIMMBETEILIGUNG": "   89.19",
"AZ_GÜLTIGE_STIMMZETTEL": 31,
"AZ_JA_STIMMEN": 12
}
,
{
"GEMEINDE": "Neerach",
"BEZIRK": "Dielsdorf",
"STIMMBETEILIGUNG": "   78.36",
"AZ_GÜLTIGE_STIMMZETTEL": 109,
"AZ_JA_STIMMEN": 73
}
,
{
"GEMEINDE": "Niederglatt",
"BEZIRK": "Dielsdorf",
"STIMMBETEILIGUNG": "   80.43",
"AZ_GÜLTIGE_STIMMZETTEL": 178,
"AZ_JA_STIMMEN": 158
}
,
{
"GEMEINDE": "Niederhasli",
"BEZIRK": "Dielsdorf",
"STIMMBETEILIGUNG": "   85.26",
"AZ_GÜLTIGE_STIMMZETTEL": 215,
"AZ_JA_STIMMEN": 143
}
,
{
"GEMEINDE": "Niederweningen",
"BEZIRK": "Dielsdorf",
"STIMMBETEILIGUNG": "   81.74",
"AZ_GÜLTIGE_STIMMZETTEL": 159,
"AZ_JA_STIMMEN": 108
}
,
{
"GEMEINDE": "Oberglatt",
"BEZIRK": "Dielsdorf",
"STIMMBETEILIGUNG": "   80.77",
"AZ_GÜLTIGE_STIMMZETTEL": 201,
"AZ_JA_STIMMEN": 152
}
,
{
"GEMEINDE": "Oberweningen",
"BEZIRK": "Dielsdorf",
"STIMMBETEILIGUNG": "   82.56",
"AZ_GÜLTIGE_STIMMZETTEL": 63,
"AZ_JA_STIMMEN": 42
}
,
{
"GEMEINDE": "Otelfingen",
"BEZIRK": "Dielsdorf",
"STIMMBETEILIGUNG": "   78.98",
"AZ_GÜLTIGE_STIMMZETTEL": 127,
"AZ_JA_STIMMEN": 89
}
,
{
"GEMEINDE": "Regensberg",
"BEZIRK": "Dielsdorf",
"STIMMBETEILIGUNG": "   83.56",
"AZ_GÜLTIGE_STIMMZETTEL": 51,
"AZ_JA_STIMMEN": 37
}
,
{
"GEMEINDE": "Regensdorf",
"BEZIRK": "Dielsdorf",
"STIMMBETEILIGUNG": "   74.61",
"AZ_GÜLTIGE_STIMMZETTEL": 341,
"AZ_JA_STIMMEN": 258
}
,
{
"GEMEINDE": "Rümlang",
"BEZIRK": "Dielsdorf",
"STIMMBETEILIGUNG": "   87.80",
"AZ_GÜLTIGE_STIMMZETTEL": 255,
"AZ_JA_STIMMEN": 184
}
,
{
"GEMEINDE": "Schleinikon",
"BEZIRK": "Dielsdorf",
"STIMMBETEILIGUNG": "   82.41",
"AZ_GÜLTIGE_STIMMZETTEL": 80,
"AZ_JA_STIMMEN": 44
}
,
{
"GEMEINDE": "Schöfflisdorf",
"BEZIRK": "Dielsdorf",
"STIMMBETEILIGUNG": "   97.67",
"AZ_GÜLTIGE_STIMMZETTEL": 77,
"AZ_JA_STIMMEN": 45
}
,
{
"GEMEINDE": "Stadel",
"BEZIRK": "Dielsdorf",
"STIMMBETEILIGUNG": "   80.07",
"AZ_GÜLTIGE_STIMMZETTEL": 209,
"AZ_JA_STIMMEN": 132
}
,
{
"GEMEINDE": "Steinmaur",
"BEZIRK": "Dielsdorf",
"STIMMBETEILIGUNG": "   82.74",
"AZ_GÜLTIGE_STIMMZETTEL": 162,
"AZ_JA_STIMMEN": 101
}
,
{
"GEMEINDE": "Weiach",
"BEZIRK": "Dielsdorf",
"STIMMBETEILIGUNG": "   87.57",
"AZ_GÜLTIGE_STIMMZETTEL": 135,
"AZ_JA_STIMMEN": 97
}
,
{
"GEMEINDE": "Aesch",
"BEZIRK": "Dietikon",
"STIMMBETEILIGUNG": "   85.11",
"AZ_GÜLTIGE_STIMMZETTEL": 70,
"AZ_JA_STIMMEN": 53
}
,
{
"GEMEINDE": "Birmensdorf",
"BEZIRK": "Dietikon",
"STIMMBETEILIGUNG": "   75.19",
"AZ_GÜLTIGE_STIMMZETTEL": 262,
"AZ_JA_STIMMEN": 184
}
,
{
"GEMEINDE": "Dietikon",
"BEZIRK": "Dietikon",
"STIMMBETEILIGUNG": "   74.48",
"AZ_GÜLTIGE_STIMMZETTEL": 1264,
"AZ_JA_STIMMEN": 928
}
,
{
"GEMEINDE": "Geroldswil",
"BEZIRK": "Dietikon",
"STIMMBETEILIGUNG": "   62.75",
"AZ_GÜLTIGE_STIMMZETTEL": 56,
"AZ_JA_STIMMEN": 27
}
,
{
"GEMEINDE": "Oberengstringen",
"BEZIRK": "Dietikon",
"STIMMBETEILIGUNG": "   66.16",
"AZ_GÜLTIGE_STIMMZETTEL": 126,
"AZ_JA_STIMMEN": 85
}
,
{
"GEMEINDE": "Oetwil a.d.L",
"BEZIRK": "Dietikon",
"STIMMBETEILIGUNG": "   84.42",
"AZ_GÜLTIGE_STIMMZETTEL": 60,
"AZ_JA_STIMMEN": 34
}
,
{
"GEMEINDE": "Schlieren",
"BEZIRK": "Dietikon",
"STIMMBETEILIGUNG": "   79.03",
"AZ_GÜLTIGE_STIMMZETTEL": 1012,
"AZ_JA_STIMMEN": 833
}
,
{
"GEMEINDE": "Uitikon",
"BEZIRK": "Dietikon",
"STIMMBETEILIGUNG": "   67.30",
"AZ_GÜLTIGE_STIMMZETTEL": 96,
"AZ_JA_STIMMEN": 68
}
,
{
"GEMEINDE": "Unterengstringen",
"BEZIRK": "Dietikon",
"STIMMBETEILIGUNG": "   81.58",
"AZ_GÜLTIGE_STIMMZETTEL": 173,
"AZ_JA_STIMMEN": 142
}
,
{
"GEMEINDE": "Urdorf",
"BEZIRK": "Dietikon",
"STIMMBETEILIGUNG": "   71.20",
"AZ_GÜLTIGE_STIMMZETTEL": 234,
"AZ_JA_STIMMEN": 155
}
,
{
"GEMEINDE": "Weiningen",
"BEZIRK": "Dietikon",
"STIMMBETEILIGUNG": "   81.16",
"AZ_GÜLTIGE_STIMMZETTEL": 199,
"AZ_JA_STIMMEN": 117
}
,
{
"GEMEINDE": "Bäretswil",
"BEZIRK": "Hinwil",
"STIMMBETEILIGUNG": "   86.00",
"AZ_GÜLTIGE_STIMMZETTEL": 547,
"AZ_JA_STIMMEN": 350
}
,
{
"GEMEINDE": "Bubikon",
"BEZIRK": "Hinwil",
"STIMMBETEILIGUNG": "   83.54",
"AZ_GÜLTIGE_STIMMZETTEL": 445,
"AZ_JA_STIMMEN": 305
}
,
{
"GEMEINDE": "Dürnten",
"BEZIRK": "Hinwil",
"STIMMBETEILIGUNG": "   80.53",
"AZ_GÜLTIGE_STIMMZETTEL": 675,
"AZ_JA_STIMMEN": 458
}
,
{
"GEMEINDE": "Fischenthal",
"BEZIRK": "Hinwil",
"STIMMBETEILIGUNG": "   85.23",
"AZ_GÜLTIGE_STIMMZETTEL": 417,
"AZ_JA_STIMMEN": 232
}
,
{
"GEMEINDE": "Gossau",
"BEZIRK": "Hinwil",
"STIMMBETEILIGUNG": "   80.10",
"AZ_GÜLTIGE_STIMMZETTEL": 565,
"AZ_JA_STIMMEN": 382
}
,
{
"GEMEINDE": "Grüningen",
"BEZIRK": "Hinwil",
"STIMMBETEILIGUNG": "   81.45",
"AZ_GÜLTIGE_STIMMZETTEL": 288,
"AZ_JA_STIMMEN": 169
}
,
{
"GEMEINDE": "Hinwil",
"BEZIRK": "Hinwil",
"STIMMBETEILIGUNG": "   82.70",
"AZ_GÜLTIGE_STIMMZETTEL": 671,
"AZ_JA_STIMMEN": 478
}
,
{
"GEMEINDE": "Rüti",
"BEZIRK": "Hinwil",
"STIMMBETEILIGUNG": "   83.26",
"AZ_GÜLTIGE_STIMMZETTEL": 1302,
"AZ_JA_STIMMEN": 1039
}
,
{
"GEMEINDE": "Seegräben",
"BEZIRK": "Hinwil",
"STIMMBETEILIGUNG": "   75.86",
"AZ_GÜLTIGE_STIMMZETTEL": 140,
"AZ_JA_STIMMEN": 99
}
,
{
"GEMEINDE": "Wald",
"BEZIRK": "Hinwil",
"STIMMBETEILIGUNG": "   74.18",
"AZ_GÜLTIGE_STIMMZETTEL": 1303,
"AZ_JA_STIMMEN": 927
}
,
{
"GEMEINDE": "Wetzikon",
"BEZIRK": "Hinwil",
"STIMMBETEILIGUNG": "   80.94",
"AZ_GÜLTIGE_STIMMZETTEL": 1448,
"AZ_JA_STIMMEN": 1075
}
,
{
"GEMEINDE": "Adliswil",
"BEZIRK": "Horgen",
"STIMMBETEILIGUNG": "   70.17",
"AZ_GÜLTIGE_STIMMZETTEL": 950,
"AZ_JA_STIMMEN": 682
}
,
{
"GEMEINDE": "Hirzel",
"BEZIRK": "Horgen",
"STIMMBETEILIGUNG": "   75.59",
"AZ_GÜLTIGE_STIMMZETTEL": 196,
"AZ_JA_STIMMEN": 111
}
,
{
"GEMEINDE": "Horgen",
"BEZIRK": "Horgen",
"STIMMBETEILIGUNG": "   79.74",
"AZ_GÜLTIGE_STIMMZETTEL": 2052,
"AZ_JA_STIMMEN": 1487
}
,
{
"GEMEINDE": "Hütten",
"BEZIRK": "Horgen",
"STIMMBETEILIGUNG": "   73.08",
"AZ_GÜLTIGE_STIMMZETTEL": 105,
"AZ_JA_STIMMEN": 53
}
,
{
"GEMEINDE": "Kilchberg",
"BEZIRK": "Horgen",
"STIMMBETEILIGUNG": "   76.99",
"AZ_GÜLTIGE_STIMMZETTEL": 840,
"AZ_JA_STIMMEN": 713
}
,
{
"GEMEINDE": "Langnau a.A.",
"BEZIRK": "Horgen",
"STIMMBETEILIGUNG": "   68.36",
"AZ_GÜLTIGE_STIMMZETTEL": 340,
"AZ_JA_STIMMEN": 181
}
,
{
"GEMEINDE": "Oberrieden",
"BEZIRK": "Horgen",
"STIMMBETEILIGUNG": "   69.08",
"AZ_GÜLTIGE_STIMMZETTEL": 337,
"AZ_JA_STIMMEN": 264
}
,
{
"GEMEINDE": "Richterswil",
"BEZIRK": "Horgen",
"STIMMBETEILIGUNG": "   77.72",
"AZ_GÜLTIGE_STIMMZETTEL": 913,
"AZ_JA_STIMMEN": 806
}
,
{
"GEMEINDE": "Rüschlikon",
"BEZIRK": "Horgen",
"STIMMBETEILIGUNG": "   77.44",
"AZ_GÜLTIGE_STIMMZETTEL": 541,
"AZ_JA_STIMMEN": 462
}
,
{
"GEMEINDE": "Schönenberg",
"BEZIRK": "Horgen",
"STIMMBETEILIGUNG": "   80.12",
"AZ_GÜLTIGE_STIMMZETTEL": 254,
"AZ_JA_STIMMEN": 117
}
,
{
"GEMEINDE": "Thalwil",
"BEZIRK": "Horgen",
"STIMMBETEILIGUNG": "   78.64",
"AZ_GÜLTIGE_STIMMZETTEL": 1702,
"AZ_JA_STIMMEN": 1315
}
,
{
"GEMEINDE": "Wädenswil",
"BEZIRK": "Horgen",
"STIMMBETEILIGUNG": "   77.26",
"AZ_GÜLTIGE_STIMMZETTEL": 1885,
"AZ_JA_STIMMEN": 1359
}
,
{
"GEMEINDE": "Erlenbach",
"BEZIRK": "Meilen",
"STIMMBETEILIGUNG": "   75.09",
"AZ_GÜLTIGE_STIMMZETTEL": 572,
"AZ_JA_STIMMEN": 489
}
,
{
"GEMEINDE": "Herrliberg",
"BEZIRK": "Meilen",
"STIMMBETEILIGUNG": "   68.38",
"AZ_GÜLTIGE_STIMMZETTEL": 338,
"AZ_JA_STIMMEN": 279
}
,
{
"GEMEINDE": "Hombrechtikon",
"BEZIRK": "Meilen",
"STIMMBETEILIGUNG": "   86.73",
"AZ_GÜLTIGE_STIMMZETTEL": 587,
"AZ_JA_STIMMEN": 437
}
,
{
"GEMEINDE": "Küsnacht",
"BEZIRK": "Meilen",
"STIMMBETEILIGUNG": "   74.71",
"AZ_GÜLTIGE_STIMMZETTEL": 1337,
"AZ_JA_STIMMEN": 1194
}
,
{
"GEMEINDE": "Männedorf",
"BEZIRK": "Meilen",
"STIMMBETEILIGUNG": "   79.84",
"AZ_GÜLTIGE_STIMMZETTEL": 738,
"AZ_JA_STIMMEN": 596
}
,
{
"GEMEINDE": "Meilen",
"BEZIRK": "Meilen",
"STIMMBETEILIGUNG": "   76.69",
"AZ_GÜLTIGE_STIMMZETTEL": 978,
"AZ_JA_STIMMEN": 783
}
,
{
"GEMEINDE": "Oetwil a.S.",
"BEZIRK": "Meilen",
"STIMMBETEILIGUNG": "   83.55",
"AZ_GÜLTIGE_STIMMZETTEL": 236,
"AZ_JA_STIMMEN": 144
}
,
{
"GEMEINDE": "Stäfa",
"BEZIRK": "Meilen",
"STIMMBETEILIGUNG": "   82.75",
"AZ_GÜLTIGE_STIMMZETTEL": 1046,
"AZ_JA_STIMMEN": 837
}
,
{
"GEMEINDE": "Uetikon a.S.",
"BEZIRK": "Meilen",
"STIMMBETEILIGUNG": "   77.78",
"AZ_GÜLTIGE_STIMMZETTEL": 456,
"AZ_JA_STIMMEN": 389
}
,
{
"GEMEINDE": "Zollikon",
"BEZIRK": "Meilen",
"STIMMBETEILIGUNG": "   69.04",
"AZ_GÜLTIGE_STIMMZETTEL": 908,
"AZ_JA_STIMMEN": 811
}
,
{
"GEMEINDE": "Zumikon",
"BEZIRK": "Meilen",
"STIMMBETEILIGUNG": "   80.00",
"AZ_GÜLTIGE_STIMMZETTEL": 170,
"AZ_JA_STIMMEN": 137
}
,
{
"GEMEINDE": "Bauma",
"BEZIRK": "Pfäffikon",
"STIMMBETEILIGUNG": "   84.09",
"AZ_GÜLTIGE_STIMMZETTEL": 736,
"AZ_JA_STIMMEN": 507
}
,
{
"GEMEINDE": "Fehraltorf",
"BEZIRK": "Pfäffikon",
"STIMMBETEILIGUNG": "   80.54",
"AZ_GÜLTIGE_STIMMZETTEL": 216,
"AZ_JA_STIMMEN": 167
}
,
{
"GEMEINDE": "Hittnau",
"BEZIRK": "Pfäffikon",
"STIMMBETEILIGUNG": "   89.43",
"AZ_GÜLTIGE_STIMMZETTEL": 296,
"AZ_JA_STIMMEN": 184
}
,
{
"GEMEINDE": "Illnau-Effretikon",
"BEZIRK": "Pfäffikon",
"STIMMBETEILIGUNG": "   85.33",
"AZ_GÜLTIGE_STIMMZETTEL": 922,
"AZ_JA_STIMMEN": 674
}
,
{
"GEMEINDE": "Lindau",
"BEZIRK": "Pfäffikon",
"STIMMBETEILIGUNG": "   89.71",
"AZ_GÜLTIGE_STIMMZETTEL": 413,
"AZ_JA_STIMMEN": 336
}
,
{
"GEMEINDE": "Pfäffikon",
"BEZIRK": "Pfäffikon",
"STIMMBETEILIGUNG": "   81.20",
"AZ_GÜLTIGE_STIMMZETTEL": 896,
"AZ_JA_STIMMEN": 629
}
,
{
"GEMEINDE": "Russikon",
"BEZIRK": "Pfäffikon",
"STIMMBETEILIGUNG": "   78.74",
"AZ_GÜLTIGE_STIMMZETTEL": 303,
"AZ_JA_STIMMEN": 213
}
,
{
"GEMEINDE": "Weisslingen",
"BEZIRK": "Pfäffikon",
"STIMMBETEILIGUNG": "   91.35",
"AZ_GÜLTIGE_STIMMZETTEL": 298,
"AZ_JA_STIMMEN": 224
}
,
{
"GEMEINDE": "Wila",
"BEZIRK": "Pfäffikon",
"STIMMBETEILIGUNG": "   84.91",
"AZ_GÜLTIGE_STIMMZETTEL": 199,
"AZ_JA_STIMMEN": 122
}
,
{
"GEMEINDE": "Wildberg",
"BEZIRK": "Pfäffikon",
"STIMMBETEILIGUNG": "   88.83",
"AZ_GÜLTIGE_STIMMZETTEL": 140,
"AZ_JA_STIMMEN": 102
}
,
{
"GEMEINDE": "Dübendorf",
"BEZIRK": "Uster",
"STIMMBETEILIGUNG": "   70.38",
"AZ_GÜLTIGE_STIMMZETTEL": 993,
"AZ_JA_STIMMEN": 767
}
,
{
"GEMEINDE": "Egg",
"BEZIRK": "Uster",
"STIMMBETEILIGUNG": "   83.23",
"AZ_GÜLTIGE_STIMMZETTEL": 489,
"AZ_JA_STIMMEN": 321
}
,
{
"GEMEINDE": "Fällanden",
"BEZIRK": "Uster",
"STIMMBETEILIGUNG": "   81.40",
"AZ_GÜLTIGE_STIMMZETTEL": 150,
"AZ_JA_STIMMEN": 102
}
,
{
"GEMEINDE": "Greifensee",
"BEZIRK": "Uster",
"STIMMBETEILIGUNG": "   90.48",
"AZ_GÜLTIGE_STIMMZETTEL": 70,
"AZ_JA_STIMMEN": 45
}
,
{
"GEMEINDE": "Maur",
"BEZIRK": "Uster",
"STIMMBETEILIGUNG": "   85.36",
"AZ_GÜLTIGE_STIMMZETTEL": 322,
"AZ_JA_STIMMEN": 220
}
,
{
"GEMEINDE": "Mönchaltorf",
"BEZIRK": "Uster",
"STIMMBETEILIGUNG": "   84.72",
"AZ_GÜLTIGE_STIMMZETTEL": 161,
"AZ_JA_STIMMEN": 113
}
,
{
"GEMEINDE": "Schwerzenbach",
"BEZIRK": "Uster",
"STIMMBETEILIGUNG": "   78.35",
"AZ_GÜLTIGE_STIMMZETTEL": 68,
"AZ_JA_STIMMEN": 56
}
,
{
"GEMEINDE": "Uster",
"BEZIRK": "Uster",
"STIMMBETEILIGUNG": "   76.91",
"AZ_GÜLTIGE_STIMMZETTEL": 1972,
"AZ_JA_STIMMEN": 1432
}
,
{
"GEMEINDE": "Volketswil",
"BEZIRK": "Uster",
"STIMMBETEILIGUNG": "   86.45",
"AZ_GÜLTIGE_STIMMZETTEL": 369,
"AZ_JA_STIMMEN": 254
}
,
{
"GEMEINDE": "Wangen-Brüttisellen",
"BEZIRK": "Uster",
"STIMMBETEILIGUNG": "   76.92",
"AZ_GÜLTIGE_STIMMZETTEL": 292,
"AZ_JA_STIMMEN": 225
}
,
{
"GEMEINDE": "Altikon",
"BEZIRK": "Winterthur",
"STIMMBETEILIGUNG": "   79.25",
"AZ_GÜLTIGE_STIMMZETTEL": 110,
"AZ_JA_STIMMEN": 68
}
,
{
"GEMEINDE": "Brütten",
"BEZIRK": "Winterthur",
"STIMMBETEILIGUNG": "   77.48",
"AZ_GÜLTIGE_STIMMZETTEL": 103,
"AZ_JA_STIMMEN": 82
}
,
{
"GEMEINDE": "Dägerlen",
"BEZIRK": "Winterthur",
"STIMMBETEILIGUNG": "   92.00",
"AZ_GÜLTIGE_STIMMZETTEL": 126,
"AZ_JA_STIMMEN": 109
}
,
{
"GEMEINDE": "Dättlikon",
"BEZIRK": "Winterthur",
"STIMMBETEILIGUNG": "   89.00",
"AZ_GÜLTIGE_STIMMZETTEL": 77,
"AZ_JA_STIMMEN": 45
}
,
{
"GEMEINDE": "Dinhard",
"BEZIRK": "Winterthur",
"STIMMBETEILIGUNG": "   95.40",
"AZ_GÜLTIGE_STIMMZETTEL": 152,
"AZ_JA_STIMMEN": 118
}
,
{
"GEMEINDE": "Elgg",
"BEZIRK": "Winterthur",
"STIMMBETEILIGUNG": "   79.85",
"AZ_GÜLTIGE_STIMMZETTEL": 404,
"AZ_JA_STIMMEN": 299
}
,
{
"GEMEINDE": "Ellikon a.d.Th.",
"BEZIRK": "Winterthur",
"STIMMBETEILIGUNG": "   82.86",
"AZ_GÜLTIGE_STIMMZETTEL": 80,
"AZ_JA_STIMMEN": 63
}
,
{
"GEMEINDE": "Elsau",
"BEZIRK": "Winterthur",
"STIMMBETEILIGUNG": "   84.68",
"AZ_GÜLTIGE_STIMMZETTEL": 257,
"AZ_JA_STIMMEN": 202
}
,
{
"GEMEINDE": "Hagenbuch",
"BEZIRK": "Winterthur",
"STIMMBETEILIGUNG": "   90.38",
"AZ_GÜLTIGE_STIMMZETTEL": 120,
"AZ_JA_STIMMEN": 90
}
,
{
"GEMEINDE": "Hettlingen",
"BEZIRK": "Winterthur",
"STIMMBETEILIGUNG": "   81.17",
"AZ_GÜLTIGE_STIMMZETTEL": 115,
"AZ_JA_STIMMEN": 80
}
,
{
"GEMEINDE": "Hofstetten",
"BEZIRK": "Winterthur",
"STIMMBETEILIGUNG": "   93.66",
"AZ_GÜLTIGE_STIMMZETTEL": 118,
"AZ_JA_STIMMEN": 103
}
,
{
"GEMEINDE": "Neftenbach",
"BEZIRK": "Winterthur",
"STIMMBETEILIGUNG": "   82.78",
"AZ_GÜLTIGE_STIMMZETTEL": 419,
"AZ_JA_STIMMEN": 305
}
,
{
"GEMEINDE": "Pfungen",
"BEZIRK": "Winterthur",
"STIMMBETEILIGUNG": "   80.28",
"AZ_GÜLTIGE_STIMMZETTEL": 256,
"AZ_JA_STIMMEN": 187
}
,
{
"GEMEINDE": "Rickenbach",
"BEZIRK": "Winterthur",
"STIMMBETEILIGUNG": "   83.52",
"AZ_GÜLTIGE_STIMMZETTEL": 133,
"AZ_JA_STIMMEN": 98
}
,
{
"GEMEINDE": "Schlatt",
"BEZIRK": "Winterthur",
"STIMMBETEILIGUNG": "   86.39",
"AZ_GÜLTIGE_STIMMZETTEL": 110,
"AZ_JA_STIMMEN": 73
}
,
{
"GEMEINDE": "Seuzach",
"BEZIRK": "Winterthur",
"STIMMBETEILIGUNG": "   85.64",
"AZ_GÜLTIGE_STIMMZETTEL": 313,
"AZ_JA_STIMMEN": 241
}
,
{
"GEMEINDE": "Turbenthal",
"BEZIRK": "Winterthur",
"STIMMBETEILIGUNG": "   84.13",
"AZ_GÜLTIGE_STIMMZETTEL": 532,
"AZ_JA_STIMMEN": 364
}
,
{
"GEMEINDE": "Wiesendangen",
"BEZIRK": "Winterthur",
"STIMMBETEILIGUNG": "   88.73",
"AZ_GÜLTIGE_STIMMZETTEL": 429,
"AZ_JA_STIMMEN": 339
}
,
{
"GEMEINDE": "Winterthur",
"BEZIRK": "Winterthur",
"STIMMBETEILIGUNG": "   74.24",
"AZ_GÜLTIGE_STIMMZETTEL": 11379,
"AZ_JA_STIMMEN": 8951
}
,
{
"GEMEINDE": "Zell",
"BEZIRK": "Winterthur",
"STIMMBETEILIGUNG": "   86.96",
"AZ_GÜLTIGE_STIMMZETTEL": 564,
"AZ_JA_STIMMEN": 386
}
,
{
"GEMEINDE": "Zürich",
"BEZIRK": "Zürich",
"STIMMBETEILIGUNG": "   71.99",
"AZ_GÜLTIGE_STIMMZETTEL": 63276,
"AZ_JA_STIMMEN": 53414
}
]
