[
{
"GEMEINDE": "Aeugst a.A.",
"BEZIRK": "Affoltern",
"STIMMBETEILIGUNG": "   58.19",
"AZ_GÜLTIGE_STIMMZETTEL": 567,
"AZ_JA_STIMMEN": 194
}
,
{
"GEMEINDE": "Affoltern a.A.",
"BEZIRK": "Affoltern",
"STIMMBETEILIGUNG": "   45.52",
"AZ_GÜLTIGE_STIMMZETTEL": 2511,
"AZ_JA_STIMMEN": 821
}
,
{
"GEMEINDE": "Bonstetten",
"BEZIRK": "Affoltern",
"STIMMBETEILIGUNG": "   53.90",
"AZ_GÜLTIGE_STIMMZETTEL": 1180,
"AZ_JA_STIMMEN": 318
}
,
{
"GEMEINDE": "Hausen a.A.",
"BEZIRK": "Affoltern",
"STIMMBETEILIGUNG": "   52.85",
"AZ_GÜLTIGE_STIMMZETTEL": 1023,
"AZ_JA_STIMMEN": 344
}
,
{
"GEMEINDE": "Hedingen",
"BEZIRK": "Affoltern",
"STIMMBETEILIGUNG": "   48.77",
"AZ_GÜLTIGE_STIMMZETTEL": 824,
"AZ_JA_STIMMEN": 236
}
,
{
"GEMEINDE": "Kappel a.A.",
"BEZIRK": "Affoltern",
"STIMMBETEILIGUNG": "   61.55",
"AZ_GÜLTIGE_STIMMZETTEL": 353,
"AZ_JA_STIMMEN": 140
}
,
{
"GEMEINDE": "Knonau",
"BEZIRK": "Affoltern",
"STIMMBETEILIGUNG": "   66.08",
"AZ_GÜLTIGE_STIMMZETTEL": 513,
"AZ_JA_STIMMEN": 204
}
,
{
"GEMEINDE": "Maschwanden",
"BEZIRK": "Affoltern",
"STIMMBETEILIGUNG": "   65.96",
"AZ_GÜLTIGE_STIMMZETTEL": 246,
"AZ_JA_STIMMEN": 109
}
,
{
"GEMEINDE": "Mettmenstetten",
"BEZIRK": "Affoltern",
"STIMMBETEILIGUNG": "   57.14",
"AZ_GÜLTIGE_STIMMZETTEL": 1210,
"AZ_JA_STIMMEN": 462
}
,
{
"GEMEINDE": "Obfelden",
"BEZIRK": "Affoltern",
"STIMMBETEILIGUNG": "   44.14",
"AZ_GÜLTIGE_STIMMZETTEL": 1110,
"AZ_JA_STIMMEN": 350
}
,
{
"GEMEINDE": "Ottenbach",
"BEZIRK": "Affoltern",
"STIMMBETEILIGUNG": "   47.87",
"AZ_GÜLTIGE_STIMMZETTEL": 712,
"AZ_JA_STIMMEN": 171
}
,
{
"GEMEINDE": "Rifferswil",
"BEZIRK": "Affoltern",
"STIMMBETEILIGUNG": "   67.51",
"AZ_GÜLTIGE_STIMMZETTEL": 316,
"AZ_JA_STIMMEN": 104
}
,
{
"GEMEINDE": "Stallikon",
"BEZIRK": "Affoltern",
"STIMMBETEILIGUNG": "   52.42",
"AZ_GÜLTIGE_STIMMZETTEL": 878,
"AZ_JA_STIMMEN": 295
}
,
{
"GEMEINDE": "Wettswil a.A.",
"BEZIRK": "Affoltern",
"STIMMBETEILIGUNG": "   56.55",
"AZ_GÜLTIGE_STIMMZETTEL": 1400,
"AZ_JA_STIMMEN": 389
}
,
{
"GEMEINDE": "Adlikon",
"BEZIRK": "Andelfingen",
"STIMMBETEILIGUNG": "   76.73",
"AZ_GÜLTIGE_STIMMZETTEL": 296,
"AZ_JA_STIMMEN": 178
}
,
{
"GEMEINDE": "Andelfingen",
"BEZIRK": "Andelfingen",
"STIMMBETEILIGUNG": "   65.62",
"AZ_GÜLTIGE_STIMMZETTEL": 713,
"AZ_JA_STIMMEN": 312
}
,
{
"GEMEINDE": "Benken",
"BEZIRK": "Andelfingen",
"STIMMBETEILIGUNG": "   73.06",
"AZ_GÜLTIGE_STIMMZETTEL": 333,
"AZ_JA_STIMMEN": 147
}
,
{
"GEMEINDE": "Berg a.I.",
"BEZIRK": "Andelfingen",
"STIMMBETEILIGUNG": "   67.13",
"AZ_GÜLTIGE_STIMMZETTEL": 236,
"AZ_JA_STIMMEN": 121
}
,
{
"GEMEINDE": "Buch a.I.",
"BEZIRK": "Andelfingen",
"STIMMBETEILIGUNG": "   65.89",
"AZ_GÜLTIGE_STIMMZETTEL": 307,
"AZ_JA_STIMMEN": 153
}
,
{
"GEMEINDE": "Dachsen",
"BEZIRK": "Andelfingen",
"STIMMBETEILIGUNG": "   51.06",
"AZ_GÜLTIGE_STIMMZETTEL": 444,
"AZ_JA_STIMMEN": 125
}
,
{
"GEMEINDE": "Dorf",
"BEZIRK": "Andelfingen",
"STIMMBETEILIGUNG": "   68.42",
"AZ_GÜLTIGE_STIMMZETTEL": 225,
"AZ_JA_STIMMEN": 114
}
,
{
"GEMEINDE": "Feuerthalen",
"BEZIRK": "Andelfingen",
"STIMMBETEILIGUNG": "   44.99",
"AZ_GÜLTIGE_STIMMZETTEL": 851,
"AZ_JA_STIMMEN": 258
}
,
{
"GEMEINDE": "Flaach",
"BEZIRK": "Andelfingen",
"STIMMBETEILIGUNG": "   62.05",
"AZ_GÜLTIGE_STIMMZETTEL": 444,
"AZ_JA_STIMMEN": 250
}
,
{
"GEMEINDE": "Flurlingen",
"BEZIRK": "Andelfingen",
"STIMMBETEILIGUNG": "   48.78",
"AZ_GÜLTIGE_STIMMZETTEL": 407,
"AZ_JA_STIMMEN": 72
}
,
{
"GEMEINDE": "Henggart",
"BEZIRK": "Andelfingen",
"STIMMBETEILIGUNG": "   60.61",
"AZ_GÜLTIGE_STIMMZETTEL": 581,
"AZ_JA_STIMMEN": 215
}
,
{
"GEMEINDE": "Humlikon",
"BEZIRK": "Andelfingen",
"STIMMBETEILIGUNG": "   75.97",
"AZ_GÜLTIGE_STIMMZETTEL": 191,
"AZ_JA_STIMMEN": 98
}
,
{
"GEMEINDE": "Kleinandelfingen",
"BEZIRK": "Andelfingen",
"STIMMBETEILIGUNG": "   61.84",
"AZ_GÜLTIGE_STIMMZETTEL": 671,
"AZ_JA_STIMMEN": 310
}
,
{
"GEMEINDE": "Laufen-Uhwiesen",
"BEZIRK": "Andelfingen",
"STIMMBETEILIGUNG": "   55.00",
"AZ_GÜLTIGE_STIMMZETTEL": 547,
"AZ_JA_STIMMEN": 191
}
,
{
"GEMEINDE": "Marthalen",
"BEZIRK": "Andelfingen",
"STIMMBETEILIGUNG": "   60.36",
"AZ_GÜLTIGE_STIMMZETTEL": 728,
"AZ_JA_STIMMEN": 364
}
,
{
"GEMEINDE": "Oberstammheim",
"BEZIRK": "Andelfingen",
"STIMMBETEILIGUNG": "   72.86",
"AZ_GÜLTIGE_STIMMZETTEL": 523,
"AZ_JA_STIMMEN": 297
}
,
{
"GEMEINDE": "Ossingen",
"BEZIRK": "Andelfingen",
"STIMMBETEILIGUNG": "   65.61",
"AZ_GÜLTIGE_STIMMZETTEL": 551,
"AZ_JA_STIMMEN": 259
}
,
{
"GEMEINDE": "Rheinau",
"BEZIRK": "Andelfingen",
"STIMMBETEILIGUNG": "   55.06",
"AZ_GÜLTIGE_STIMMZETTEL": 414,
"AZ_JA_STIMMEN": 116
}
,
{
"GEMEINDE": "Thalheim a.d.Th.",
"BEZIRK": "Andelfingen",
"STIMMBETEILIGUNG": "   65.75",
"AZ_GÜLTIGE_STIMMZETTEL": 276,
"AZ_JA_STIMMEN": 137
}
,
{
"GEMEINDE": "Trüllikon",
"BEZIRK": "Andelfingen",
"STIMMBETEILIGUNG": "   58.04",
"AZ_GÜLTIGE_STIMMZETTEL": 422,
"AZ_JA_STIMMEN": 194
}
,
{
"GEMEINDE": "Truttikon",
"BEZIRK": "Andelfingen",
"STIMMBETEILIGUNG": "   72.40",
"AZ_GÜLTIGE_STIMMZETTEL": 199,
"AZ_JA_STIMMEN": 130
}
,
{
"GEMEINDE": "Unterstammheim",
"BEZIRK": "Andelfingen",
"STIMMBETEILIGUNG": "   61.78",
"AZ_GÜLTIGE_STIMMZETTEL": 368,
"AZ_JA_STIMMEN": 198
}
,
{
"GEMEINDE": "Volken",
"BEZIRK": "Andelfingen",
"STIMMBETEILIGUNG": "   79.37",
"AZ_GÜLTIGE_STIMMZETTEL": 148,
"AZ_JA_STIMMEN": 97
}
,
{
"GEMEINDE": "Waltalingen",
"BEZIRK": "Andelfingen",
"STIMMBETEILIGUNG": "   72.01",
"AZ_GÜLTIGE_STIMMZETTEL": 280,
"AZ_JA_STIMMEN": 161
}
,
{
"GEMEINDE": "Bachenbülach",
"BEZIRK": "Bülach",
"STIMMBETEILIGUNG": "   43.86",
"AZ_GÜLTIGE_STIMMZETTEL": 735,
"AZ_JA_STIMMEN": 260
}
,
{
"GEMEINDE": "Bassersdorf",
"BEZIRK": "Bülach",
"STIMMBETEILIGUNG": "   44.52",
"AZ_GÜLTIGE_STIMMZETTEL": 1925,
"AZ_JA_STIMMEN": 590
}
,
{
"GEMEINDE": "Bülach",
"BEZIRK": "Bülach",
"STIMMBETEILIGUNG": "   46.26",
"AZ_GÜLTIGE_STIMMZETTEL": 3938,
"AZ_JA_STIMMEN": 1315
}
,
{
"GEMEINDE": "Dietlikon",
"BEZIRK": "Bülach",
"STIMMBETEILIGUNG": "   45.42",
"AZ_GÜLTIGE_STIMMZETTEL": 1699,
"AZ_JA_STIMMEN": 523
}
,
{
"GEMEINDE": "Eglisau",
"BEZIRK": "Bülach",
"STIMMBETEILIGUNG": "   57.18",
"AZ_GÜLTIGE_STIMMZETTEL": 1038,
"AZ_JA_STIMMEN": 409
}
,
{
"GEMEINDE": "Embrach",
"BEZIRK": "Bülach",
"STIMMBETEILIGUNG": "   39.81",
"AZ_GÜLTIGE_STIMMZETTEL": 1720,
"AZ_JA_STIMMEN": 601
}
,
{
"GEMEINDE": "Freienstein-Teufen",
"BEZIRK": "Bülach",
"STIMMBETEILIGUNG": "   49.73",
"AZ_GÜLTIGE_STIMMZETTEL": 636,
"AZ_JA_STIMMEN": 195
}
,
{
"GEMEINDE": "Glattfelden",
"BEZIRK": "Bülach",
"STIMMBETEILIGUNG": "   43.52",
"AZ_GÜLTIGE_STIMMZETTEL": 874,
"AZ_JA_STIMMEN": 359
}
,
{
"GEMEINDE": "Hochfelden",
"BEZIRK": "Bülach",
"STIMMBETEILIGUNG": "   49.33",
"AZ_GÜLTIGE_STIMMZETTEL": 400,
"AZ_JA_STIMMEN": 158
}
,
{
"GEMEINDE": "Höri",
"BEZIRK": "Bülach",
"STIMMBETEILIGUNG": "   42.43",
"AZ_GÜLTIGE_STIMMZETTEL": 418,
"AZ_JA_STIMMEN": 190
}
,
{
"GEMEINDE": "Hüntwangen",
"BEZIRK": "Bülach",
"STIMMBETEILIGUNG": "   53.73",
"AZ_GÜLTIGE_STIMMZETTEL": 283,
"AZ_JA_STIMMEN": 94
}
,
{
"GEMEINDE": "Kloten",
"BEZIRK": "Bülach",
"STIMMBETEILIGUNG": "   42.20",
"AZ_GÜLTIGE_STIMMZETTEL": 4170,
"AZ_JA_STIMMEN": 1280
}
,
{
"GEMEINDE": "Lufingen",
"BEZIRK": "Bülach",
"STIMMBETEILIGUNG": "   51.40",
"AZ_GÜLTIGE_STIMMZETTEL": 400,
"AZ_JA_STIMMEN": 169
}
,
{
"GEMEINDE": "Nürensdorf",
"BEZIRK": "Bülach",
"STIMMBETEILIGUNG": "   52.98",
"AZ_GÜLTIGE_STIMMZETTEL": 1506,
"AZ_JA_STIMMEN": 548
}
,
{
"GEMEINDE": "Oberembrach",
"BEZIRK": "Bülach",
"STIMMBETEILIGUNG": "   57.56",
"AZ_GÜLTIGE_STIMMZETTEL": 390,
"AZ_JA_STIMMEN": 180
}
,
{
"GEMEINDE": "Opfikon",
"BEZIRK": "Bülach",
"STIMMBETEILIGUNG": "   39.62",
"AZ_GÜLTIGE_STIMMZETTEL": 2765,
"AZ_JA_STIMMEN": 835
}
,
{
"GEMEINDE": "Rafz",
"BEZIRK": "Bülach",
"STIMMBETEILIGUNG": "   46.73",
"AZ_GÜLTIGE_STIMMZETTEL": 870,
"AZ_JA_STIMMEN": 302
}
,
{
"GEMEINDE": "Rorbas",
"BEZIRK": "Bülach",
"STIMMBETEILIGUNG": "   40.03",
"AZ_GÜLTIGE_STIMMZETTEL": 537,
"AZ_JA_STIMMEN": 169
}
,
{
"GEMEINDE": "Wallisellen",
"BEZIRK": "Bülach",
"STIMMBETEILIGUNG": "   48.51",
"AZ_GÜLTIGE_STIMMZETTEL": 3671,
"AZ_JA_STIMMEN": 1036
}
,
{
"GEMEINDE": "Wasterkingen",
"BEZIRK": "Bülach",
"STIMMBETEILIGUNG": "   58.38",
"AZ_GÜLTIGE_STIMMZETTEL": 218,
"AZ_JA_STIMMEN": 73
}
,
{
"GEMEINDE": "Wil",
"BEZIRK": "Bülach",
"STIMMBETEILIGUNG": "   51.10",
"AZ_GÜLTIGE_STIMMZETTEL": 434,
"AZ_JA_STIMMEN": 160
}
,
{
"GEMEINDE": "Winkel",
"BEZIRK": "Bülach",
"STIMMBETEILIGUNG": "   49.29",
"AZ_GÜLTIGE_STIMMZETTEL": 883,
"AZ_JA_STIMMEN": 277
}
,
{
"GEMEINDE": "Bachs",
"BEZIRK": "Dielsdorf",
"STIMMBETEILIGUNG": "   65.02",
"AZ_GÜLTIGE_STIMMZETTEL": 262,
"AZ_JA_STIMMEN": 110
}
,
{
"GEMEINDE": "Boppelsen",
"BEZIRK": "Dielsdorf",
"STIMMBETEILIGUNG": "   57.45",
"AZ_GÜLTIGE_STIMMZETTEL": 348,
"AZ_JA_STIMMEN": 113
}
,
{
"GEMEINDE": "Buchs",
"BEZIRK": "Dielsdorf",
"STIMMBETEILIGUNG": "   40.06",
"AZ_GÜLTIGE_STIMMZETTEL": 981,
"AZ_JA_STIMMEN": 334
}
,
{
"GEMEINDE": "Dällikon",
"BEZIRK": "Dielsdorf",
"STIMMBETEILIGUNG": "   43.59",
"AZ_GÜLTIGE_STIMMZETTEL": 748,
"AZ_JA_STIMMEN": 222
}
,
{
"GEMEINDE": "Dänikon",
"BEZIRK": "Dielsdorf",
"STIMMBETEILIGUNG": "   48.16",
"AZ_GÜLTIGE_STIMMZETTEL": 417,
"AZ_JA_STIMMEN": 150
}
,
{
"GEMEINDE": "Dielsdorf",
"BEZIRK": "Dielsdorf",
"STIMMBETEILIGUNG": "   47.39",
"AZ_GÜLTIGE_STIMMZETTEL": 1229,
"AZ_JA_STIMMEN": 415
}
,
{
"GEMEINDE": "Hüttikon",
"BEZIRK": "Dielsdorf",
"STIMMBETEILIGUNG": "   54.31",
"AZ_GÜLTIGE_STIMMZETTEL": 169,
"AZ_JA_STIMMEN": 64
}
,
{
"GEMEINDE": "Neerach",
"BEZIRK": "Dielsdorf",
"STIMMBETEILIGUNG": "   49.86",
"AZ_GÜLTIGE_STIMMZETTEL": 686,
"AZ_JA_STIMMEN": 229
}
,
{
"GEMEINDE": "Niederglatt",
"BEZIRK": "Dielsdorf",
"STIMMBETEILIGUNG": "   44.38",
"AZ_GÜLTIGE_STIMMZETTEL": 987,
"AZ_JA_STIMMEN": 352
}
,
{
"GEMEINDE": "Niederhasli",
"BEZIRK": "Dielsdorf",
"STIMMBETEILIGUNG": "   45.26",
"AZ_GÜLTIGE_STIMMZETTEL": 1698,
"AZ_JA_STIMMEN": 516
}
,
{
"GEMEINDE": "Niederweningen",
"BEZIRK": "Dielsdorf",
"STIMMBETEILIGUNG": "   51.58",
"AZ_GÜLTIGE_STIMMZETTEL": 582,
"AZ_JA_STIMMEN": 212
}
,
{
"GEMEINDE": "Oberglatt",
"BEZIRK": "Dielsdorf",
"STIMMBETEILIGUNG": "   41.64",
"AZ_GÜLTIGE_STIMMZETTEL": 1137,
"AZ_JA_STIMMEN": 388
}
,
{
"GEMEINDE": "Oberweningen",
"BEZIRK": "Dielsdorf",
"STIMMBETEILIGUNG": "   49.88",
"AZ_GÜLTIGE_STIMMZETTEL": 403,
"AZ_JA_STIMMEN": 107
}
,
{
"GEMEINDE": "Otelfingen",
"BEZIRK": "Dielsdorf",
"STIMMBETEILIGUNG": "   50.34",
"AZ_GÜLTIGE_STIMMZETTEL": 518,
"AZ_JA_STIMMEN": 154
}
,
{
"GEMEINDE": "Regensberg",
"BEZIRK": "Dielsdorf",
"STIMMBETEILIGUNG": "   54.79",
"AZ_GÜLTIGE_STIMMZETTEL": 201,
"AZ_JA_STIMMEN": 85
}
,
{
"GEMEINDE": "Regensdorf",
"BEZIRK": "Dielsdorf",
"STIMMBETEILIGUNG": "   43.96",
"AZ_GÜLTIGE_STIMMZETTEL": 3514,
"AZ_JA_STIMMEN": 1069
}
,
{
"GEMEINDE": "Rümlang",
"BEZIRK": "Dielsdorf",
"STIMMBETEILIGUNG": "   44.32",
"AZ_GÜLTIGE_STIMMZETTEL": 1514,
"AZ_JA_STIMMEN": 484
}
,
{
"GEMEINDE": "Schleinikon",
"BEZIRK": "Dielsdorf",
"STIMMBETEILIGUNG": "   61.96",
"AZ_GÜLTIGE_STIMMZETTEL": 256,
"AZ_JA_STIMMEN": 111
}
,
{
"GEMEINDE": "Schöfflisdorf",
"BEZIRK": "Dielsdorf",
"STIMMBETEILIGUNG": "   51.08",
"AZ_GÜLTIGE_STIMMZETTEL": 373,
"AZ_JA_STIMMEN": 106
}
,
{
"GEMEINDE": "Stadel",
"BEZIRK": "Dielsdorf",
"STIMMBETEILIGUNG": "   56.49",
"AZ_GÜLTIGE_STIMMZETTEL": 614,
"AZ_JA_STIMMEN": 267
}
,
{
"GEMEINDE": "Steinmaur",
"BEZIRK": "Dielsdorf",
"STIMMBETEILIGUNG": "   51.12",
"AZ_GÜLTIGE_STIMMZETTEL": 938,
"AZ_JA_STIMMEN": 362
}
,
{
"GEMEINDE": "Weiach",
"BEZIRK": "Dielsdorf",
"STIMMBETEILIGUNG": "   55.59",
"AZ_GÜLTIGE_STIMMZETTEL": 318,
"AZ_JA_STIMMEN": 145
}
,
{
"GEMEINDE": "Aesch",
"BEZIRK": "Dietikon",
"STIMMBETEILIGUNG": "   59.68",
"AZ_GÜLTIGE_STIMMZETTEL": 429,
"AZ_JA_STIMMEN": 170
}
,
{
"GEMEINDE": "Birmensdorf",
"BEZIRK": "Dietikon",
"STIMMBETEILIGUNG": "   49.28",
"AZ_GÜLTIGE_STIMMZETTEL": 1641,
"AZ_JA_STIMMEN": 501
}
,
{
"GEMEINDE": "Dietikon",
"BEZIRK": "Dietikon",
"STIMMBETEILIGUNG": "   39.04",
"AZ_GÜLTIGE_STIMMZETTEL": 4571,
"AZ_JA_STIMMEN": 1312
}
,
{
"GEMEINDE": "Geroldswil",
"BEZIRK": "Dietikon",
"STIMMBETEILIGUNG": "   42.09",
"AZ_GÜLTIGE_STIMMZETTEL": 1295,
"AZ_JA_STIMMEN": 399
}
,
{
"GEMEINDE": "Oberengstringen",
"BEZIRK": "Dietikon",
"STIMMBETEILIGUNG": "   44.47",
"AZ_GÜLTIGE_STIMMZETTEL": 1730,
"AZ_JA_STIMMEN": 445
}
,
{
"GEMEINDE": "Oetwil a.d.L",
"BEZIRK": "Dietikon",
"STIMMBETEILIGUNG": "   45.22",
"AZ_GÜLTIGE_STIMMZETTEL": 690,
"AZ_JA_STIMMEN": 223
}
,
{
"GEMEINDE": "Schlieren",
"BEZIRK": "Dietikon",
"STIMMBETEILIGUNG": "   41.53",
"AZ_GÜLTIGE_STIMMZETTEL": 2987,
"AZ_JA_STIMMEN": 877
}
,
{
"GEMEINDE": "Uitikon",
"BEZIRK": "Dietikon",
"STIMMBETEILIGUNG": "   62.34",
"AZ_GÜLTIGE_STIMMZETTEL": 1436,
"AZ_JA_STIMMEN": 502
}
,
{
"GEMEINDE": "Unterengstringen",
"BEZIRK": "Dietikon",
"STIMMBETEILIGUNG": "   49.82",
"AZ_GÜLTIGE_STIMMZETTEL": 925,
"AZ_JA_STIMMEN": 325
}
,
{
"GEMEINDE": "Urdorf",
"BEZIRK": "Dietikon",
"STIMMBETEILIGUNG": "   43.66",
"AZ_GÜLTIGE_STIMMZETTEL": 2438,
"AZ_JA_STIMMEN": 679
}
,
{
"GEMEINDE": "Weiningen",
"BEZIRK": "Dietikon",
"STIMMBETEILIGUNG": "   47.25",
"AZ_GÜLTIGE_STIMMZETTEL": 1062,
"AZ_JA_STIMMEN": 329
}
,
{
"GEMEINDE": "Bäretswil",
"BEZIRK": "Hinwil",
"STIMMBETEILIGUNG": "   56.73",
"AZ_GÜLTIGE_STIMMZETTEL": 1484,
"AZ_JA_STIMMEN": 523
}
,
{
"GEMEINDE": "Bubikon",
"BEZIRK": "Hinwil",
"STIMMBETEILIGUNG": "   52.58",
"AZ_GÜLTIGE_STIMMZETTEL": 1667,
"AZ_JA_STIMMEN": 537
}
,
{
"GEMEINDE": "Dürnten",
"BEZIRK": "Hinwil",
"STIMMBETEILIGUNG": "   49.70",
"AZ_GÜLTIGE_STIMMZETTEL": 1866,
"AZ_JA_STIMMEN": 576
}
,
{
"GEMEINDE": "Fischenthal",
"BEZIRK": "Hinwil",
"STIMMBETEILIGUNG": "   46.38",
"AZ_GÜLTIGE_STIMMZETTEL": 571,
"AZ_JA_STIMMEN": 250
}
,
{
"GEMEINDE": "Gossau",
"BEZIRK": "Hinwil",
"STIMMBETEILIGUNG": "   53.13",
"AZ_GÜLTIGE_STIMMZETTEL": 2716,
"AZ_JA_STIMMEN": 932
}
,
{
"GEMEINDE": "Grüningen",
"BEZIRK": "Hinwil",
"STIMMBETEILIGUNG": "   57.27",
"AZ_GÜLTIGE_STIMMZETTEL": 983,
"AZ_JA_STIMMEN": 382
}
,
{
"GEMEINDE": "Hinwil",
"BEZIRK": "Hinwil",
"STIMMBETEILIGUNG": "   48.87",
"AZ_GÜLTIGE_STIMMZETTEL": 2808,
"AZ_JA_STIMMEN": 787
}
,
{
"GEMEINDE": "Rüti",
"BEZIRK": "Hinwil",
"STIMMBETEILIGUNG": "   47.79",
"AZ_GÜLTIGE_STIMMZETTEL": 3144,
"AZ_JA_STIMMEN": 1086
}
,
{
"GEMEINDE": "Seegräben",
"BEZIRK": "Hinwil",
"STIMMBETEILIGUNG": "   66.00",
"AZ_GÜLTIGE_STIMMZETTEL": 483,
"AZ_JA_STIMMEN": 177
}
,
{
"GEMEINDE": "Wald",
"BEZIRK": "Hinwil",
"STIMMBETEILIGUNG": "   46.97",
"AZ_GÜLTIGE_STIMMZETTEL": 2295,
"AZ_JA_STIMMEN": 885
}
,
{
"GEMEINDE": "Wetzikon",
"BEZIRK": "Hinwil",
"STIMMBETEILIGUNG": "   44.85",
"AZ_GÜLTIGE_STIMMZETTEL": 4687,
"AZ_JA_STIMMEN": 1560
}
,
{
"GEMEINDE": "Adliswil",
"BEZIRK": "Horgen",
"STIMMBETEILIGUNG": "   44.64",
"AZ_GÜLTIGE_STIMMZETTEL": 4510,
"AZ_JA_STIMMEN": 1277
}
,
{
"GEMEINDE": "Hirzel",
"BEZIRK": "Horgen",
"STIMMBETEILIGUNG": "   57.17",
"AZ_GÜLTIGE_STIMMZETTEL": 716,
"AZ_JA_STIMMEN": 311
}
,
{
"GEMEINDE": "Horgen",
"BEZIRK": "Horgen",
"STIMMBETEILIGUNG": "   49.36",
"AZ_GÜLTIGE_STIMMZETTEL": 4994,
"AZ_JA_STIMMEN": 1547
}
,
{
"GEMEINDE": "Hütten",
"BEZIRK": "Horgen",
"STIMMBETEILIGUNG": "   54.91",
"AZ_GÜLTIGE_STIMMZETTEL": 312,
"AZ_JA_STIMMEN": 142
}
,
{
"GEMEINDE": "Kilchberg",
"BEZIRK": "Horgen",
"STIMMBETEILIGUNG": "   54.18",
"AZ_GÜLTIGE_STIMMZETTEL": 2688,
"AZ_JA_STIMMEN": 788
}
,
{
"GEMEINDE": "Langnau a.A.",
"BEZIRK": "Horgen",
"STIMMBETEILIGUNG": "   49.35",
"AZ_GÜLTIGE_STIMMZETTEL": 2132,
"AZ_JA_STIMMEN": 574
}
,
{
"GEMEINDE": "Oberrieden",
"BEZIRK": "Horgen",
"STIMMBETEILIGUNG": "   54.94",
"AZ_GÜLTIGE_STIMMZETTEL": 1740,
"AZ_JA_STIMMEN": 484
}
,
{
"GEMEINDE": "Richterswil",
"BEZIRK": "Horgen",
"STIMMBETEILIGUNG": "   47.10",
"AZ_GÜLTIGE_STIMMZETTEL": 3011,
"AZ_JA_STIMMEN": 974
}
,
{
"GEMEINDE": "Rüschlikon",
"BEZIRK": "Horgen",
"STIMMBETEILIGUNG": "   52.64",
"AZ_GÜLTIGE_STIMMZETTEL": 1697,
"AZ_JA_STIMMEN": 521
}
,
{
"GEMEINDE": "Schönenberg",
"BEZIRK": "Horgen",
"STIMMBETEILIGUNG": "   56.95",
"AZ_GÜLTIGE_STIMMZETTEL": 693,
"AZ_JA_STIMMEN": 247
}
,
{
"GEMEINDE": "Thalwil",
"BEZIRK": "Horgen",
"STIMMBETEILIGUNG": "   46.69",
"AZ_GÜLTIGE_STIMMZETTEL": 4739,
"AZ_JA_STIMMEN": 1028
}
,
{
"GEMEINDE": "Wädenswil",
"BEZIRK": "Horgen",
"STIMMBETEILIGUNG": "   51.69",
"AZ_GÜLTIGE_STIMMZETTEL": 6340,
"AZ_JA_STIMMEN": 2110
}
,
{
"GEMEINDE": "Erlenbach",
"BEZIRK": "Meilen",
"STIMMBETEILIGUNG": "   52.71",
"AZ_GÜLTIGE_STIMMZETTEL": 1585,
"AZ_JA_STIMMEN": 491
}
,
{
"GEMEINDE": "Herrliberg",
"BEZIRK": "Meilen",
"STIMMBETEILIGUNG": "   53.91",
"AZ_GÜLTIGE_STIMMZETTEL": 1841,
"AZ_JA_STIMMEN": 585
}
,
{
"GEMEINDE": "Hombrechtikon",
"BEZIRK": "Meilen",
"STIMMBETEILIGUNG": "   47.77",
"AZ_GÜLTIGE_STIMMZETTEL": 2172,
"AZ_JA_STIMMEN": 735
}
,
{
"GEMEINDE": "Küsnacht",
"BEZIRK": "Meilen",
"STIMMBETEILIGUNG": "   55.35",
"AZ_GÜLTIGE_STIMMZETTEL": 4774,
"AZ_JA_STIMMEN": 1727
}
,
{
"GEMEINDE": "Männedorf",
"BEZIRK": "Meilen",
"STIMMBETEILIGUNG": "   51.32",
"AZ_GÜLTIGE_STIMMZETTEL": 2685,
"AZ_JA_STIMMEN": 853
}
,
{
"GEMEINDE": "Meilen",
"BEZIRK": "Meilen",
"STIMMBETEILIGUNG": "   50.97",
"AZ_GÜLTIGE_STIMMZETTEL": 3831,
"AZ_JA_STIMMEN": 1020
}
,
{
"GEMEINDE": "Oetwil a.S.",
"BEZIRK": "Meilen",
"STIMMBETEILIGUNG": "   47.26",
"AZ_GÜLTIGE_STIMMZETTEL": 954,
"AZ_JA_STIMMEN": 327
}
,
{
"GEMEINDE": "Stäfa",
"BEZIRK": "Meilen",
"STIMMBETEILIGUNG": "   47.84",
"AZ_GÜLTIGE_STIMMZETTEL": 3508,
"AZ_JA_STIMMEN": 948
}
,
{
"GEMEINDE": "Uetikon a.S.",
"BEZIRK": "Meilen",
"STIMMBETEILIGUNG": "   52.58",
"AZ_GÜLTIGE_STIMMZETTEL": 1318,
"AZ_JA_STIMMEN": 355
}
,
{
"GEMEINDE": "Zollikon",
"BEZIRK": "Meilen",
"STIMMBETEILIGUNG": "   54.02",
"AZ_GÜLTIGE_STIMMZETTEL": 4472,
"AZ_JA_STIMMEN": 1425
}
,
{
"GEMEINDE": "Zumikon",
"BEZIRK": "Meilen",
"STIMMBETEILIGUNG": "   59.15",
"AZ_GÜLTIGE_STIMMZETTEL": 1883,
"AZ_JA_STIMMEN": 658
}
,
{
"GEMEINDE": "Bauma",
"BEZIRK": "Pfäffikon",
"STIMMBETEILIGUNG": "   50.90",
"AZ_GÜLTIGE_STIMMZETTEL": 1451,
"AZ_JA_STIMMEN": 481
}
,
{
"GEMEINDE": "Fehraltorf",
"BEZIRK": "Pfäffikon",
"STIMMBETEILIGUNG": "   49.37",
"AZ_GÜLTIGE_STIMMZETTEL": 1378,
"AZ_JA_STIMMEN": 476
}
,
{
"GEMEINDE": "Hittnau",
"BEZIRK": "Pfäffikon",
"STIMMBETEILIGUNG": "   53.93",
"AZ_GÜLTIGE_STIMMZETTEL": 861,
"AZ_JA_STIMMEN": 323
}
,
{
"GEMEINDE": "Illnau-Effretikon",
"BEZIRK": "Pfäffikon",
"STIMMBETEILIGUNG": "   47.47",
"AZ_GÜLTIGE_STIMMZETTEL": 4559,
"AZ_JA_STIMMEN": 1549
}
,
{
"GEMEINDE": "Lindau",
"BEZIRK": "Pfäffikon",
"STIMMBETEILIGUNG": "   52.80",
"AZ_GÜLTIGE_STIMMZETTEL": 1095,
"AZ_JA_STIMMEN": 415
}
,
{
"GEMEINDE": "Pfäffikon",
"BEZIRK": "Pfäffikon",
"STIMMBETEILIGUNG": "   47.89",
"AZ_GÜLTIGE_STIMMZETTEL": 2655,
"AZ_JA_STIMMEN": 888
}
,
{
"GEMEINDE": "Russikon",
"BEZIRK": "Pfäffikon",
"STIMMBETEILIGUNG": "   53.43",
"AZ_GÜLTIGE_STIMMZETTEL": 1283,
"AZ_JA_STIMMEN": 446
}
,
{
"GEMEINDE": "Weisslingen",
"BEZIRK": "Pfäffikon",
"STIMMBETEILIGUNG": "   51.62",
"AZ_GÜLTIGE_STIMMZETTEL": 917,
"AZ_JA_STIMMEN": 300
}
,
{
"GEMEINDE": "Wila",
"BEZIRK": "Pfäffikon",
"STIMMBETEILIGUNG": "   62.40",
"AZ_GÜLTIGE_STIMMZETTEL": 711,
"AZ_JA_STIMMEN": 311
}
,
{
"GEMEINDE": "Wildberg",
"BEZIRK": "Pfäffikon",
"STIMMBETEILIGUNG": "   71.36",
"AZ_GÜLTIGE_STIMMZETTEL": 416,
"AZ_JA_STIMMEN": 177
}
,
{
"GEMEINDE": "Dübendorf",
"BEZIRK": "Uster",
"STIMMBETEILIGUNG": "   41.03",
"AZ_GÜLTIGE_STIMMZETTEL": 5497,
"AZ_JA_STIMMEN": 1545
}
,
{
"GEMEINDE": "Egg",
"BEZIRK": "Uster",
"STIMMBETEILIGUNG": "   51.27",
"AZ_GÜLTIGE_STIMMZETTEL": 2272,
"AZ_JA_STIMMEN": 743
}
,
{
"GEMEINDE": "Fällanden",
"BEZIRK": "Uster",
"STIMMBETEILIGUNG": "   45.44",
"AZ_GÜLTIGE_STIMMZETTEL": 2027,
"AZ_JA_STIMMEN": 568
}
,
{
"GEMEINDE": "Greifensee",
"BEZIRK": "Uster",
"STIMMBETEILIGUNG": "   47.58",
"AZ_GÜLTIGE_STIMMZETTEL": 1597,
"AZ_JA_STIMMEN": 566
}
,
{
"GEMEINDE": "Maur",
"BEZIRK": "Uster",
"STIMMBETEILIGUNG": "   54.60",
"AZ_GÜLTIGE_STIMMZETTEL": 2779,
"AZ_JA_STIMMEN": 873
}
,
{
"GEMEINDE": "Mönchaltorf",
"BEZIRK": "Uster",
"STIMMBETEILIGUNG": "   54.22",
"AZ_GÜLTIGE_STIMMZETTEL": 1219,
"AZ_JA_STIMMEN": 350
}
,
{
"GEMEINDE": "Schwerzenbach",
"BEZIRK": "Uster",
"STIMMBETEILIGUNG": "   47.74",
"AZ_GÜLTIGE_STIMMZETTEL": 1168,
"AZ_JA_STIMMEN": 382
}
,
{
"GEMEINDE": "Uster",
"BEZIRK": "Uster",
"STIMMBETEILIGUNG": "   48.12",
"AZ_GÜLTIGE_STIMMZETTEL": 7569,
"AZ_JA_STIMMEN": 2252
}
,
{
"GEMEINDE": "Volketswil",
"BEZIRK": "Uster",
"STIMMBETEILIGUNG": "   41.40",
"AZ_GÜLTIGE_STIMMZETTEL": 3261,
"AZ_JA_STIMMEN": 965
}
,
{
"GEMEINDE": "Wangen-Brüttisellen",
"BEZIRK": "Uster",
"STIMMBETEILIGUNG": "   43.52",
"AZ_GÜLTIGE_STIMMZETTEL": 1236,
"AZ_JA_STIMMEN": 394
}
,
{
"GEMEINDE": "Altikon",
"BEZIRK": "Winterthur",
"STIMMBETEILIGUNG": "   68.75",
"AZ_GÜLTIGE_STIMMZETTEL": 297,
"AZ_JA_STIMMEN": 183
}
,
{
"GEMEINDE": "Brütten",
"BEZIRK": "Winterthur",
"STIMMBETEILIGUNG": "   67.17",
"AZ_GÜLTIGE_STIMMZETTEL": 731,
"AZ_JA_STIMMEN": 267
}
,
{
"GEMEINDE": "Dägerlen",
"BEZIRK": "Winterthur",
"STIMMBETEILIGUNG": "   70.23",
"AZ_GÜLTIGE_STIMMZETTEL": 355,
"AZ_JA_STIMMEN": 169
}
,
{
"GEMEINDE": "Dättlikon",
"BEZIRK": "Winterthur",
"STIMMBETEILIGUNG": "   61.99",
"AZ_GÜLTIGE_STIMMZETTEL": 224,
"AZ_JA_STIMMEN": 64
}
,
{
"GEMEINDE": "Dinhard",
"BEZIRK": "Winterthur",
"STIMMBETEILIGUNG": "   68.43",
"AZ_GÜLTIGE_STIMMZETTEL": 591,
"AZ_JA_STIMMEN": 231
}
,
{
"GEMEINDE": "Elgg",
"BEZIRK": "Winterthur",
"STIMMBETEILIGUNG": "   52.02",
"AZ_GÜLTIGE_STIMMZETTEL": 1177,
"AZ_JA_STIMMEN": 444
}
,
{
"GEMEINDE": "Ellikon a.d.Th.",
"BEZIRK": "Winterthur",
"STIMMBETEILIGUNG": "   56.69",
"AZ_GÜLTIGE_STIMMZETTEL": 269,
"AZ_JA_STIMMEN": 112
}
,
{
"GEMEINDE": "Elsau",
"BEZIRK": "Winterthur",
"STIMMBETEILIGUNG": "   52.00",
"AZ_GÜLTIGE_STIMMZETTEL": 952,
"AZ_JA_STIMMEN": 312
}
,
{
"GEMEINDE": "Hagenbuch",
"BEZIRK": "Winterthur",
"STIMMBETEILIGUNG": "   59.82",
"AZ_GÜLTIGE_STIMMZETTEL": 336,
"AZ_JA_STIMMEN": 134
}
,
{
"GEMEINDE": "Hettlingen",
"BEZIRK": "Winterthur",
"STIMMBETEILIGUNG": "   62.60",
"AZ_GÜLTIGE_STIMMZETTEL": 751,
"AZ_JA_STIMMEN": 241
}
,
{
"GEMEINDE": "Hofstetten",
"BEZIRK": "Winterthur",
"STIMMBETEILIGUNG": "   68.58",
"AZ_GÜLTIGE_STIMMZETTEL": 202,
"AZ_JA_STIMMEN": 120
}
,
{
"GEMEINDE": "Neftenbach",
"BEZIRK": "Winterthur",
"STIMMBETEILIGUNG": "   51.42",
"AZ_GÜLTIGE_STIMMZETTEL": 1468,
"AZ_JA_STIMMEN": 574
}
,
{
"GEMEINDE": "Pfungen",
"BEZIRK": "Winterthur",
"STIMMBETEILIGUNG": "   45.38",
"AZ_GÜLTIGE_STIMMZETTEL": 643,
"AZ_JA_STIMMEN": 200
}
,
{
"GEMEINDE": "Rickenbach",
"BEZIRK": "Winterthur",
"STIMMBETEILIGUNG": "   54.20",
"AZ_GÜLTIGE_STIMMZETTEL": 724,
"AZ_JA_STIMMEN": 275
}
,
{
"GEMEINDE": "Schlatt",
"BEZIRK": "Winterthur",
"STIMMBETEILIGUNG": "   75.11",
"AZ_GÜLTIGE_STIMMZETTEL": 326,
"AZ_JA_STIMMEN": 146
}
,
{
"GEMEINDE": "Seuzach",
"BEZIRK": "Winterthur",
"STIMMBETEILIGUNG": "   53.58",
"AZ_GÜLTIGE_STIMMZETTEL": 2098,
"AZ_JA_STIMMEN": 739
}
,
{
"GEMEINDE": "Turbenthal",
"BEZIRK": "Winterthur",
"STIMMBETEILIGUNG": "   51.87",
"AZ_GÜLTIGE_STIMMZETTEL": 1229,
"AZ_JA_STIMMEN": 434
}
,
{
"GEMEINDE": "Wiesendangen",
"BEZIRK": "Winterthur",
"STIMMBETEILIGUNG": "   60.89",
"AZ_GÜLTIGE_STIMMZETTEL": 2013,
"AZ_JA_STIMMEN": 861
}
,
{
"GEMEINDE": "Winterthur",
"BEZIRK": "Winterthur",
"STIMMBETEILIGUNG": "   47.82",
"AZ_GÜLTIGE_STIMMZETTEL": 26573,
"AZ_JA_STIMMEN": 7472
}
,
{
"GEMEINDE": "Zell",
"BEZIRK": "Winterthur",
"STIMMBETEILIGUNG": "   48.66",
"AZ_GÜLTIGE_STIMMZETTEL": 1254,
"AZ_JA_STIMMEN": 405
}
,
{
"GEMEINDE": "Zürich",
"BEZIRK": "Zürich",
"STIMMBETEILIGUNG": "   47.05",
"AZ_GÜLTIGE_STIMMZETTEL": 100749,
"AZ_JA_STIMMEN": 26238
}
]
