[
{
"GEMEINDE": "Aeugst a.A.",
"BEZIRK": "Affoltern",
"STIMMBETEILIGUNG": "   62.28",
"AZ_GÜLTIGE_STIMMZETTEL": 92,
"AZ_JA_STIMMEN": 49
}
,
{
"GEMEINDE": "Affoltern a.A.",
"BEZIRK": "Affoltern",
"STIMMBETEILIGUNG": "   60.49",
"AZ_GÜLTIGE_STIMMZETTEL": 440,
"AZ_JA_STIMMEN": 326
}
,
{
"GEMEINDE": "Bonstetten",
"BEZIRK": "Affoltern",
"STIMMBETEILIGUNG": "   73.31",
"AZ_GÜLTIGE_STIMMZETTEL": 165,
"AZ_JA_STIMMEN": 99
}
,
{
"GEMEINDE": "Hausen a.A.",
"BEZIRK": "Affoltern",
"STIMMBETEILIGUNG": "   57.08",
"AZ_GÜLTIGE_STIMMZETTEL": 217,
"AZ_JA_STIMMEN": 123
}
,
{
"GEMEINDE": "Hedingen",
"BEZIRK": "Affoltern",
"STIMMBETEILIGUNG": "   52.67",
"AZ_GÜLTIGE_STIMMZETTEL": 130,
"AZ_JA_STIMMEN": 85
}
,
{
"GEMEINDE": "Kappel a.A.",
"BEZIRK": "Affoltern",
"STIMMBETEILIGUNG": "   71.97",
"AZ_GÜLTIGE_STIMMZETTEL": 96,
"AZ_JA_STIMMEN": 58
}
,
{
"GEMEINDE": "Knonau",
"BEZIRK": "Affoltern",
"STIMMBETEILIGUNG": "   53.30",
"AZ_GÜLTIGE_STIMMZETTEL": 87,
"AZ_JA_STIMMEN": 44
}
,
{
"GEMEINDE": "Maschwanden",
"BEZIRK": "Affoltern",
"STIMMBETEILIGUNG": "   71.65",
"AZ_GÜLTIGE_STIMMZETTEL": 73,
"AZ_JA_STIMMEN": 36
}
,
{
"GEMEINDE": "Mettmenstetten",
"BEZIRK": "Affoltern",
"STIMMBETEILIGUNG": "   59.06",
"AZ_GÜLTIGE_STIMMZETTEL": 234,
"AZ_JA_STIMMEN": 156
}
,
{
"GEMEINDE": "Obfelden",
"BEZIRK": "Affoltern",
"STIMMBETEILIGUNG": "   61.12",
"AZ_GÜLTIGE_STIMMZETTEL": 234,
"AZ_JA_STIMMEN": 159
}
,
{
"GEMEINDE": "Ottenbach",
"BEZIRK": "Affoltern",
"STIMMBETEILIGUNG": "   62.17",
"AZ_GÜLTIGE_STIMMZETTEL": 144,
"AZ_JA_STIMMEN": 83
}
,
{
"GEMEINDE": "Rifferswil",
"BEZIRK": "Affoltern",
"STIMMBETEILIGUNG": "   50.68",
"AZ_GÜLTIGE_STIMMZETTEL": 61,
"AZ_JA_STIMMEN": 34
}
,
{
"GEMEINDE": "Stallikon",
"BEZIRK": "Affoltern",
"STIMMBETEILIGUNG": "   47.06",
"AZ_GÜLTIGE_STIMMZETTEL": 90,
"AZ_JA_STIMMEN": 30
}
,
{
"GEMEINDE": "Wettswil a.A.",
"BEZIRK": "Affoltern",
"STIMMBETEILIGUNG": "   52.17",
"AZ_GÜLTIGE_STIMMZETTEL": 59,
"AZ_JA_STIMMEN": 35
}
,
{
"GEMEINDE": "Adlikon",
"BEZIRK": "Andelfingen",
"STIMMBETEILIGUNG": "   84.13",
"AZ_GÜLTIGE_STIMMZETTEL": 84,
"AZ_JA_STIMMEN": 58
}
,
{
"GEMEINDE": "Andelfingen",
"BEZIRK": "Andelfingen",
"STIMMBETEILIGUNG": "   60.27",
"AZ_GÜLTIGE_STIMMZETTEL": 155,
"AZ_JA_STIMMEN": 128
}
,
{
"GEMEINDE": "Benken",
"BEZIRK": "Andelfingen",
"STIMMBETEILIGUNG": "   75.31",
"AZ_GÜLTIGE_STIMMZETTEL": 111,
"AZ_JA_STIMMEN": 77
}
,
{
"GEMEINDE": "Berg a.I.",
"BEZIRK": "Andelfingen",
"STIMMBETEILIGUNG": "   79.07",
"AZ_GÜLTIGE_STIMMZETTEL": 75,
"AZ_JA_STIMMEN": 50
}
,
{
"GEMEINDE": "Buch a.I.",
"BEZIRK": "Andelfingen",
"STIMMBETEILIGUNG": "   66.43",
"AZ_GÜLTIGE_STIMMZETTEL": 72,
"AZ_JA_STIMMEN": 39
}
,
{
"GEMEINDE": "Dachsen",
"BEZIRK": "Andelfingen",
"STIMMBETEILIGUNG": "   68.23",
"AZ_GÜLTIGE_STIMMZETTEL": 109,
"AZ_JA_STIMMEN": 78
}
,
{
"GEMEINDE": "Dorf",
"BEZIRK": "Andelfingen",
"STIMMBETEILIGUNG": "   65.22",
"AZ_GÜLTIGE_STIMMZETTEL": 49,
"AZ_JA_STIMMEN": 28
}
,
{
"GEMEINDE": "Feuerthalen",
"BEZIRK": "Andelfingen",
"STIMMBETEILIGUNG": "   62.90",
"AZ_GÜLTIGE_STIMMZETTEL": 430,
"AZ_JA_STIMMEN": 347
}
,
{
"GEMEINDE": "Flaach",
"BEZIRK": "Andelfingen",
"STIMMBETEILIGUNG": "   63.59",
"AZ_GÜLTIGE_STIMMZETTEL": 127,
"AZ_JA_STIMMEN": 93
}
,
{
"GEMEINDE": "Flurlingen",
"BEZIRK": "Andelfingen",
"STIMMBETEILIGUNG": "   63.64",
"AZ_GÜLTIGE_STIMMZETTEL": 176,
"AZ_JA_STIMMEN": 148
}
,
{
"GEMEINDE": "Henggart",
"BEZIRK": "Andelfingen",
"STIMMBETEILIGUNG": "   64.94",
"AZ_GÜLTIGE_STIMMZETTEL": 71,
"AZ_JA_STIMMEN": 47
}
,
{
"GEMEINDE": "Humlikon",
"BEZIRK": "Andelfingen",
"STIMMBETEILIGUNG": "   63.75",
"AZ_GÜLTIGE_STIMMZETTEL": 36,
"AZ_JA_STIMMEN": 18
}
,
{
"GEMEINDE": "Kleinandelfingen",
"BEZIRK": "Andelfingen",
"STIMMBETEILIGUNG": "   67.11",
"AZ_GÜLTIGE_STIMMZETTEL": 167,
"AZ_JA_STIMMEN": 109
}
,
{
"GEMEINDE": "Laufen-Uhwiesen",
"BEZIRK": "Andelfingen",
"STIMMBETEILIGUNG": "   54.00",
"AZ_GÜLTIGE_STIMMZETTEL": 116,
"AZ_JA_STIMMEN": 71
}
,
{
"GEMEINDE": "Marthalen",
"BEZIRK": "Andelfingen",
"STIMMBETEILIGUNG": "   59.19",
"AZ_GÜLTIGE_STIMMZETTEL": 212,
"AZ_JA_STIMMEN": 147
}
,
{
"GEMEINDE": "Oberstammheim",
"BEZIRK": "Andelfingen",
"STIMMBETEILIGUNG": "   52.16",
"AZ_GÜLTIGE_STIMMZETTEL": 104,
"AZ_JA_STIMMEN": 72
}
,
{
"GEMEINDE": "Ossingen",
"BEZIRK": "Andelfingen",
"STIMMBETEILIGUNG": "   59.26",
"AZ_GÜLTIGE_STIMMZETTEL": 140,
"AZ_JA_STIMMEN": 92
}
,
{
"GEMEINDE": "Rheinau",
"BEZIRK": "Andelfingen",
"STIMMBETEILIGUNG": "   72.38",
"AZ_GÜLTIGE_STIMMZETTEL": 184,
"AZ_JA_STIMMEN": 137
}
,
{
"GEMEINDE": "Thalheim a.d.Th.",
"BEZIRK": "Andelfingen",
"STIMMBETEILIGUNG": "   79.53",
"AZ_GÜLTIGE_STIMMZETTEL": 71,
"AZ_JA_STIMMEN": 38
}
,
{
"GEMEINDE": "Trüllikon",
"BEZIRK": "Andelfingen",
"STIMMBETEILIGUNG": "   67.78",
"AZ_GÜLTIGE_STIMMZETTEL": 155,
"AZ_JA_STIMMEN": 100
}
,
{
"GEMEINDE": "Truttikon",
"BEZIRK": "Andelfingen",
"STIMMBETEILIGUNG": "   69.39",
"AZ_GÜLTIGE_STIMMZETTEL": 57,
"AZ_JA_STIMMEN": 37
}
,
{
"GEMEINDE": "Unterstammheim",
"BEZIRK": "Andelfingen",
"STIMMBETEILIGUNG": "   57.50",
"AZ_GÜLTIGE_STIMMZETTEL": 99,
"AZ_JA_STIMMEN": 76
}
,
{
"GEMEINDE": "Volken",
"BEZIRK": "Andelfingen",
"STIMMBETEILIGUNG": "   60.76",
"AZ_GÜLTIGE_STIMMZETTEL": 35,
"AZ_JA_STIMMEN": 18
}
,
{
"GEMEINDE": "Waltalingen",
"BEZIRK": "Andelfingen",
"STIMMBETEILIGUNG": "   65.19",
"AZ_GÜLTIGE_STIMMZETTEL": 79,
"AZ_JA_STIMMEN": 55
}
,
{
"GEMEINDE": "Bachenbülach",
"BEZIRK": "Bülach",
"STIMMBETEILIGUNG": "   66.02",
"AZ_GÜLTIGE_STIMMZETTEL": 110,
"AZ_JA_STIMMEN": 77
}
,
{
"GEMEINDE": "Bassersdorf",
"BEZIRK": "Bülach",
"STIMMBETEILIGUNG": "   56.40",
"AZ_GÜLTIGE_STIMMZETTEL": 287,
"AZ_JA_STIMMEN": 226
}
,
{
"GEMEINDE": "Bülach",
"BEZIRK": "Bülach",
"STIMMBETEILIGUNG": "   56.25",
"AZ_GÜLTIGE_STIMMZETTEL": 582,
"AZ_JA_STIMMEN": 456
}
,
{
"GEMEINDE": "Dietlikon",
"BEZIRK": "Bülach",
"STIMMBETEILIGUNG": "   51.20",
"AZ_GÜLTIGE_STIMMZETTEL": 131,
"AZ_JA_STIMMEN": 96
}
,
{
"GEMEINDE": "Eglisau",
"BEZIRK": "Bülach",
"STIMMBETEILIGUNG": "   43.34",
"AZ_GÜLTIGE_STIMMZETTEL": 167,
"AZ_JA_STIMMEN": 115
}
,
{
"GEMEINDE": "Embrach",
"BEZIRK": "Bülach",
"STIMMBETEILIGUNG": "   64.18",
"AZ_GÜLTIGE_STIMMZETTEL": 304,
"AZ_JA_STIMMEN": 212
}
,
{
"GEMEINDE": "Freienstein-Teufen",
"BEZIRK": "Bülach",
"STIMMBETEILIGUNG": "   69.14",
"AZ_GÜLTIGE_STIMMZETTEL": 197,
"AZ_JA_STIMMEN": 128
}
,
{
"GEMEINDE": "Glattfelden",
"BEZIRK": "Bülach",
"STIMMBETEILIGUNG": "   55.59",
"AZ_GÜLTIGE_STIMMZETTEL": 282,
"AZ_JA_STIMMEN": 201
}
,
{
"GEMEINDE": "Hochfelden",
"BEZIRK": "Bülach",
"STIMMBETEILIGUNG": "   61.22",
"AZ_GÜLTIGE_STIMMZETTEL": 79,
"AZ_JA_STIMMEN": 51
}
,
{
"GEMEINDE": "Höri",
"BEZIRK": "Bülach",
"STIMMBETEILIGUNG": "   65.79",
"AZ_GÜLTIGE_STIMMZETTEL": 80,
"AZ_JA_STIMMEN": 51
}
,
{
"GEMEINDE": "Hüntwangen",
"BEZIRK": "Bülach",
"STIMMBETEILIGUNG": "   72.22",
"AZ_GÜLTIGE_STIMMZETTEL": 103,
"AZ_JA_STIMMEN": 56
}
,
{
"GEMEINDE": "Kloten",
"BEZIRK": "Bülach",
"STIMMBETEILIGUNG": "   50.00",
"AZ_GÜLTIGE_STIMMZETTEL": 283,
"AZ_JA_STIMMEN": 190
}
,
{
"GEMEINDE": "Lufingen",
"BEZIRK": "Bülach",
"STIMMBETEILIGUNG": "   58.77",
"AZ_GÜLTIGE_STIMMZETTEL": 58,
"AZ_JA_STIMMEN": 33
}
,
{
"GEMEINDE": "Nürensdorf",
"BEZIRK": "Bülach",
"STIMMBETEILIGUNG": "   71.60",
"AZ_GÜLTIGE_STIMMZETTEL": 158,
"AZ_JA_STIMMEN": 106
}
,
{
"GEMEINDE": "Oberembrach",
"BEZIRK": "Bülach",
"STIMMBETEILIGUNG": "   60.25",
"AZ_GÜLTIGE_STIMMZETTEL": 86,
"AZ_JA_STIMMEN": 43
}
,
{
"GEMEINDE": "Opfikon",
"BEZIRK": "Bülach",
"STIMMBETEILIGUNG": "   53.61",
"AZ_GÜLTIGE_STIMMZETTEL": 247,
"AZ_JA_STIMMEN": 192
}
,
{
"GEMEINDE": "Rafz",
"BEZIRK": "Bülach",
"STIMMBETEILIGUNG": "   51.46",
"AZ_GÜLTIGE_STIMMZETTEL": 215,
"AZ_JA_STIMMEN": 145
}
,
{
"GEMEINDE": "Rorbas",
"BEZIRK": "Bülach",
"STIMMBETEILIGUNG": "   72.65",
"AZ_GÜLTIGE_STIMMZETTEL": 211,
"AZ_JA_STIMMEN": 156
}
,
{
"GEMEINDE": "Wallisellen",
"BEZIRK": "Bülach",
"STIMMBETEILIGUNG": "   55.07",
"AZ_GÜLTIGE_STIMMZETTEL": 685,
"AZ_JA_STIMMEN": 545
}
,
{
"GEMEINDE": "Wasterkingen",
"BEZIRK": "Bülach",
"STIMMBETEILIGUNG": "   64.71",
"AZ_GÜLTIGE_STIMMZETTEL": 43,
"AZ_JA_STIMMEN": 23
}
,
{
"GEMEINDE": "Wil",
"BEZIRK": "Bülach",
"STIMMBETEILIGUNG": "   68.70",
"AZ_GÜLTIGE_STIMMZETTEL": 123,
"AZ_JA_STIMMEN": 66
}
,
{
"GEMEINDE": "Winkel",
"BEZIRK": "Bülach",
"STIMMBETEILIGUNG": "   68.71",
"AZ_GÜLTIGE_STIMMZETTEL": 85,
"AZ_JA_STIMMEN": 51
}
,
{
"GEMEINDE": "Bachs",
"BEZIRK": "Dielsdorf",
"STIMMBETEILIGUNG": "   58.06",
"AZ_GÜLTIGE_STIMMZETTEL": 61,
"AZ_JA_STIMMEN": 29
}
,
{
"GEMEINDE": "Boppelsen",
"BEZIRK": "Dielsdorf",
"STIMMBETEILIGUNG": "   50.00",
"AZ_GÜLTIGE_STIMMZETTEL": 36,
"AZ_JA_STIMMEN": 20
}
,
{
"GEMEINDE": "Buchs",
"BEZIRK": "Dielsdorf",
"STIMMBETEILIGUNG": "   52.69",
"AZ_GÜLTIGE_STIMMZETTEL": 81,
"AZ_JA_STIMMEN": 37
}
,
{
"GEMEINDE": "Dällikon",
"BEZIRK": "Dielsdorf",
"STIMMBETEILIGUNG": "   58.54",
"AZ_GÜLTIGE_STIMMZETTEL": 59,
"AZ_JA_STIMMEN": 23
}
,
{
"GEMEINDE": "Dänikon",
"BEZIRK": "Dielsdorf",
"STIMMBETEILIGUNG": "   66.67",
"AZ_GÜLTIGE_STIMMZETTEL": 31,
"AZ_JA_STIMMEN": 25
}
,
{
"GEMEINDE": "Dielsdorf",
"BEZIRK": "Dielsdorf",
"STIMMBETEILIGUNG": "   48.24",
"AZ_GÜLTIGE_STIMMZETTEL": 114,
"AZ_JA_STIMMEN": 79
}
,
{
"GEMEINDE": "Hüttikon",
"BEZIRK": "Dielsdorf",
"STIMMBETEILIGUNG": "   65.85",
"AZ_GÜLTIGE_STIMMZETTEL": 21,
"AZ_JA_STIMMEN": 12
}
,
{
"GEMEINDE": "Neerach",
"BEZIRK": "Dielsdorf",
"STIMMBETEILIGUNG": "   46.30",
"AZ_GÜLTIGE_STIMMZETTEL": 57,
"AZ_JA_STIMMEN": 26
}
,
{
"GEMEINDE": "Niederglatt",
"BEZIRK": "Dielsdorf",
"STIMMBETEILIGUNG": "   51.59",
"AZ_GÜLTIGE_STIMMZETTEL": 117,
"AZ_JA_STIMMEN": 93
}
,
{
"GEMEINDE": "Niederhasli",
"BEZIRK": "Dielsdorf",
"STIMMBETEILIGUNG": "   54.83",
"AZ_GÜLTIGE_STIMMZETTEL": 129,
"AZ_JA_STIMMEN": 67
}
,
{
"GEMEINDE": "Niederweningen",
"BEZIRK": "Dielsdorf",
"STIMMBETEILIGUNG": "   45.77",
"AZ_GÜLTIGE_STIMMZETTEL": 111,
"AZ_JA_STIMMEN": 68
}
,
{
"GEMEINDE": "Oberglatt",
"BEZIRK": "Dielsdorf",
"STIMMBETEILIGUNG": "   48.91",
"AZ_GÜLTIGE_STIMMZETTEL": 144,
"AZ_JA_STIMMEN": 95
}
,
{
"GEMEINDE": "Oberweningen",
"BEZIRK": "Dielsdorf",
"STIMMBETEILIGUNG": "   65.63",
"AZ_GÜLTIGE_STIMMZETTEL": 56,
"AZ_JA_STIMMEN": 45
}
,
{
"GEMEINDE": "Otelfingen",
"BEZIRK": "Dielsdorf",
"STIMMBETEILIGUNG": "   40.67",
"AZ_GÜLTIGE_STIMMZETTEL": 72,
"AZ_JA_STIMMEN": 38
}
,
{
"GEMEINDE": "Regensberg",
"BEZIRK": "Dielsdorf",
"STIMMBETEILIGUNG": "   60.71",
"AZ_GÜLTIGE_STIMMZETTEL": 42,
"AZ_JA_STIMMEN": 28
}
,
{
"GEMEINDE": "Regensdorf",
"BEZIRK": "Dielsdorf",
"STIMMBETEILIGUNG": "   62.73",
"AZ_GÜLTIGE_STIMMZETTEL": 307,
"AZ_JA_STIMMEN": 210
}
,
{
"GEMEINDE": "Rümlang",
"BEZIRK": "Dielsdorf",
"STIMMBETEILIGUNG": "   61.56",
"AZ_GÜLTIGE_STIMMZETTEL": 211,
"AZ_JA_STIMMEN": 133
}
,
{
"GEMEINDE": "Schleinikon",
"BEZIRK": "Dielsdorf",
"STIMMBETEILIGUNG": "   52.68",
"AZ_GÜLTIGE_STIMMZETTEL": 54,
"AZ_JA_STIMMEN": 34
}
,
{
"GEMEINDE": "Schöfflisdorf",
"BEZIRK": "Dielsdorf",
"STIMMBETEILIGUNG": "   57.85",
"AZ_GÜLTIGE_STIMMZETTEL": 63,
"AZ_JA_STIMMEN": 38
}
,
{
"GEMEINDE": "Stadel",
"BEZIRK": "Dielsdorf",
"STIMMBETEILIGUNG": "   62.11",
"AZ_GÜLTIGE_STIMMZETTEL": 144,
"AZ_JA_STIMMEN": 53
}
,
{
"GEMEINDE": "Steinmaur",
"BEZIRK": "Dielsdorf",
"STIMMBETEILIGUNG": "   49.13",
"AZ_GÜLTIGE_STIMMZETTEL": 79,
"AZ_JA_STIMMEN": 38
}
,
{
"GEMEINDE": "Weiach",
"BEZIRK": "Dielsdorf",
"STIMMBETEILIGUNG": "   60.54",
"AZ_GÜLTIGE_STIMMZETTEL": 95,
"AZ_JA_STIMMEN": 55
}
,
{
"GEMEINDE": "Aesch",
"BEZIRK": "Dietikon",
"STIMMBETEILIGUNG": "   70.97",
"AZ_GÜLTIGE_STIMMZETTEL": 58,
"AZ_JA_STIMMEN": 22
}
,
{
"GEMEINDE": "Birmensdorf",
"BEZIRK": "Dietikon",
"STIMMBETEILIGUNG": "   55.94",
"AZ_GÜLTIGE_STIMMZETTEL": 207,
"AZ_JA_STIMMEN": 133
}
,
{
"GEMEINDE": "Dietikon",
"BEZIRK": "Dietikon",
"STIMMBETEILIGUNG": "   49.70",
"AZ_GÜLTIGE_STIMMZETTEL": 854,
"AZ_JA_STIMMEN": 640
}
,
{
"GEMEINDE": "Geroldswil",
"BEZIRK": "Dietikon",
"STIMMBETEILIGUNG": "   52.88",
"AZ_GÜLTIGE_STIMMZETTEL": 50,
"AZ_JA_STIMMEN": 38
}
,
{
"GEMEINDE": "Oberengstringen",
"BEZIRK": "Dietikon",
"STIMMBETEILIGUNG": "   35.25",
"AZ_GÜLTIGE_STIMMZETTEL": 80,
"AZ_JA_STIMMEN": 67
}
,
{
"GEMEINDE": "Oetwil a.d.L",
"BEZIRK": "Dietikon",
"STIMMBETEILIGUNG": "   47.62",
"AZ_GÜLTIGE_STIMMZETTEL": 35,
"AZ_JA_STIMMEN": 23
}
,
{
"GEMEINDE": "Schlieren",
"BEZIRK": "Dietikon",
"STIMMBETEILIGUNG": "   51.25",
"AZ_GÜLTIGE_STIMMZETTEL": 715,
"AZ_JA_STIMMEN": 590
}
,
{
"GEMEINDE": "Uitikon",
"BEZIRK": "Dietikon",
"STIMMBETEILIGUNG": "   49.78",
"AZ_GÜLTIGE_STIMMZETTEL": 106,
"AZ_JA_STIMMEN": 73
}
,
{
"GEMEINDE": "Unterengstringen",
"BEZIRK": "Dietikon",
"STIMMBETEILIGUNG": "   54.13",
"AZ_GÜLTIGE_STIMMZETTEL": 106,
"AZ_JA_STIMMEN": 81
}
,
{
"GEMEINDE": "Urdorf",
"BEZIRK": "Dietikon",
"STIMMBETEILIGUNG": "   47.14",
"AZ_GÜLTIGE_STIMMZETTEL": 182,
"AZ_JA_STIMMEN": 137
}
,
{
"GEMEINDE": "Weiningen",
"BEZIRK": "Dietikon",
"STIMMBETEILIGUNG": "   59.30",
"AZ_GÜLTIGE_STIMMZETTEL": 145,
"AZ_JA_STIMMEN": 95
}
,
{
"GEMEINDE": "Bäretswil",
"BEZIRK": "Hinwil",
"STIMMBETEILIGUNG": "   93.21",
"AZ_GÜLTIGE_STIMMZETTEL": 396,
"AZ_JA_STIMMEN": 229
}
,
{
"GEMEINDE": "Bubikon",
"BEZIRK": "Hinwil",
"STIMMBETEILIGUNG": "   61.74",
"AZ_GÜLTIGE_STIMMZETTEL": 327,
"AZ_JA_STIMMEN": 238
}
,
{
"GEMEINDE": "Dürnten",
"BEZIRK": "Hinwil",
"STIMMBETEILIGUNG": "   62.83",
"AZ_GÜLTIGE_STIMMZETTEL": 564,
"AZ_JA_STIMMEN": 384
}
,
{
"GEMEINDE": "Fischenthal",
"BEZIRK": "Hinwil",
"STIMMBETEILIGUNG": "   65.55",
"AZ_GÜLTIGE_STIMMZETTEL": 336,
"AZ_JA_STIMMEN": 187
}
,
{
"GEMEINDE": "Gossau",
"BEZIRK": "Hinwil",
"STIMMBETEILIGUNG": "   60.74",
"AZ_GÜLTIGE_STIMMZETTEL": 450,
"AZ_JA_STIMMEN": 242
}
,
{
"GEMEINDE": "Grüningen",
"BEZIRK": "Hinwil",
"STIMMBETEILIGUNG": "   61.47",
"AZ_GÜLTIGE_STIMMZETTEL": 233,
"AZ_JA_STIMMEN": 121
}
,
{
"GEMEINDE": "Hinwil",
"BEZIRK": "Hinwil",
"STIMMBETEILIGUNG": "   60.47",
"AZ_GÜLTIGE_STIMMZETTEL": 523,
"AZ_JA_STIMMEN": 330
}
,
{
"GEMEINDE": "Rüti",
"BEZIRK": "Hinwil",
"STIMMBETEILIGUNG": "   58.39",
"AZ_GÜLTIGE_STIMMZETTEL": 1016,
"AZ_JA_STIMMEN": 748
}
,
{
"GEMEINDE": "Seegräben",
"BEZIRK": "Hinwil",
"STIMMBETEILIGUNG": "   65.40",
"AZ_GÜLTIGE_STIMMZETTEL": 115,
"AZ_JA_STIMMEN": 86
}
,
{
"GEMEINDE": "Wald",
"BEZIRK": "Hinwil",
"STIMMBETEILIGUNG": "   63.07",
"AZ_GÜLTIGE_STIMMZETTEL": 1148,
"AZ_JA_STIMMEN": 763
}
,
{
"GEMEINDE": "Wetzikon",
"BEZIRK": "Hinwil",
"STIMMBETEILIGUNG": "   70.91",
"AZ_GÜLTIGE_STIMMZETTEL": 1284,
"AZ_JA_STIMMEN": 954
}
,
{
"GEMEINDE": "Adliswil",
"BEZIRK": "Horgen",
"STIMMBETEILIGUNG": "   51.90",
"AZ_GÜLTIGE_STIMMZETTEL": 702,
"AZ_JA_STIMMEN": 513
}
,
{
"GEMEINDE": "Hirzel",
"BEZIRK": "Horgen",
"STIMMBETEILIGUNG": "   52.37",
"AZ_GÜLTIGE_STIMMZETTEL": 144,
"AZ_JA_STIMMEN": 38
}
,
{
"GEMEINDE": "Horgen",
"BEZIRK": "Horgen",
"STIMMBETEILIGUNG": "   57.92",
"AZ_GÜLTIGE_STIMMZETTEL": 1535,
"AZ_JA_STIMMEN": 1212
}
,
{
"GEMEINDE": "Hütten",
"BEZIRK": "Horgen",
"STIMMBETEILIGUNG": "   52.43",
"AZ_GÜLTIGE_STIMMZETTEL": 86,
"AZ_JA_STIMMEN": 34
}
,
{
"GEMEINDE": "Kilchberg",
"BEZIRK": "Horgen",
"STIMMBETEILIGUNG": "   57.11",
"AZ_GÜLTIGE_STIMMZETTEL": 718,
"AZ_JA_STIMMEN": 572
}
,
{
"GEMEINDE": "Langnau a.A.",
"BEZIRK": "Horgen",
"STIMMBETEILIGUNG": "   52.64",
"AZ_GÜLTIGE_STIMMZETTEL": 262,
"AZ_JA_STIMMEN": 176
}
,
{
"GEMEINDE": "Oberrieden",
"BEZIRK": "Horgen",
"STIMMBETEILIGUNG": "   50.98",
"AZ_GÜLTIGE_STIMMZETTEL": 247,
"AZ_JA_STIMMEN": 185
}
,
{
"GEMEINDE": "Richterswil",
"BEZIRK": "Horgen",
"STIMMBETEILIGUNG": "   59.01",
"AZ_GÜLTIGE_STIMMZETTEL": 728,
"AZ_JA_STIMMEN": 524
}
,
{
"GEMEINDE": "Rüschlikon",
"BEZIRK": "Horgen",
"STIMMBETEILIGUNG": "   64.05",
"AZ_GÜLTIGE_STIMMZETTEL": 508,
"AZ_JA_STIMMEN": 415
}
,
{
"GEMEINDE": "Schönenberg",
"BEZIRK": "Horgen",
"STIMMBETEILIGUNG": "   61.16",
"AZ_GÜLTIGE_STIMMZETTEL": 194,
"AZ_JA_STIMMEN": 55
}
,
{
"GEMEINDE": "Thalwil",
"BEZIRK": "Horgen",
"STIMMBETEILIGUNG": "   63.32",
"AZ_GÜLTIGE_STIMMZETTEL": 1441,
"AZ_JA_STIMMEN": 1075
}
,
{
"GEMEINDE": "Wädenswil",
"BEZIRK": "Horgen",
"STIMMBETEILIGUNG": "   56.78",
"AZ_GÜLTIGE_STIMMZETTEL": 1460,
"AZ_JA_STIMMEN": 1092
}
,
{
"GEMEINDE": "Erlenbach",
"BEZIRK": "Meilen",
"STIMMBETEILIGUNG": "   50.33",
"AZ_GÜLTIGE_STIMMZETTEL": 432,
"AZ_JA_STIMMEN": 344
}
,
{
"GEMEINDE": "Herrliberg",
"BEZIRK": "Meilen",
"STIMMBETEILIGUNG": "   42.93",
"AZ_GÜLTIGE_STIMMZETTEL": 235,
"AZ_JA_STIMMEN": 172
}
,
{
"GEMEINDE": "Hombrechtikon",
"BEZIRK": "Meilen",
"STIMMBETEILIGUNG": "   59.64",
"AZ_GÜLTIGE_STIMMZETTEL": 434,
"AZ_JA_STIMMEN": 322
}
,
{
"GEMEINDE": "Küsnacht",
"BEZIRK": "Meilen",
"STIMMBETEILIGUNG": "   57.07",
"AZ_GÜLTIGE_STIMMZETTEL": 1126,
"AZ_JA_STIMMEN": 942
}
,
{
"GEMEINDE": "Männedorf",
"BEZIRK": "Meilen",
"STIMMBETEILIGUNG": "   48.46",
"AZ_GÜLTIGE_STIMMZETTEL": 480,
"AZ_JA_STIMMEN": 348
}
,
{
"GEMEINDE": "Meilen",
"BEZIRK": "Meilen",
"STIMMBETEILIGUNG": "   50.52",
"AZ_GÜLTIGE_STIMMZETTEL": 728,
"AZ_JA_STIMMEN": 587
}
,
{
"GEMEINDE": "Oetwil a.S.",
"BEZIRK": "Meilen",
"STIMMBETEILIGUNG": "   56.95",
"AZ_GÜLTIGE_STIMMZETTEL": 147,
"AZ_JA_STIMMEN": 97
}
,
{
"GEMEINDE": "Stäfa",
"BEZIRK": "Meilen",
"STIMMBETEILIGUNG": "   51.86",
"AZ_GÜLTIGE_STIMMZETTEL": 679,
"AZ_JA_STIMMEN": 509
}
,
{
"GEMEINDE": "Uetikon a.S.",
"BEZIRK": "Meilen",
"STIMMBETEILIGUNG": "   47.58",
"AZ_GÜLTIGE_STIMMZETTEL": 290,
"AZ_JA_STIMMEN": 242
}
,
{
"GEMEINDE": "Zollikon",
"BEZIRK": "Meilen",
"STIMMBETEILIGUNG": "   52.54",
"AZ_GÜLTIGE_STIMMZETTEL": 843,
"AZ_JA_STIMMEN": 671
}
,
{
"GEMEINDE": "Zumikon",
"BEZIRK": "Meilen",
"STIMMBETEILIGUNG": "   54.65",
"AZ_GÜLTIGE_STIMMZETTEL": 140,
"AZ_JA_STIMMEN": 103
}
,
{
"GEMEINDE": "Bauma",
"BEZIRK": "Pfäffikon",
"STIMMBETEILIGUNG": "   60.69",
"AZ_GÜLTIGE_STIMMZETTEL": 559,
"AZ_JA_STIMMEN": 379
}
,
{
"GEMEINDE": "Fehraltorf",
"BEZIRK": "Pfäffikon",
"STIMMBETEILIGUNG": "   56.98",
"AZ_GÜLTIGE_STIMMZETTEL": 188,
"AZ_JA_STIMMEN": 137
}
,
{
"GEMEINDE": "Hittnau",
"BEZIRK": "Pfäffikon",
"STIMMBETEILIGUNG": "   74.50",
"AZ_GÜLTIGE_STIMMZETTEL": 252,
"AZ_JA_STIMMEN": 180
}
,
{
"GEMEINDE": "Illnau-Effretikon",
"BEZIRK": "Pfäffikon",
"STIMMBETEILIGUNG": "   65.42",
"AZ_GÜLTIGE_STIMMZETTEL": 783,
"AZ_JA_STIMMEN": 541
}
,
{
"GEMEINDE": "Lindau",
"BEZIRK": "Pfäffikon",
"STIMMBETEILIGUNG": "   65.93",
"AZ_GÜLTIGE_STIMMZETTEL": 335,
"AZ_JA_STIMMEN": 257
}
,
{
"GEMEINDE": "Pfäffikon",
"BEZIRK": "Pfäffikon",
"STIMMBETEILIGUNG": "   64.86",
"AZ_GÜLTIGE_STIMMZETTEL": 824,
"AZ_JA_STIMMEN": 610
}
,
{
"GEMEINDE": "Russikon",
"BEZIRK": "Pfäffikon",
"STIMMBETEILIGUNG": "   71.06",
"AZ_GÜLTIGE_STIMMZETTEL": 270,
"AZ_JA_STIMMEN": 171
}
,
{
"GEMEINDE": "Weisslingen",
"BEZIRK": "Pfäffikon",
"STIMMBETEILIGUNG": "   69.21",
"AZ_GÜLTIGE_STIMMZETTEL": 248,
"AZ_JA_STIMMEN": 169
}
,
{
"GEMEINDE": "Wila",
"BEZIRK": "Pfäffikon",
"STIMMBETEILIGUNG": "   66.79",
"AZ_GÜLTIGE_STIMMZETTEL": 154,
"AZ_JA_STIMMEN": 94
}
,
{
"GEMEINDE": "Wildberg",
"BEZIRK": "Pfäffikon",
"STIMMBETEILIGUNG": "   62.78",
"AZ_GÜLTIGE_STIMMZETTEL": 94,
"AZ_JA_STIMMEN": 64
}
,
{
"GEMEINDE": "Dübendorf",
"BEZIRK": "Uster",
"STIMMBETEILIGUNG": "   52.31",
"AZ_GÜLTIGE_STIMMZETTEL": 798,
"AZ_JA_STIMMEN": 576
}
,
{
"GEMEINDE": "Egg",
"BEZIRK": "Uster",
"STIMMBETEILIGUNG": "   57.03",
"AZ_GÜLTIGE_STIMMZETTEL": 337,
"AZ_JA_STIMMEN": 211
}
,
{
"GEMEINDE": "Fällanden",
"BEZIRK": "Uster",
"STIMMBETEILIGUNG": "   46.61",
"AZ_GÜLTIGE_STIMMZETTEL": 100,
"AZ_JA_STIMMEN": 62
}
,
{
"GEMEINDE": "Greifensee",
"BEZIRK": "Uster",
"STIMMBETEILIGUNG": "   68.54",
"AZ_GÜLTIGE_STIMMZETTEL": 49,
"AZ_JA_STIMMEN": 27
}
,
{
"GEMEINDE": "Maur",
"BEZIRK": "Uster",
"STIMMBETEILIGUNG": "   58.85",
"AZ_GÜLTIGE_STIMMZETTEL": 227,
"AZ_JA_STIMMEN": 117
}
,
{
"GEMEINDE": "Mönchaltorf",
"BEZIRK": "Uster",
"STIMMBETEILIGUNG": "   59.84",
"AZ_GÜLTIGE_STIMMZETTEL": 126,
"AZ_JA_STIMMEN": 69
}
,
{
"GEMEINDE": "Schwerzenbach",
"BEZIRK": "Uster",
"STIMMBETEILIGUNG": "   62.73",
"AZ_GÜLTIGE_STIMMZETTEL": 63,
"AZ_JA_STIMMEN": 47
}
,
{
"GEMEINDE": "Uster",
"BEZIRK": "Uster",
"STIMMBETEILIGUNG": "   57.78",
"AZ_GÜLTIGE_STIMMZETTEL": 1691,
"AZ_JA_STIMMEN": 1311
}
,
{
"GEMEINDE": "Volketswil",
"BEZIRK": "Uster",
"STIMMBETEILIGUNG": "   57.06",
"AZ_GÜLTIGE_STIMMZETTEL": 253,
"AZ_JA_STIMMEN": 164
}
,
{
"GEMEINDE": "Wangen-Brüttisellen",
"BEZIRK": "Uster",
"STIMMBETEILIGUNG": "   58.67",
"AZ_GÜLTIGE_STIMMZETTEL": 236,
"AZ_JA_STIMMEN": 167
}
,
{
"GEMEINDE": "Altikon",
"BEZIRK": "Winterthur",
"STIMMBETEILIGUNG": "   53.25",
"AZ_GÜLTIGE_STIMMZETTEL": 81,
"AZ_JA_STIMMEN": 39
}
,
{
"GEMEINDE": "Brütten",
"BEZIRK": "Winterthur",
"STIMMBETEILIGUNG": "   67.68",
"AZ_GÜLTIGE_STIMMZETTEL": 91,
"AZ_JA_STIMMEN": 66
}
,
{
"GEMEINDE": "Dägerlen",
"BEZIRK": "Winterthur",
"STIMMBETEILIGUNG": "   67.68",
"AZ_GÜLTIGE_STIMMZETTEL": 86,
"AZ_JA_STIMMEN": 45
}
,
{
"GEMEINDE": "Dättlikon",
"BEZIRK": "Winterthur",
"STIMMBETEILIGUNG": "   65.71",
"AZ_GÜLTIGE_STIMMZETTEL": 58,
"AZ_JA_STIMMEN": 35
}
,
{
"GEMEINDE": "Dinhard",
"BEZIRK": "Winterthur",
"STIMMBETEILIGUNG": "   66.84",
"AZ_GÜLTIGE_STIMMZETTEL": 106,
"AZ_JA_STIMMEN": 61
}
,
{
"GEMEINDE": "Elgg",
"BEZIRK": "Winterthur",
"STIMMBETEILIGUNG": "   57.86",
"AZ_GÜLTIGE_STIMMZETTEL": 320,
"AZ_JA_STIMMEN": 222
}
,
{
"GEMEINDE": "Ellikon a.d.Th.",
"BEZIRK": "Winterthur",
"STIMMBETEILIGUNG": "   72.17",
"AZ_GÜLTIGE_STIMMZETTEL": 72,
"AZ_JA_STIMMEN": 52
}
,
{
"GEMEINDE": "Elsau",
"BEZIRK": "Winterthur",
"STIMMBETEILIGUNG": "   63.39",
"AZ_GÜLTIGE_STIMMZETTEL": 184,
"AZ_JA_STIMMEN": 115
}
,
{
"GEMEINDE": "Hagenbuch",
"BEZIRK": "Winterthur",
"STIMMBETEILIGUNG": "   71.60",
"AZ_GÜLTIGE_STIMMZETTEL": 72,
"AZ_JA_STIMMEN": 42
}
,
{
"GEMEINDE": "Hettlingen",
"BEZIRK": "Winterthur",
"STIMMBETEILIGUNG": "   50.29",
"AZ_GÜLTIGE_STIMMZETTEL": 80,
"AZ_JA_STIMMEN": 58
}
,
{
"GEMEINDE": "Hofstetten",
"BEZIRK": "Winterthur",
"STIMMBETEILIGUNG": "   73.05",
"AZ_GÜLTIGE_STIMMZETTEL": 76,
"AZ_JA_STIMMEN": 45
}
,
{
"GEMEINDE": "Neftenbach",
"BEZIRK": "Winterthur",
"STIMMBETEILIGUNG": "   61.21",
"AZ_GÜLTIGE_STIMMZETTEL": 272,
"AZ_JA_STIMMEN": 172
}
,
{
"GEMEINDE": "Pfungen",
"BEZIRK": "Winterthur",
"STIMMBETEILIGUNG": "   60.16",
"AZ_GÜLTIGE_STIMMZETTEL": 196,
"AZ_JA_STIMMEN": 144
}
,
{
"GEMEINDE": "Rickenbach",
"BEZIRK": "Winterthur",
"STIMMBETEILIGUNG": "   59.41",
"AZ_GÜLTIGE_STIMMZETTEL": 102,
"AZ_JA_STIMMEN": 65
}
,
{
"GEMEINDE": "Schlatt",
"BEZIRK": "Winterthur",
"STIMMBETEILIGUNG": "   67.39",
"AZ_GÜLTIGE_STIMMZETTEL": 74,
"AZ_JA_STIMMEN": 36
}
,
{
"GEMEINDE": "Seuzach",
"BEZIRK": "Winterthur",
"STIMMBETEILIGUNG": "   59.45",
"AZ_GÜLTIGE_STIMMZETTEL": 225,
"AZ_JA_STIMMEN": 158
}
,
{
"GEMEINDE": "Turbenthal",
"BEZIRK": "Winterthur",
"STIMMBETEILIGUNG": "   60.51",
"AZ_GÜLTIGE_STIMMZETTEL": 404,
"AZ_JA_STIMMEN": 288
}
,
{
"GEMEINDE": "Wiesendangen",
"BEZIRK": "Winterthur",
"STIMMBETEILIGUNG": "   67.55",
"AZ_GÜLTIGE_STIMMZETTEL": 361,
"AZ_JA_STIMMEN": 223
}
,
{
"GEMEINDE": "Winterthur",
"BEZIRK": "Winterthur",
"STIMMBETEILIGUNG": "   72.32",
"AZ_GÜLTIGE_STIMMZETTEL": 13468,
"AZ_JA_STIMMEN": 10356
}
,
{
"GEMEINDE": "Zell",
"BEZIRK": "Winterthur",
"STIMMBETEILIGUNG": "   65.84",
"AZ_GÜLTIGE_STIMMZETTEL": 459,
"AZ_JA_STIMMEN": 311
}
,
{
"GEMEINDE": "Zürich",
"BEZIRK": "Zürich",
"STIMMBETEILIGUNG": "   50.24",
"AZ_GÜLTIGE_STIMMZETTEL": 50454,
"AZ_JA_STIMMEN": 41880
}
]
