[
{
"GEMEINDE": "Aeugst a.A.",
"BEZIRK": "Affoltern",
"STIMMBETEILIGUNG": "   45.85",
"AZ_GÜLTIGE_STIMMZETTEL": 449,
"AZ_JA_STIMMEN": 103
}
,
{
"GEMEINDE": "Affoltern a.A.",
"BEZIRK": "Affoltern",
"STIMMBETEILIGUNG": "   44.57",
"AZ_GÜLTIGE_STIMMZETTEL": 2464,
"AZ_JA_STIMMEN": 624
}
,
{
"GEMEINDE": "Bonstetten",
"BEZIRK": "Affoltern",
"STIMMBETEILIGUNG": "   45.96",
"AZ_GÜLTIGE_STIMMZETTEL": 1025,
"AZ_JA_STIMMEN": 274
}
,
{
"GEMEINDE": "Hausen a.A.",
"BEZIRK": "Affoltern",
"STIMMBETEILIGUNG": "   42.68",
"AZ_GÜLTIGE_STIMMZETTEL": 822,
"AZ_JA_STIMMEN": 211
}
,
{
"GEMEINDE": "Hedingen",
"BEZIRK": "Affoltern",
"STIMMBETEILIGUNG": "   44.48",
"AZ_GÜLTIGE_STIMMZETTEL": 751,
"AZ_JA_STIMMEN": 164
}
,
{
"GEMEINDE": "Kappel a.A.",
"BEZIRK": "Affoltern",
"STIMMBETEILIGUNG": "   46.86",
"AZ_GÜLTIGE_STIMMZETTEL": 267,
"AZ_JA_STIMMEN": 43
}
,
{
"GEMEINDE": "Knonau",
"BEZIRK": "Affoltern",
"STIMMBETEILIGUNG": "   57.05",
"AZ_GÜLTIGE_STIMMZETTEL": 432,
"AZ_JA_STIMMEN": 113
}
,
{
"GEMEINDE": "Maschwanden",
"BEZIRK": "Affoltern",
"STIMMBETEILIGUNG": "   51.99",
"AZ_GÜLTIGE_STIMMZETTEL": 190,
"AZ_JA_STIMMEN": 39
}
,
{
"GEMEINDE": "Mettmenstetten",
"BEZIRK": "Affoltern",
"STIMMBETEILIGUNG": "   44.51",
"AZ_GÜLTIGE_STIMMZETTEL": 935,
"AZ_JA_STIMMEN": 190
}
,
{
"GEMEINDE": "Obfelden",
"BEZIRK": "Affoltern",
"STIMMBETEILIGUNG": "   39.95",
"AZ_GÜLTIGE_STIMMZETTEL": 997,
"AZ_JA_STIMMEN": 233
}
,
{
"GEMEINDE": "Ottenbach",
"BEZIRK": "Affoltern",
"STIMMBETEILIGUNG": "   43.31",
"AZ_GÜLTIGE_STIMMZETTEL": 632,
"AZ_JA_STIMMEN": 159
}
,
{
"GEMEINDE": "Rifferswil",
"BEZIRK": "Affoltern",
"STIMMBETEILIGUNG": "   66.03",
"AZ_GÜLTIGE_STIMMZETTEL": 305,
"AZ_JA_STIMMEN": 85
}
,
{
"GEMEINDE": "Stallikon",
"BEZIRK": "Affoltern",
"STIMMBETEILIGUNG": "   43.18",
"AZ_GÜLTIGE_STIMMZETTEL": 720,
"AZ_JA_STIMMEN": 149
}
,
{
"GEMEINDE": "Wettswil a.A.",
"BEZIRK": "Affoltern",
"STIMMBETEILIGUNG": "   52.88",
"AZ_GÜLTIGE_STIMMZETTEL": 1314,
"AZ_JA_STIMMEN": 220
}
,
{
"GEMEINDE": "Adlikon",
"BEZIRK": "Andelfingen",
"STIMMBETEILIGUNG": "   68.81",
"AZ_GÜLTIGE_STIMMZETTEL": 260,
"AZ_JA_STIMMEN": 43
}
,
{
"GEMEINDE": "Andelfingen",
"BEZIRK": "Andelfingen",
"STIMMBETEILIGUNG": "   58.52",
"AZ_GÜLTIGE_STIMMZETTEL": 630,
"AZ_JA_STIMMEN": 124
}
,
{
"GEMEINDE": "Benken",
"BEZIRK": "Andelfingen",
"STIMMBETEILIGUNG": "   54.74",
"AZ_GÜLTIGE_STIMMZETTEL": 252,
"AZ_JA_STIMMEN": 50
}
,
{
"GEMEINDE": "Berg a.I.",
"BEZIRK": "Andelfingen",
"STIMMBETEILIGUNG": "   63.33",
"AZ_GÜLTIGE_STIMMZETTEL": 223,
"AZ_JA_STIMMEN": 30
}
,
{
"GEMEINDE": "Buch a.I.",
"BEZIRK": "Andelfingen",
"STIMMBETEILIGUNG": "   49.79",
"AZ_GÜLTIGE_STIMMZETTEL": 228,
"AZ_JA_STIMMEN": 30
}
,
{
"GEMEINDE": "Dachsen",
"BEZIRK": "Andelfingen",
"STIMMBETEILIGUNG": "   49.72",
"AZ_GÜLTIGE_STIMMZETTEL": 437,
"AZ_JA_STIMMEN": 121
}
,
{
"GEMEINDE": "Dorf",
"BEZIRK": "Andelfingen",
"STIMMBETEILIGUNG": "   55.52",
"AZ_GÜLTIGE_STIMMZETTEL": 184,
"AZ_JA_STIMMEN": 32
}
,
{
"GEMEINDE": "Feuerthalen",
"BEZIRK": "Andelfingen",
"STIMMBETEILIGUNG": "   42.02",
"AZ_GÜLTIGE_STIMMZETTEL": 790,
"AZ_JA_STIMMEN": 252
}
,
{
"GEMEINDE": "Flaach",
"BEZIRK": "Andelfingen",
"STIMMBETEILIGUNG": "   48.15",
"AZ_GÜLTIGE_STIMMZETTEL": 340,
"AZ_JA_STIMMEN": 55
}
,
{
"GEMEINDE": "Flurlingen",
"BEZIRK": "Andelfingen",
"STIMMBETEILIGUNG": "   50.69",
"AZ_GÜLTIGE_STIMMZETTEL": 429,
"AZ_JA_STIMMEN": 117
}
,
{
"GEMEINDE": "Henggart",
"BEZIRK": "Andelfingen",
"STIMMBETEILIGUNG": "   53.73",
"AZ_GÜLTIGE_STIMMZETTEL": 526,
"AZ_JA_STIMMEN": 94
}
,
{
"GEMEINDE": "Humlikon",
"BEZIRK": "Andelfingen",
"STIMMBETEILIGUNG": "   62.50",
"AZ_GÜLTIGE_STIMMZETTEL": 161,
"AZ_JA_STIMMEN": 28
}
,
{
"GEMEINDE": "Kleinandelfingen",
"BEZIRK": "Andelfingen",
"STIMMBETEILIGUNG": "   48.70",
"AZ_GÜLTIGE_STIMMZETTEL": 531,
"AZ_JA_STIMMEN": 117
}
,
{
"GEMEINDE": "Laufen-Uhwiesen",
"BEZIRK": "Andelfingen",
"STIMMBETEILIGUNG": "   47.60",
"AZ_GÜLTIGE_STIMMZETTEL": 480,
"AZ_JA_STIMMEN": 127
}
,
{
"GEMEINDE": "Marthalen",
"BEZIRK": "Andelfingen",
"STIMMBETEILIGUNG": "   46.54",
"AZ_GÜLTIGE_STIMMZETTEL": 555,
"AZ_JA_STIMMEN": 121
}
,
{
"GEMEINDE": "Oberstammheim",
"BEZIRK": "Andelfingen",
"STIMMBETEILIGUNG": "   60.97",
"AZ_GÜLTIGE_STIMMZETTEL": 435,
"AZ_JA_STIMMEN": 88
}
,
{
"GEMEINDE": "Ossingen",
"BEZIRK": "Andelfingen",
"STIMMBETEILIGUNG": "   53.52",
"AZ_GÜLTIGE_STIMMZETTEL": 440,
"AZ_JA_STIMMEN": 92
}
,
{
"GEMEINDE": "Rheinau",
"BEZIRK": "Andelfingen",
"STIMMBETEILIGUNG": "   51.69",
"AZ_GÜLTIGE_STIMMZETTEL": 385,
"AZ_JA_STIMMEN": 110
}
,
{
"GEMEINDE": "Thalheim a.d.Th.",
"BEZIRK": "Andelfingen",
"STIMMBETEILIGUNG": "   46.53",
"AZ_GÜLTIGE_STIMMZETTEL": 190,
"AZ_JA_STIMMEN": 17
}
,
{
"GEMEINDE": "Trüllikon",
"BEZIRK": "Andelfingen",
"STIMMBETEILIGUNG": "   45.66",
"AZ_GÜLTIGE_STIMMZETTEL": 330,
"AZ_JA_STIMMEN": 83
}
,
{
"GEMEINDE": "Truttikon",
"BEZIRK": "Andelfingen",
"STIMMBETEILIGUNG": "   62.28",
"AZ_GÜLTIGE_STIMMZETTEL": 171,
"AZ_JA_STIMMEN": 23
}
,
{
"GEMEINDE": "Unterstammheim",
"BEZIRK": "Andelfingen",
"STIMMBETEILIGUNG": "   42.86",
"AZ_GÜLTIGE_STIMMZETTEL": 257,
"AZ_JA_STIMMEN": 33
}
,
{
"GEMEINDE": "Volken",
"BEZIRK": "Andelfingen",
"STIMMBETEILIGUNG": "   62.23",
"AZ_GÜLTIGE_STIMMZETTEL": 115,
"AZ_JA_STIMMEN": 22
}
,
{
"GEMEINDE": "Waltalingen",
"BEZIRK": "Andelfingen",
"STIMMBETEILIGUNG": "   52.28",
"AZ_GÜLTIGE_STIMMZETTEL": 199,
"AZ_JA_STIMMEN": 27
}
,
{
"GEMEINDE": "Bachenbülach",
"BEZIRK": "Bülach",
"STIMMBETEILIGUNG": "   44.09",
"AZ_GÜLTIGE_STIMMZETTEL": 735,
"AZ_JA_STIMMEN": 165
}
,
{
"GEMEINDE": "Bassersdorf",
"BEZIRK": "Bülach",
"STIMMBETEILIGUNG": "   45.23",
"AZ_GÜLTIGE_STIMMZETTEL": 1943,
"AZ_JA_STIMMEN": 472
}
,
{
"GEMEINDE": "Bülach",
"BEZIRK": "Bülach",
"STIMMBETEILIGUNG": "   45.75",
"AZ_GÜLTIGE_STIMMZETTEL": 3903,
"AZ_JA_STIMMEN": 874
}
,
{
"GEMEINDE": "Dietlikon",
"BEZIRK": "Bülach",
"STIMMBETEILIGUNG": "   42.79",
"AZ_GÜLTIGE_STIMMZETTEL": 1614,
"AZ_JA_STIMMEN": 394
}
,
{
"GEMEINDE": "Eglisau",
"BEZIRK": "Bülach",
"STIMMBETEILIGUNG": "   52.48",
"AZ_GÜLTIGE_STIMMZETTEL": 942,
"AZ_JA_STIMMEN": 204
}
,
{
"GEMEINDE": "Embrach",
"BEZIRK": "Bülach",
"STIMMBETEILIGUNG": "   41.17",
"AZ_GÜLTIGE_STIMMZETTEL": 1781,
"AZ_JA_STIMMEN": 372
}
,
{
"GEMEINDE": "Freienstein-Teufen",
"BEZIRK": "Bülach",
"STIMMBETEILIGUNG": "   47.62",
"AZ_GÜLTIGE_STIMMZETTEL": 604,
"AZ_JA_STIMMEN": 122
}
,
{
"GEMEINDE": "Glattfelden",
"BEZIRK": "Bülach",
"STIMMBETEILIGUNG": "   47.65",
"AZ_GÜLTIGE_STIMMZETTEL": 971,
"AZ_JA_STIMMEN": 245
}
,
{
"GEMEINDE": "Hochfelden",
"BEZIRK": "Bülach",
"STIMMBETEILIGUNG": "   46.24",
"AZ_GÜLTIGE_STIMMZETTEL": 386,
"AZ_JA_STIMMEN": 103
}
,
{
"GEMEINDE": "Höri",
"BEZIRK": "Bülach",
"STIMMBETEILIGUNG": "   36.49",
"AZ_GÜLTIGE_STIMMZETTEL": 365,
"AZ_JA_STIMMEN": 80
}
,
{
"GEMEINDE": "Hüntwangen",
"BEZIRK": "Bülach",
"STIMMBETEILIGUNG": "   47.39",
"AZ_GÜLTIGE_STIMMZETTEL": 247,
"AZ_JA_STIMMEN": 52
}
,
{
"GEMEINDE": "Kloten",
"BEZIRK": "Bülach",
"STIMMBETEILIGUNG": "   46.29",
"AZ_GÜLTIGE_STIMMZETTEL": 4587,
"AZ_JA_STIMMEN": 1233
}
,
{
"GEMEINDE": "Lufingen",
"BEZIRK": "Bülach",
"STIMMBETEILIGUNG": "   48.76",
"AZ_GÜLTIGE_STIMMZETTEL": 368,
"AZ_JA_STIMMEN": 63
}
,
{
"GEMEINDE": "Nürensdorf",
"BEZIRK": "Bülach",
"STIMMBETEILIGUNG": "   51.26",
"AZ_GÜLTIGE_STIMMZETTEL": 1453,
"AZ_JA_STIMMEN": 233
}
,
{
"GEMEINDE": "Oberembrach",
"BEZIRK": "Bülach",
"STIMMBETEILIGUNG": "   51.52",
"AZ_GÜLTIGE_STIMMZETTEL": 350,
"AZ_JA_STIMMEN": 50
}
,
{
"GEMEINDE": "Opfikon",
"BEZIRK": "Bülach",
"STIMMBETEILIGUNG": "   44.06",
"AZ_GÜLTIGE_STIMMZETTEL": 3022,
"AZ_JA_STIMMEN": 760
}
,
{
"GEMEINDE": "Rafz",
"BEZIRK": "Bülach",
"STIMMBETEILIGUNG": "   44.70",
"AZ_GÜLTIGE_STIMMZETTEL": 826,
"AZ_JA_STIMMEN": 191
}
,
{
"GEMEINDE": "Rorbas",
"BEZIRK": "Bülach",
"STIMMBETEILIGUNG": "   39.66",
"AZ_GÜLTIGE_STIMMZETTEL": 532,
"AZ_JA_STIMMEN": 123
}
,
{
"GEMEINDE": "Wallisellen",
"BEZIRK": "Bülach",
"STIMMBETEILIGUNG": "   46.05",
"AZ_GÜLTIGE_STIMMZETTEL": 3506,
"AZ_JA_STIMMEN": 758
}
,
{
"GEMEINDE": "Wasterkingen",
"BEZIRK": "Bülach",
"STIMMBETEILIGUNG": "   45.89",
"AZ_GÜLTIGE_STIMMZETTEL": 169,
"AZ_JA_STIMMEN": 41
}
,
{
"GEMEINDE": "Wil",
"BEZIRK": "Bülach",
"STIMMBETEILIGUNG": "   40.25",
"AZ_GÜLTIGE_STIMMZETTEL": 343,
"AZ_JA_STIMMEN": 76
}
,
{
"GEMEINDE": "Winkel",
"BEZIRK": "Bülach",
"STIMMBETEILIGUNG": "   52.56",
"AZ_GÜLTIGE_STIMMZETTEL": 926,
"AZ_JA_STIMMEN": 157
}
,
{
"GEMEINDE": "Bachs",
"BEZIRK": "Dielsdorf",
"STIMMBETEILIGUNG": "   44.85",
"AZ_GÜLTIGE_STIMMZETTEL": 176,
"AZ_JA_STIMMEN": 41
}
,
{
"GEMEINDE": "Boppelsen",
"BEZIRK": "Dielsdorf",
"STIMMBETEILIGUNG": "   49.34",
"AZ_GÜLTIGE_STIMMZETTEL": 288,
"AZ_JA_STIMMEN": 37
}
,
{
"GEMEINDE": "Buchs",
"BEZIRK": "Dielsdorf",
"STIMMBETEILIGUNG": "   34.10",
"AZ_GÜLTIGE_STIMMZETTEL": 840,
"AZ_JA_STIMMEN": 185
}
,
{
"GEMEINDE": "Dällikon",
"BEZIRK": "Dielsdorf",
"STIMMBETEILIGUNG": "   38.53",
"AZ_GÜLTIGE_STIMMZETTEL": 669,
"AZ_JA_STIMMEN": 143
}
,
{
"GEMEINDE": "Dänikon",
"BEZIRK": "Dielsdorf",
"STIMMBETEILIGUNG": "   38.29",
"AZ_GÜLTIGE_STIMMZETTEL": 322,
"AZ_JA_STIMMEN": 63
}
,
{
"GEMEINDE": "Dielsdorf",
"BEZIRK": "Dielsdorf",
"STIMMBETEILIGUNG": "   38.57",
"AZ_GÜLTIGE_STIMMZETTEL": 998,
"AZ_JA_STIMMEN": 247
}
,
{
"GEMEINDE": "Hüttikon",
"BEZIRK": "Dielsdorf",
"STIMMBETEILIGUNG": "   42.09",
"AZ_GÜLTIGE_STIMMZETTEL": 128,
"AZ_JA_STIMMEN": 23
}
,
{
"GEMEINDE": "Neerach",
"BEZIRK": "Dielsdorf",
"STIMMBETEILIGUNG": "   44.59",
"AZ_GÜLTIGE_STIMMZETTEL": 615,
"AZ_JA_STIMMEN": 105
}
,
{
"GEMEINDE": "Niederglatt",
"BEZIRK": "Dielsdorf",
"STIMMBETEILIGUNG": "   41.69",
"AZ_GÜLTIGE_STIMMZETTEL": 918,
"AZ_JA_STIMMEN": 185
}
,
{
"GEMEINDE": "Niederhasli",
"BEZIRK": "Dielsdorf",
"STIMMBETEILIGUNG": "   41.61",
"AZ_GÜLTIGE_STIMMZETTEL": 1586,
"AZ_JA_STIMMEN": 419
}
,
{
"GEMEINDE": "Niederweningen",
"BEZIRK": "Dielsdorf",
"STIMMBETEILIGUNG": "   43.83",
"AZ_GÜLTIGE_STIMMZETTEL": 488,
"AZ_JA_STIMMEN": 104
}
,
{
"GEMEINDE": "Oberglatt",
"BEZIRK": "Dielsdorf",
"STIMMBETEILIGUNG": "   40.63",
"AZ_GÜLTIGE_STIMMZETTEL": 1099,
"AZ_JA_STIMMEN": 306
}
,
{
"GEMEINDE": "Oberweningen",
"BEZIRK": "Dielsdorf",
"STIMMBETEILIGUNG": "   42.21",
"AZ_GÜLTIGE_STIMMZETTEL": 334,
"AZ_JA_STIMMEN": 70
}
,
{
"GEMEINDE": "Otelfingen",
"BEZIRK": "Dielsdorf",
"STIMMBETEILIGUNG": "   42.64",
"AZ_GÜLTIGE_STIMMZETTEL": 446,
"AZ_JA_STIMMEN": 88
}
,
{
"GEMEINDE": "Regensberg",
"BEZIRK": "Dielsdorf",
"STIMMBETEILIGUNG": "   50.39",
"AZ_GÜLTIGE_STIMMZETTEL": 190,
"AZ_JA_STIMMEN": 36
}
,
{
"GEMEINDE": "Regensdorf",
"BEZIRK": "Dielsdorf",
"STIMMBETEILIGUNG": "   39.28",
"AZ_GÜLTIGE_STIMMZETTEL": 3145,
"AZ_JA_STIMMEN": 808
}
,
{
"GEMEINDE": "Rümlang",
"BEZIRK": "Dielsdorf",
"STIMMBETEILIGUNG": "   46.22",
"AZ_GÜLTIGE_STIMMZETTEL": 1550,
"AZ_JA_STIMMEN": 463
}
,
{
"GEMEINDE": "Schleinikon",
"BEZIRK": "Dielsdorf",
"STIMMBETEILIGUNG": "   45.79",
"AZ_GÜLTIGE_STIMMZETTEL": 193,
"AZ_JA_STIMMEN": 46
}
,
{
"GEMEINDE": "Schöfflisdorf",
"BEZIRK": "Dielsdorf",
"STIMMBETEILIGUNG": "   45.52",
"AZ_GÜLTIGE_STIMMZETTEL": 334,
"AZ_JA_STIMMEN": 67
}
,
{
"GEMEINDE": "Stadel",
"BEZIRK": "Dielsdorf",
"STIMMBETEILIGUNG": "   45.40",
"AZ_GÜLTIGE_STIMMZETTEL": 497,
"AZ_JA_STIMMEN": 96
}
,
{
"GEMEINDE": "Steinmaur",
"BEZIRK": "Dielsdorf",
"STIMMBETEILIGUNG": "   42.71",
"AZ_GÜLTIGE_STIMMZETTEL": 781,
"AZ_JA_STIMMEN": 200
}
,
{
"GEMEINDE": "Weiach",
"BEZIRK": "Dielsdorf",
"STIMMBETEILIGUNG": "   47.21",
"AZ_GÜLTIGE_STIMMZETTEL": 272,
"AZ_JA_STIMMEN": 55
}
,
{
"GEMEINDE": "Aesch",
"BEZIRK": "Dietikon",
"STIMMBETEILIGUNG": "   52.86",
"AZ_GÜLTIGE_STIMMZETTEL": 389,
"AZ_JA_STIMMEN": 71
}
,
{
"GEMEINDE": "Birmensdorf",
"BEZIRK": "Dietikon",
"STIMMBETEILIGUNG": "   43.41",
"AZ_GÜLTIGE_STIMMZETTEL": 1459,
"AZ_JA_STIMMEN": 281
}
,
{
"GEMEINDE": "Dietikon",
"BEZIRK": "Dietikon",
"STIMMBETEILIGUNG": "   39.06",
"AZ_GÜLTIGE_STIMMZETTEL": 4540,
"AZ_JA_STIMMEN": 1290
}
,
{
"GEMEINDE": "Geroldswil",
"BEZIRK": "Dietikon",
"STIMMBETEILIGUNG": "   39.84",
"AZ_GÜLTIGE_STIMMZETTEL": 1207,
"AZ_JA_STIMMEN": 278
}
,
{
"GEMEINDE": "Oberengstringen",
"BEZIRK": "Dietikon",
"STIMMBETEILIGUNG": "   39.84",
"AZ_GÜLTIGE_STIMMZETTEL": 1538,
"AZ_JA_STIMMEN": 446
}
,
{
"GEMEINDE": "Oetwil a.d.L",
"BEZIRK": "Dietikon",
"STIMMBETEILIGUNG": "   40.90",
"AZ_GÜLTIGE_STIMMZETTEL": 637,
"AZ_JA_STIMMEN": 127
}
,
{
"GEMEINDE": "Schlieren",
"BEZIRK": "Dietikon",
"STIMMBETEILIGUNG": "   40.85",
"AZ_GÜLTIGE_STIMMZETTEL": 2912,
"AZ_JA_STIMMEN": 822
}
,
{
"GEMEINDE": "Uitikon",
"BEZIRK": "Dietikon",
"STIMMBETEILIGUNG": "   54.57",
"AZ_GÜLTIGE_STIMMZETTEL": 1258,
"AZ_JA_STIMMEN": 192
}
,
{
"GEMEINDE": "Unterengstringen",
"BEZIRK": "Dietikon",
"STIMMBETEILIGUNG": "   44.61",
"AZ_GÜLTIGE_STIMMZETTEL": 831,
"AZ_JA_STIMMEN": 162
}
,
{
"GEMEINDE": "Urdorf",
"BEZIRK": "Dietikon",
"STIMMBETEILIGUNG": "   42.92",
"AZ_GÜLTIGE_STIMMZETTEL": 2392,
"AZ_JA_STIMMEN": 643
}
,
{
"GEMEINDE": "Weiningen",
"BEZIRK": "Dietikon",
"STIMMBETEILIGUNG": "   38.90",
"AZ_GÜLTIGE_STIMMZETTEL": 899,
"AZ_JA_STIMMEN": 203
}
,
{
"GEMEINDE": "Bäretswil",
"BEZIRK": "Hinwil",
"STIMMBETEILIGUNG": "   43.64",
"AZ_GÜLTIGE_STIMMZETTEL": 1161,
"AZ_JA_STIMMEN": 231
}
,
{
"GEMEINDE": "Bubikon",
"BEZIRK": "Hinwil",
"STIMMBETEILIGUNG": "   40.08",
"AZ_GÜLTIGE_STIMMZETTEL": 1264,
"AZ_JA_STIMMEN": 310
}
,
{
"GEMEINDE": "Dürnten",
"BEZIRK": "Hinwil",
"STIMMBETEILIGUNG": "   40.43",
"AZ_GÜLTIGE_STIMMZETTEL": 1535,
"AZ_JA_STIMMEN": 372
}
,
{
"GEMEINDE": "Fischenthal",
"BEZIRK": "Hinwil",
"STIMMBETEILIGUNG": "   48.02",
"AZ_GÜLTIGE_STIMMZETTEL": 576,
"AZ_JA_STIMMEN": 147
}
,
{
"GEMEINDE": "Gossau",
"BEZIRK": "Hinwil",
"STIMMBETEILIGUNG": "   43.63",
"AZ_GÜLTIGE_STIMMZETTEL": 2254,
"AZ_JA_STIMMEN": 515
}
,
{
"GEMEINDE": "Grüningen",
"BEZIRK": "Hinwil",
"STIMMBETEILIGUNG": "   42.53",
"AZ_GÜLTIGE_STIMMZETTEL": 730,
"AZ_JA_STIMMEN": 125
}
,
{
"GEMEINDE": "Hinwil",
"BEZIRK": "Hinwil",
"STIMMBETEILIGUNG": "   41.98",
"AZ_GÜLTIGE_STIMMZETTEL": 2419,
"AZ_JA_STIMMEN": 734
}
,
{
"GEMEINDE": "Rüti",
"BEZIRK": "Hinwil",
"STIMMBETEILIGUNG": "   41.69",
"AZ_GÜLTIGE_STIMMZETTEL": 2727,
"AZ_JA_STIMMEN": 659
}
,
{
"GEMEINDE": "Seegräben",
"BEZIRK": "Hinwil",
"STIMMBETEILIGUNG": "   59.97",
"AZ_GÜLTIGE_STIMMZETTEL": 443,
"AZ_JA_STIMMEN": 105
}
,
{
"GEMEINDE": "Wald",
"BEZIRK": "Hinwil",
"STIMMBETEILIGUNG": "   39.73",
"AZ_GÜLTIGE_STIMMZETTEL": 1931,
"AZ_JA_STIMMEN": 450
}
,
{
"GEMEINDE": "Wetzikon",
"BEZIRK": "Hinwil",
"STIMMBETEILIGUNG": "   42.46",
"AZ_GÜLTIGE_STIMMZETTEL": 4425,
"AZ_JA_STIMMEN": 1196
}
,
{
"GEMEINDE": "Adliswil",
"BEZIRK": "Horgen",
"STIMMBETEILIGUNG": "   42.98",
"AZ_GÜLTIGE_STIMMZETTEL": 4395,
"AZ_JA_STIMMEN": 1056
}
,
{
"GEMEINDE": "Hirzel",
"BEZIRK": "Horgen",
"STIMMBETEILIGUNG": "   39.42",
"AZ_GÜLTIGE_STIMMZETTEL": 487,
"AZ_JA_STIMMEN": 80
}
,
{
"GEMEINDE": "Horgen",
"BEZIRK": "Horgen",
"STIMMBETEILIGUNG": "   45.86",
"AZ_GÜLTIGE_STIMMZETTEL": 4656,
"AZ_JA_STIMMEN": 1150
}
,
{
"GEMEINDE": "Hütten",
"BEZIRK": "Horgen",
"STIMMBETEILIGUNG": "   37.39",
"AZ_GÜLTIGE_STIMMZETTEL": 207,
"AZ_JA_STIMMEN": 40
}
,
{
"GEMEINDE": "Kilchberg",
"BEZIRK": "Horgen",
"STIMMBETEILIGUNG": "   53.05",
"AZ_GÜLTIGE_STIMMZETTEL": 2643,
"AZ_JA_STIMMEN": 418
}
,
{
"GEMEINDE": "Langnau a.A.",
"BEZIRK": "Horgen",
"STIMMBETEILIGUNG": "   46.09",
"AZ_GÜLTIGE_STIMMZETTEL": 1981,
"AZ_JA_STIMMEN": 417
}
,
{
"GEMEINDE": "Oberrieden",
"BEZIRK": "Horgen",
"STIMMBETEILIGUNG": "   54.32",
"AZ_GÜLTIGE_STIMMZETTEL": 1723,
"AZ_JA_STIMMEN": 343
}
,
{
"GEMEINDE": "Richterswil",
"BEZIRK": "Horgen",
"STIMMBETEILIGUNG": "   42.88",
"AZ_GÜLTIGE_STIMMZETTEL": 2752,
"AZ_JA_STIMMEN": 616
}
,
{
"GEMEINDE": "Rüschlikon",
"BEZIRK": "Horgen",
"STIMMBETEILIGUNG": "   54.31",
"AZ_GÜLTIGE_STIMMZETTEL": 1764,
"AZ_JA_STIMMEN": 290
}
,
{
"GEMEINDE": "Schönenberg",
"BEZIRK": "Horgen",
"STIMMBETEILIGUNG": "   43.80",
"AZ_GÜLTIGE_STIMMZETTEL": 546,
"AZ_JA_STIMMEN": 91
}
,
{
"GEMEINDE": "Thalwil",
"BEZIRK": "Horgen",
"STIMMBETEILIGUNG": "   47.31",
"AZ_GÜLTIGE_STIMMZETTEL": 4794,
"AZ_JA_STIMMEN": 1209
}
,
{
"GEMEINDE": "Wädenswil",
"BEZIRK": "Horgen",
"STIMMBETEILIGUNG": "   46.56",
"AZ_GÜLTIGE_STIMMZETTEL": 5713,
"AZ_JA_STIMMEN": 1380
}
,
{
"GEMEINDE": "Erlenbach",
"BEZIRK": "Meilen",
"STIMMBETEILIGUNG": "   50.81",
"AZ_GÜLTIGE_STIMMZETTEL": 1540,
"AZ_JA_STIMMEN": 255
}
,
{
"GEMEINDE": "Herrliberg",
"BEZIRK": "Meilen",
"STIMMBETEILIGUNG": "   50.31",
"AZ_GÜLTIGE_STIMMZETTEL": 1749,
"AZ_JA_STIMMEN": 240
}
,
{
"GEMEINDE": "Hombrechtikon",
"BEZIRK": "Meilen",
"STIMMBETEILIGUNG": "   42.50",
"AZ_GÜLTIGE_STIMMZETTEL": 1939,
"AZ_JA_STIMMEN": 456
}
,
{
"GEMEINDE": "Küsnacht",
"BEZIRK": "Meilen",
"STIMMBETEILIGUNG": "   54.07",
"AZ_GÜLTIGE_STIMMZETTEL": 4689,
"AZ_JA_STIMMEN": 763
}
,
{
"GEMEINDE": "Männedorf",
"BEZIRK": "Meilen",
"STIMMBETEILIGUNG": "   48.51",
"AZ_GÜLTIGE_STIMMZETTEL": 2581,
"AZ_JA_STIMMEN": 589
}
,
{
"GEMEINDE": "Meilen",
"BEZIRK": "Meilen",
"STIMMBETEILIGUNG": "   52.70",
"AZ_GÜLTIGE_STIMMZETTEL": 3973,
"AZ_JA_STIMMEN": 721
}
,
{
"GEMEINDE": "Oetwil a.S.",
"BEZIRK": "Meilen",
"STIMMBETEILIGUNG": "   38.30",
"AZ_GÜLTIGE_STIMMZETTEL": 776,
"AZ_JA_STIMMEN": 172
}
,
{
"GEMEINDE": "Stäfa",
"BEZIRK": "Meilen",
"STIMMBETEILIGUNG": "   44.52",
"AZ_GÜLTIGE_STIMMZETTEL": 3247,
"AZ_JA_STIMMEN": 731
}
,
{
"GEMEINDE": "Uetikon a.S.",
"BEZIRK": "Meilen",
"STIMMBETEILIGUNG": "   48.54",
"AZ_GÜLTIGE_STIMMZETTEL": 1199,
"AZ_JA_STIMMEN": 250
}
,
{
"GEMEINDE": "Zollikon",
"BEZIRK": "Meilen",
"STIMMBETEILIGUNG": "   51.95",
"AZ_GÜLTIGE_STIMMZETTEL": 4317,
"AZ_JA_STIMMEN": 745
}
,
{
"GEMEINDE": "Zumikon",
"BEZIRK": "Meilen",
"STIMMBETEILIGUNG": "   57.85",
"AZ_GÜLTIGE_STIMMZETTEL": 1857,
"AZ_JA_STIMMEN": 252
}
,
{
"GEMEINDE": "Bauma",
"BEZIRK": "Pfäffikon",
"STIMMBETEILIGUNG": "   48.52",
"AZ_GÜLTIGE_STIMMZETTEL": 1368,
"AZ_JA_STIMMEN": 358
}
,
{
"GEMEINDE": "Fehraltorf",
"BEZIRK": "Pfäffikon",
"STIMMBETEILIGUNG": "   42.24",
"AZ_GÜLTIGE_STIMMZETTEL": 1195,
"AZ_JA_STIMMEN": 250
}
,
{
"GEMEINDE": "Hittnau",
"BEZIRK": "Pfäffikon",
"STIMMBETEILIGUNG": "   42.22",
"AZ_GÜLTIGE_STIMMZETTEL": 672,
"AZ_JA_STIMMEN": 175
}
,
{
"GEMEINDE": "Illnau-Effretikon",
"BEZIRK": "Pfäffikon",
"STIMMBETEILIGUNG": "   44.93",
"AZ_GÜLTIGE_STIMMZETTEL": 4322,
"AZ_JA_STIMMEN": 1109
}
,
{
"GEMEINDE": "Lindau",
"BEZIRK": "Pfäffikon",
"STIMMBETEILIGUNG": "   45.50",
"AZ_GÜLTIGE_STIMMZETTEL": 937,
"AZ_JA_STIMMEN": 198
}
,
{
"GEMEINDE": "Pfäffikon",
"BEZIRK": "Pfäffikon",
"STIMMBETEILIGUNG": "   41.88",
"AZ_GÜLTIGE_STIMMZETTEL": 2344,
"AZ_JA_STIMMEN": 532
}
,
{
"GEMEINDE": "Russikon",
"BEZIRK": "Pfäffikon",
"STIMMBETEILIGUNG": "   45.35",
"AZ_GÜLTIGE_STIMMZETTEL": 1092,
"AZ_JA_STIMMEN": 213
}
,
{
"GEMEINDE": "Weisslingen",
"BEZIRK": "Pfäffikon",
"STIMMBETEILIGUNG": "   46.22",
"AZ_GÜLTIGE_STIMMZETTEL": 835,
"AZ_JA_STIMMEN": 145
}
,
{
"GEMEINDE": "Wila",
"BEZIRK": "Pfäffikon",
"STIMMBETEILIGUNG": "   51.16",
"AZ_GÜLTIGE_STIMMZETTEL": 572,
"AZ_JA_STIMMEN": 156
}
,
{
"GEMEINDE": "Wildberg",
"BEZIRK": "Pfäffikon",
"STIMMBETEILIGUNG": "   59.15",
"AZ_GÜLTIGE_STIMMZETTEL": 347,
"AZ_JA_STIMMEN": 80
}
,
{
"GEMEINDE": "Dübendorf",
"BEZIRK": "Uster",
"STIMMBETEILIGUNG": "   41.64",
"AZ_GÜLTIGE_STIMMZETTEL": 5567,
"AZ_JA_STIMMEN": 1448
}
,
{
"GEMEINDE": "Egg",
"BEZIRK": "Uster",
"STIMMBETEILIGUNG": "   44.88",
"AZ_GÜLTIGE_STIMMZETTEL": 1999,
"AZ_JA_STIMMEN": 467
}
,
{
"GEMEINDE": "Fällanden",
"BEZIRK": "Uster",
"STIMMBETEILIGUNG": "   43.39",
"AZ_GÜLTIGE_STIMMZETTEL": 1925,
"AZ_JA_STIMMEN": 442
}
,
{
"GEMEINDE": "Greifensee",
"BEZIRK": "Uster",
"STIMMBETEILIGUNG": "   44.69",
"AZ_GÜLTIGE_STIMMZETTEL": 1482,
"AZ_JA_STIMMEN": 354
}
,
{
"GEMEINDE": "Maur",
"BEZIRK": "Uster",
"STIMMBETEILIGUNG": "   48.95",
"AZ_GÜLTIGE_STIMMZETTEL": 2503,
"AZ_JA_STIMMEN": 471
}
,
{
"GEMEINDE": "Mönchaltorf",
"BEZIRK": "Uster",
"STIMMBETEILIGUNG": "   45.51",
"AZ_GÜLTIGE_STIMMZETTEL": 1041,
"AZ_JA_STIMMEN": 253
}
,
{
"GEMEINDE": "Schwerzenbach",
"BEZIRK": "Uster",
"STIMMBETEILIGUNG": "   44.51",
"AZ_GÜLTIGE_STIMMZETTEL": 1089,
"AZ_JA_STIMMEN": 273
}
,
{
"GEMEINDE": "Uster",
"BEZIRK": "Uster",
"STIMMBETEILIGUNG": "   45.43",
"AZ_GÜLTIGE_STIMMZETTEL": 7150,
"AZ_JA_STIMMEN": 1928
}
,
{
"GEMEINDE": "Volketswil",
"BEZIRK": "Uster",
"STIMMBETEILIGUNG": "   37.58",
"AZ_GÜLTIGE_STIMMZETTEL": 2981,
"AZ_JA_STIMMEN": 690
}
,
{
"GEMEINDE": "Wangen-Brüttisellen",
"BEZIRK": "Uster",
"STIMMBETEILIGUNG": "   41.52",
"AZ_GÜLTIGE_STIMMZETTEL": 1157,
"AZ_JA_STIMMEN": 238
}
,
{
"GEMEINDE": "Altikon",
"BEZIRK": "Winterthur",
"STIMMBETEILIGUNG": "   53.13",
"AZ_GÜLTIGE_STIMMZETTEL": 224,
"AZ_JA_STIMMEN": 43
}
,
{
"GEMEINDE": "Brütten",
"BEZIRK": "Winterthur",
"STIMMBETEILIGUNG": "   54.94",
"AZ_GÜLTIGE_STIMMZETTEL": 609,
"AZ_JA_STIMMEN": 97
}
,
{
"GEMEINDE": "Dägerlen",
"BEZIRK": "Winterthur",
"STIMMBETEILIGUNG": "   55.24",
"AZ_GÜLTIGE_STIMMZETTEL": 286,
"AZ_JA_STIMMEN": 53
}
,
{
"GEMEINDE": "Dättlikon",
"BEZIRK": "Winterthur",
"STIMMBETEILIGUNG": "   56.99",
"AZ_GÜLTIGE_STIMMZETTEL": 209,
"AZ_JA_STIMMEN": 55
}
,
{
"GEMEINDE": "Dinhard",
"BEZIRK": "Winterthur",
"STIMMBETEILIGUNG": "   57.34",
"AZ_GÜLTIGE_STIMMZETTEL": 492,
"AZ_JA_STIMMEN": 102
}
,
{
"GEMEINDE": "Elgg",
"BEZIRK": "Winterthur",
"STIMMBETEILIGUNG": "   52.01",
"AZ_GÜLTIGE_STIMMZETTEL": 1168,
"AZ_JA_STIMMEN": 290
}
,
{
"GEMEINDE": "Ellikon a.d.Th.",
"BEZIRK": "Winterthur",
"STIMMBETEILIGUNG": "   47.60",
"AZ_GÜLTIGE_STIMMZETTEL": 218,
"AZ_JA_STIMMEN": 39
}
,
{
"GEMEINDE": "Elsau",
"BEZIRK": "Winterthur",
"STIMMBETEILIGUNG": "   47.08",
"AZ_GÜLTIGE_STIMMZETTEL": 871,
"AZ_JA_STIMMEN": 197
}
,
{
"GEMEINDE": "Hagenbuch",
"BEZIRK": "Winterthur",
"STIMMBETEILIGUNG": "   43.32",
"AZ_GÜLTIGE_STIMMZETTEL": 242,
"AZ_JA_STIMMEN": 54
}
,
{
"GEMEINDE": "Hettlingen",
"BEZIRK": "Winterthur",
"STIMMBETEILIGUNG": "   55.09",
"AZ_GÜLTIGE_STIMMZETTEL": 686,
"AZ_JA_STIMMEN": 122
}
,
{
"GEMEINDE": "Hofstetten",
"BEZIRK": "Winterthur",
"STIMMBETEILIGUNG": "   55.67",
"AZ_GÜLTIGE_STIMMZETTEL": 162,
"AZ_JA_STIMMEN": 33
}
,
{
"GEMEINDE": "Neftenbach",
"BEZIRK": "Winterthur",
"STIMMBETEILIGUNG": "   44.48",
"AZ_GÜLTIGE_STIMMZETTEL": 1272,
"AZ_JA_STIMMEN": 258
}
,
{
"GEMEINDE": "Pfungen",
"BEZIRK": "Winterthur",
"STIMMBETEILIGUNG": "   44.96",
"AZ_GÜLTIGE_STIMMZETTEL": 627,
"AZ_JA_STIMMEN": 142
}
,
{
"GEMEINDE": "Rickenbach",
"BEZIRK": "Winterthur",
"STIMMBETEILIGUNG": "   46.14",
"AZ_GÜLTIGE_STIMMZETTEL": 621,
"AZ_JA_STIMMEN": 114
}
,
{
"GEMEINDE": "Schlatt",
"BEZIRK": "Winterthur",
"STIMMBETEILIGUNG": "   62.67",
"AZ_GÜLTIGE_STIMMZETTEL": 263,
"AZ_JA_STIMMEN": 63
}
,
{
"GEMEINDE": "Seuzach",
"BEZIRK": "Winterthur",
"STIMMBETEILIGUNG": "   48.35",
"AZ_GÜLTIGE_STIMMZETTEL": 1921,
"AZ_JA_STIMMEN": 326
}
,
{
"GEMEINDE": "Turbenthal",
"BEZIRK": "Winterthur",
"STIMMBETEILIGUNG": "   43.72",
"AZ_GÜLTIGE_STIMMZETTEL": 1016,
"AZ_JA_STIMMEN": 245
}
,
{
"GEMEINDE": "Wiesendangen",
"BEZIRK": "Winterthur",
"STIMMBETEILIGUNG": "   53.87",
"AZ_GÜLTIGE_STIMMZETTEL": 1752,
"AZ_JA_STIMMEN": 320
}
,
{
"GEMEINDE": "Winterthur",
"BEZIRK": "Winterthur",
"STIMMBETEILIGUNG": "   48.04",
"AZ_GÜLTIGE_STIMMZETTEL": 26621,
"AZ_JA_STIMMEN": 8586
}
,
{
"GEMEINDE": "Zell",
"BEZIRK": "Winterthur",
"STIMMBETEILIGUNG": "   41.10",
"AZ_GÜLTIGE_STIMMZETTEL": 1075,
"AZ_JA_STIMMEN": 263
}
,
{
"GEMEINDE": "Zürich",
"BEZIRK": "Zürich",
"STIMMBETEILIGUNG": "   43.52",
"AZ_GÜLTIGE_STIMMZETTEL": 92553,
"AZ_JA_STIMMEN": 33156
}
]
