[
{
"GEMEINDE": "Aeugst a.A.",
"BEZIRK": "Affoltern",
"STIMMBETEILIGUNG": "   45.85",
"AZ_GÜLTIGE_STIMMZETTEL": 446,
"AZ_JA_STIMMEN": 219
}
,
{
"GEMEINDE": "Affoltern a.A.",
"BEZIRK": "Affoltern",
"STIMMBETEILIGUNG": "   44.46",
"AZ_GÜLTIGE_STIMMZETTEL": 2420,
"AZ_JA_STIMMEN": 1068
}
,
{
"GEMEINDE": "Bonstetten",
"BEZIRK": "Affoltern",
"STIMMBETEILIGUNG": "   46.09",
"AZ_GÜLTIGE_STIMMZETTEL": 1018,
"AZ_JA_STIMMEN": 508
}
,
{
"GEMEINDE": "Hausen a.A.",
"BEZIRK": "Affoltern",
"STIMMBETEILIGUNG": "   42.68",
"AZ_GÜLTIGE_STIMMZETTEL": 807,
"AZ_JA_STIMMEN": 403
}
,
{
"GEMEINDE": "Hedingen",
"BEZIRK": "Affoltern",
"STIMMBETEILIGUNG": "   44.60",
"AZ_GÜLTIGE_STIMMZETTEL": 741,
"AZ_JA_STIMMEN": 347
}
,
{
"GEMEINDE": "Kappel a.A.",
"BEZIRK": "Affoltern",
"STIMMBETEILIGUNG": "   46.34",
"AZ_GÜLTIGE_STIMMZETTEL": 261,
"AZ_JA_STIMMEN": 113
}
,
{
"GEMEINDE": "Knonau",
"BEZIRK": "Affoltern",
"STIMMBETEILIGUNG": "   57.43",
"AZ_GÜLTIGE_STIMMZETTEL": 442,
"AZ_JA_STIMMEN": 202
}
,
{
"GEMEINDE": "Maschwanden",
"BEZIRK": "Affoltern",
"STIMMBETEILIGUNG": "   52.79",
"AZ_GÜLTIGE_STIMMZETTEL": 196,
"AZ_JA_STIMMEN": 61
}
,
{
"GEMEINDE": "Mettmenstetten",
"BEZIRK": "Affoltern",
"STIMMBETEILIGUNG": "   44.83",
"AZ_GÜLTIGE_STIMMZETTEL": 952,
"AZ_JA_STIMMEN": 452
}
,
{
"GEMEINDE": "Obfelden",
"BEZIRK": "Affoltern",
"STIMMBETEILIGUNG": "   39.83",
"AZ_GÜLTIGE_STIMMZETTEL": 988,
"AZ_JA_STIMMEN": 491
}
,
{
"GEMEINDE": "Ottenbach",
"BEZIRK": "Affoltern",
"STIMMBETEILIGUNG": "   43.44",
"AZ_GÜLTIGE_STIMMZETTEL": 630,
"AZ_JA_STIMMEN": 341
}
,
{
"GEMEINDE": "Rifferswil",
"BEZIRK": "Affoltern",
"STIMMBETEILIGUNG": "   64.76",
"AZ_GÜLTIGE_STIMMZETTEL": 294,
"AZ_JA_STIMMEN": 137
}
,
{
"GEMEINDE": "Stallikon",
"BEZIRK": "Affoltern",
"STIMMBETEILIGUNG": "   43.24",
"AZ_GÜLTIGE_STIMMZETTEL": 722,
"AZ_JA_STIMMEN": 419
}
,
{
"GEMEINDE": "Wettswil a.A.",
"BEZIRK": "Affoltern",
"STIMMBETEILIGUNG": "   52.84",
"AZ_GÜLTIGE_STIMMZETTEL": 1300,
"AZ_JA_STIMMEN": 692
}
,
{
"GEMEINDE": "Adlikon",
"BEZIRK": "Andelfingen",
"STIMMBETEILIGUNG": "   68.04",
"AZ_GÜLTIGE_STIMMZETTEL": 252,
"AZ_JA_STIMMEN": 81
}
,
{
"GEMEINDE": "Andelfingen",
"BEZIRK": "Andelfingen",
"STIMMBETEILIGUNG": "   58.61",
"AZ_GÜLTIGE_STIMMZETTEL": 623,
"AZ_JA_STIMMEN": 339
}
,
{
"GEMEINDE": "Benken",
"BEZIRK": "Andelfingen",
"STIMMBETEILIGUNG": "   54.74",
"AZ_GÜLTIGE_STIMMZETTEL": 251,
"AZ_JA_STIMMEN": 96
}
,
{
"GEMEINDE": "Berg a.I.",
"BEZIRK": "Andelfingen",
"STIMMBETEILIGUNG": "   63.33",
"AZ_GÜLTIGE_STIMMZETTEL": 220,
"AZ_JA_STIMMEN": 84
}
,
{
"GEMEINDE": "Buch a.I.",
"BEZIRK": "Andelfingen",
"STIMMBETEILIGUNG": "   50.64",
"AZ_GÜLTIGE_STIMMZETTEL": 229,
"AZ_JA_STIMMEN": 95
}
,
{
"GEMEINDE": "Dachsen",
"BEZIRK": "Andelfingen",
"STIMMBETEILIGUNG": "   49.83",
"AZ_GÜLTIGE_STIMMZETTEL": 437,
"AZ_JA_STIMMEN": 226
}
,
{
"GEMEINDE": "Dorf",
"BEZIRK": "Andelfingen",
"STIMMBETEILIGUNG": "   55.52",
"AZ_GÜLTIGE_STIMMZETTEL": 190,
"AZ_JA_STIMMEN": 77
}
,
{
"GEMEINDE": "Feuerthalen",
"BEZIRK": "Andelfingen",
"STIMMBETEILIGUNG": "   42.12",
"AZ_GÜLTIGE_STIMMZETTEL": 791,
"AZ_JA_STIMMEN": 300
}
,
{
"GEMEINDE": "Flaach",
"BEZIRK": "Andelfingen",
"STIMMBETEILIGUNG": "   48.01",
"AZ_GÜLTIGE_STIMMZETTEL": 335,
"AZ_JA_STIMMEN": 118
}
,
{
"GEMEINDE": "Flurlingen",
"BEZIRK": "Andelfingen",
"STIMMBETEILIGUNG": "   50.93",
"AZ_GÜLTIGE_STIMMZETTEL": 427,
"AZ_JA_STIMMEN": 249
}
,
{
"GEMEINDE": "Henggart",
"BEZIRK": "Andelfingen",
"STIMMBETEILIGUNG": "   54.44",
"AZ_GÜLTIGE_STIMMZETTEL": 530,
"AZ_JA_STIMMEN": 235
}
,
{
"GEMEINDE": "Humlikon",
"BEZIRK": "Andelfingen",
"STIMMBETEILIGUNG": "   62.88",
"AZ_GÜLTIGE_STIMMZETTEL": 163,
"AZ_JA_STIMMEN": 58
}
,
{
"GEMEINDE": "Kleinandelfingen",
"BEZIRK": "Andelfingen",
"STIMMBETEILIGUNG": "   48.61",
"AZ_GÜLTIGE_STIMMZETTEL": 528,
"AZ_JA_STIMMEN": 219
}
,
{
"GEMEINDE": "Laufen-Uhwiesen",
"BEZIRK": "Andelfingen",
"STIMMBETEILIGUNG": "   47.50",
"AZ_GÜLTIGE_STIMMZETTEL": 474,
"AZ_JA_STIMMEN": 226
}
,
{
"GEMEINDE": "Marthalen",
"BEZIRK": "Andelfingen",
"STIMMBETEILIGUNG": "   46.62",
"AZ_GÜLTIGE_STIMMZETTEL": 551,
"AZ_JA_STIMMEN": 213
}
,
{
"GEMEINDE": "Oberstammheim",
"BEZIRK": "Andelfingen",
"STIMMBETEILIGUNG": "   60.97",
"AZ_GÜLTIGE_STIMMZETTEL": 429,
"AZ_JA_STIMMEN": 174
}
,
{
"GEMEINDE": "Ossingen",
"BEZIRK": "Andelfingen",
"STIMMBETEILIGUNG": "   53.29",
"AZ_GÜLTIGE_STIMMZETTEL": 428,
"AZ_JA_STIMMEN": 170
}
,
{
"GEMEINDE": "Rheinau",
"BEZIRK": "Andelfingen",
"STIMMBETEILIGUNG": "   51.56",
"AZ_GÜLTIGE_STIMMZETTEL": 386,
"AZ_JA_STIMMEN": 177
}
,
{
"GEMEINDE": "Thalheim a.d.Th.",
"BEZIRK": "Andelfingen",
"STIMMBETEILIGUNG": "   46.76",
"AZ_GÜLTIGE_STIMMZETTEL": 190,
"AZ_JA_STIMMEN": 69
}
,
{
"GEMEINDE": "Trüllikon",
"BEZIRK": "Andelfingen",
"STIMMBETEILIGUNG": "   45.53",
"AZ_GÜLTIGE_STIMMZETTEL": 317,
"AZ_JA_STIMMEN": 120
}
,
{
"GEMEINDE": "Truttikon",
"BEZIRK": "Andelfingen",
"STIMMBETEILIGUNG": "   61.57",
"AZ_GÜLTIGE_STIMMZETTEL": 170,
"AZ_JA_STIMMEN": 52
}
,
{
"GEMEINDE": "Unterstammheim",
"BEZIRK": "Andelfingen",
"STIMMBETEILIGUNG": "   43.02",
"AZ_GÜLTIGE_STIMMZETTEL": 252,
"AZ_JA_STIMMEN": 125
}
,
{
"GEMEINDE": "Volken",
"BEZIRK": "Andelfingen",
"STIMMBETEILIGUNG": "   62.23",
"AZ_GÜLTIGE_STIMMZETTEL": 115,
"AZ_JA_STIMMEN": 37
}
,
{
"GEMEINDE": "Waltalingen",
"BEZIRK": "Andelfingen",
"STIMMBETEILIGUNG": "   51.52",
"AZ_GÜLTIGE_STIMMZETTEL": 189,
"AZ_JA_STIMMEN": 73
}
,
{
"GEMEINDE": "Bachenbülach",
"BEZIRK": "Bülach",
"STIMMBETEILIGUNG": "   43.86",
"AZ_GÜLTIGE_STIMMZETTEL": 735,
"AZ_JA_STIMMEN": 318
}
,
{
"GEMEINDE": "Bassersdorf",
"BEZIRK": "Bülach",
"STIMMBETEILIGUNG": "   45.33",
"AZ_GÜLTIGE_STIMMZETTEL": 1930,
"AZ_JA_STIMMEN": 870
}
,
{
"GEMEINDE": "Bülach",
"BEZIRK": "Bülach",
"STIMMBETEILIGUNG": "   45.77",
"AZ_GÜLTIGE_STIMMZETTEL": 3905,
"AZ_JA_STIMMEN": 1510
}
,
{
"GEMEINDE": "Dietlikon",
"BEZIRK": "Bülach",
"STIMMBETEILIGUNG": "   42.87",
"AZ_GÜLTIGE_STIMMZETTEL": 1618,
"AZ_JA_STIMMEN": 848
}
,
{
"GEMEINDE": "Eglisau",
"BEZIRK": "Bülach",
"STIMMBETEILIGUNG": "   52.20",
"AZ_GÜLTIGE_STIMMZETTEL": 946,
"AZ_JA_STIMMEN": 360
}
,
{
"GEMEINDE": "Embrach",
"BEZIRK": "Bülach",
"STIMMBETEILIGUNG": "   41.10",
"AZ_GÜLTIGE_STIMMZETTEL": 1784,
"AZ_JA_STIMMEN": 730
}
,
{
"GEMEINDE": "Freienstein-Teufen",
"BEZIRK": "Bülach",
"STIMMBETEILIGUNG": "   47.85",
"AZ_GÜLTIGE_STIMMZETTEL": 613,
"AZ_JA_STIMMEN": 240
}
,
{
"GEMEINDE": "Glattfelden",
"BEZIRK": "Bülach",
"STIMMBETEILIGUNG": "   47.46",
"AZ_GÜLTIGE_STIMMZETTEL": 961,
"AZ_JA_STIMMEN": 340
}
,
{
"GEMEINDE": "Hochfelden",
"BEZIRK": "Bülach",
"STIMMBETEILIGUNG": "   47.06",
"AZ_GÜLTIGE_STIMMZETTEL": 390,
"AZ_JA_STIMMEN": 110
}
,
{
"GEMEINDE": "Höri",
"BEZIRK": "Bülach",
"STIMMBETEILIGUNG": "   36.39",
"AZ_GÜLTIGE_STIMMZETTEL": 373,
"AZ_JA_STIMMEN": 128
}
,
{
"GEMEINDE": "Hüntwangen",
"BEZIRK": "Bülach",
"STIMMBETEILIGUNG": "   47.57",
"AZ_GÜLTIGE_STIMMZETTEL": 250,
"AZ_JA_STIMMEN": 94
}
,
{
"GEMEINDE": "Kloten",
"BEZIRK": "Bülach",
"STIMMBETEILIGUNG": "   46.38",
"AZ_GÜLTIGE_STIMMZETTEL": 4591,
"AZ_JA_STIMMEN": 1984
}
,
{
"GEMEINDE": "Lufingen",
"BEZIRK": "Bülach",
"STIMMBETEILIGUNG": "   49.80",
"AZ_GÜLTIGE_STIMMZETTEL": 374,
"AZ_JA_STIMMEN": 164
}
,
{
"GEMEINDE": "Nürensdorf",
"BEZIRK": "Bülach",
"STIMMBETEILIGUNG": "   50.98",
"AZ_GÜLTIGE_STIMMZETTEL": 1445,
"AZ_JA_STIMMEN": 693
}
,
{
"GEMEINDE": "Oberembrach",
"BEZIRK": "Bülach",
"STIMMBETEILIGUNG": "   50.65",
"AZ_GÜLTIGE_STIMMZETTEL": 346,
"AZ_JA_STIMMEN": 137
}
,
{
"GEMEINDE": "Opfikon",
"BEZIRK": "Bülach",
"STIMMBETEILIGUNG": "   44.09",
"AZ_GÜLTIGE_STIMMZETTEL": 3019,
"AZ_JA_STIMMEN": 1470
}
,
{
"GEMEINDE": "Rafz",
"BEZIRK": "Bülach",
"STIMMBETEILIGUNG": "   44.70",
"AZ_GÜLTIGE_STIMMZETTEL": 823,
"AZ_JA_STIMMEN": 288
}
,
{
"GEMEINDE": "Rorbas",
"BEZIRK": "Bülach",
"STIMMBETEILIGUNG": "   39.88",
"AZ_GÜLTIGE_STIMMZETTEL": 531,
"AZ_JA_STIMMEN": 206
}
,
{
"GEMEINDE": "Wallisellen",
"BEZIRK": "Bülach",
"STIMMBETEILIGUNG": "   46.25",
"AZ_GÜLTIGE_STIMMZETTEL": 3487,
"AZ_JA_STIMMEN": 1846
}
,
{
"GEMEINDE": "Wasterkingen",
"BEZIRK": "Bülach",
"STIMMBETEILIGUNG": "   46.68",
"AZ_GÜLTIGE_STIMMZETTEL": 168,
"AZ_JA_STIMMEN": 76
}
,
{
"GEMEINDE": "Wil",
"BEZIRK": "Bülach",
"STIMMBETEILIGUNG": "   40.36",
"AZ_GÜLTIGE_STIMMZETTEL": 344,
"AZ_JA_STIMMEN": 133
}
,
{
"GEMEINDE": "Winkel",
"BEZIRK": "Bülach",
"STIMMBETEILIGUNG": "   52.72",
"AZ_GÜLTIGE_STIMMZETTEL": 932,
"AZ_JA_STIMMEN": 447
}
,
{
"GEMEINDE": "Bachs",
"BEZIRK": "Dielsdorf",
"STIMMBETEILIGUNG": "   44.85",
"AZ_GÜLTIGE_STIMMZETTEL": 178,
"AZ_JA_STIMMEN": 58
}
,
{
"GEMEINDE": "Boppelsen",
"BEZIRK": "Dielsdorf",
"STIMMBETEILIGUNG": "   49.50",
"AZ_GÜLTIGE_STIMMZETTEL": 295,
"AZ_JA_STIMMEN": 144
}
,
{
"GEMEINDE": "Buchs",
"BEZIRK": "Dielsdorf",
"STIMMBETEILIGUNG": "   34.46",
"AZ_GÜLTIGE_STIMMZETTEL": 855,
"AZ_JA_STIMMEN": 372
}
,
{
"GEMEINDE": "Dällikon",
"BEZIRK": "Dielsdorf",
"STIMMBETEILIGUNG": "   38.87",
"AZ_GÜLTIGE_STIMMZETTEL": 677,
"AZ_JA_STIMMEN": 291
}
,
{
"GEMEINDE": "Dänikon",
"BEZIRK": "Dielsdorf",
"STIMMBETEILIGUNG": "   38.29",
"AZ_GÜLTIGE_STIMMZETTEL": 327,
"AZ_JA_STIMMEN": 146
}
,
{
"GEMEINDE": "Dielsdorf",
"BEZIRK": "Dielsdorf",
"STIMMBETEILIGUNG": "   38.35",
"AZ_GÜLTIGE_STIMMZETTEL": 981,
"AZ_JA_STIMMEN": 421
}
,
{
"GEMEINDE": "Hüttikon",
"BEZIRK": "Dielsdorf",
"STIMMBETEILIGUNG": "   42.41",
"AZ_GÜLTIGE_STIMMZETTEL": 129,
"AZ_JA_STIMMEN": 50
}
,
{
"GEMEINDE": "Neerach",
"BEZIRK": "Dielsdorf",
"STIMMBETEILIGUNG": "   44.38",
"AZ_GÜLTIGE_STIMMZETTEL": 606,
"AZ_JA_STIMMEN": 261
}
,
{
"GEMEINDE": "Niederglatt",
"BEZIRK": "Dielsdorf",
"STIMMBETEILIGUNG": "   41.73",
"AZ_GÜLTIGE_STIMMZETTEL": 926,
"AZ_JA_STIMMEN": 382
}
,
{
"GEMEINDE": "Niederhasli",
"BEZIRK": "Dielsdorf",
"STIMMBETEILIGUNG": "   41.40",
"AZ_GÜLTIGE_STIMMZETTEL": 1564,
"AZ_JA_STIMMEN": 630
}
,
{
"GEMEINDE": "Niederweningen",
"BEZIRK": "Dielsdorf",
"STIMMBETEILIGUNG": "   43.92",
"AZ_GÜLTIGE_STIMMZETTEL": 486,
"AZ_JA_STIMMEN": 195
}
,
{
"GEMEINDE": "Oberglatt",
"BEZIRK": "Dielsdorf",
"STIMMBETEILIGUNG": "   40.63",
"AZ_GÜLTIGE_STIMMZETTEL": 1095,
"AZ_JA_STIMMEN": 407
}
,
{
"GEMEINDE": "Oberweningen",
"BEZIRK": "Dielsdorf",
"STIMMBETEILIGUNG": "   42.33",
"AZ_GÜLTIGE_STIMMZETTEL": 338,
"AZ_JA_STIMMEN": 152
}
,
{
"GEMEINDE": "Otelfingen",
"BEZIRK": "Dielsdorf",
"STIMMBETEILIGUNG": "   42.36",
"AZ_GÜLTIGE_STIMMZETTEL": 445,
"AZ_JA_STIMMEN": 191
}
,
{
"GEMEINDE": "Regensberg",
"BEZIRK": "Dielsdorf",
"STIMMBETEILIGUNG": "   49.87",
"AZ_GÜLTIGE_STIMMZETTEL": 183,
"AZ_JA_STIMMEN": 89
}
,
{
"GEMEINDE": "Regensdorf",
"BEZIRK": "Dielsdorf",
"STIMMBETEILIGUNG": "   39.21",
"AZ_GÜLTIGE_STIMMZETTEL": 3135,
"AZ_JA_STIMMEN": 1293
}
,
{
"GEMEINDE": "Rümlang",
"BEZIRK": "Dielsdorf",
"STIMMBETEILIGUNG": "   46.31",
"AZ_GÜLTIGE_STIMMZETTEL": 1557,
"AZ_JA_STIMMEN": 511
}
,
{
"GEMEINDE": "Schleinikon",
"BEZIRK": "Dielsdorf",
"STIMMBETEILIGUNG": "   45.79",
"AZ_GÜLTIGE_STIMMZETTEL": 186,
"AZ_JA_STIMMEN": 67
}
,
{
"GEMEINDE": "Schöfflisdorf",
"BEZIRK": "Dielsdorf",
"STIMMBETEILIGUNG": "   47.52",
"AZ_GÜLTIGE_STIMMZETTEL": 348,
"AZ_JA_STIMMEN": 138
}
,
{
"GEMEINDE": "Stadel",
"BEZIRK": "Dielsdorf",
"STIMMBETEILIGUNG": "   45.67",
"AZ_GÜLTIGE_STIMMZETTEL": 502,
"AZ_JA_STIMMEN": 168
}
,
{
"GEMEINDE": "Steinmaur",
"BEZIRK": "Dielsdorf",
"STIMMBETEILIGUNG": "   42.23",
"AZ_GÜLTIGE_STIMMZETTEL": 762,
"AZ_JA_STIMMEN": 333
}
,
{
"GEMEINDE": "Weiach",
"BEZIRK": "Dielsdorf",
"STIMMBETEILIGUNG": "   46.87",
"AZ_GÜLTIGE_STIMMZETTEL": 272,
"AZ_JA_STIMMEN": 85
}
,
{
"GEMEINDE": "Aesch",
"BEZIRK": "Dietikon",
"STIMMBETEILIGUNG": "   53.26",
"AZ_GÜLTIGE_STIMMZETTEL": 391,
"AZ_JA_STIMMEN": 189
}
,
{
"GEMEINDE": "Birmensdorf",
"BEZIRK": "Dietikon",
"STIMMBETEILIGUNG": "   43.30",
"AZ_GÜLTIGE_STIMMZETTEL": 1442,
"AZ_JA_STIMMEN": 727
}
,
{
"GEMEINDE": "Dietikon",
"BEZIRK": "Dietikon",
"STIMMBETEILIGUNG": "   39.10",
"AZ_GÜLTIGE_STIMMZETTEL": 4535,
"AZ_JA_STIMMEN": 1848
}
,
{
"GEMEINDE": "Geroldswil",
"BEZIRK": "Dietikon",
"STIMMBETEILIGUNG": "   40.06",
"AZ_GÜLTIGE_STIMMZETTEL": 1204,
"AZ_JA_STIMMEN": 603
}
,
{
"GEMEINDE": "Oberengstringen",
"BEZIRK": "Dietikon",
"STIMMBETEILIGUNG": "   42.54",
"AZ_GÜLTIGE_STIMMZETTEL": 1631,
"AZ_JA_STIMMEN": 759
}
,
{
"GEMEINDE": "Oetwil a.d.L",
"BEZIRK": "Dietikon",
"STIMMBETEILIGUNG": "   40.83",
"AZ_GÜLTIGE_STIMMZETTEL": 638,
"AZ_JA_STIMMEN": 335
}
,
{
"GEMEINDE": "Schlieren",
"BEZIRK": "Dietikon",
"STIMMBETEILIGUNG": "   40.82",
"AZ_GÜLTIGE_STIMMZETTEL": 2907,
"AZ_JA_STIMMEN": 1223
}
,
{
"GEMEINDE": "Uitikon",
"BEZIRK": "Dietikon",
"STIMMBETEILIGUNG": "   54.36",
"AZ_GÜLTIGE_STIMMZETTEL": 1244,
"AZ_JA_STIMMEN": 751
}
,
{
"GEMEINDE": "Unterengstringen",
"BEZIRK": "Dietikon",
"STIMMBETEILIGUNG": "   44.82",
"AZ_GÜLTIGE_STIMMZETTEL": 840,
"AZ_JA_STIMMEN": 413
}
,
{
"GEMEINDE": "Urdorf",
"BEZIRK": "Dietikon",
"STIMMBETEILIGUNG": "   42.94",
"AZ_GÜLTIGE_STIMMZETTEL": 2366,
"AZ_JA_STIMMEN": 1034
}
,
{
"GEMEINDE": "Weiningen",
"BEZIRK": "Dietikon",
"STIMMBETEILIGUNG": "   38.90",
"AZ_GÜLTIGE_STIMMZETTEL": 893,
"AZ_JA_STIMMEN": 458
}
,
{
"GEMEINDE": "Bäretswil",
"BEZIRK": "Hinwil",
"STIMMBETEILIGUNG": "   43.75",
"AZ_GÜLTIGE_STIMMZETTEL": 1162,
"AZ_JA_STIMMEN": 450
}
,
{
"GEMEINDE": "Bubikon",
"BEZIRK": "Hinwil",
"STIMMBETEILIGUNG": "   40.14",
"AZ_GÜLTIGE_STIMMZETTEL": 1269,
"AZ_JA_STIMMEN": 526
}
,
{
"GEMEINDE": "Dürnten",
"BEZIRK": "Hinwil",
"STIMMBETEILIGUNG": "   40.69",
"AZ_GÜLTIGE_STIMMZETTEL": 1545,
"AZ_JA_STIMMEN": 656
}
,
{
"GEMEINDE": "Fischenthal",
"BEZIRK": "Hinwil",
"STIMMBETEILIGUNG": "   48.02",
"AZ_GÜLTIGE_STIMMZETTEL": 583,
"AZ_JA_STIMMEN": 193
}
,
{
"GEMEINDE": "Gossau",
"BEZIRK": "Hinwil",
"STIMMBETEILIGUNG": "   43.50",
"AZ_GÜLTIGE_STIMMZETTEL": 2217,
"AZ_JA_STIMMEN": 1010
}
,
{
"GEMEINDE": "Grüningen",
"BEZIRK": "Hinwil",
"STIMMBETEILIGUNG": "   42.70",
"AZ_GÜLTIGE_STIMMZETTEL": 740,
"AZ_JA_STIMMEN": 311
}
,
{
"GEMEINDE": "Hinwil",
"BEZIRK": "Hinwil",
"STIMMBETEILIGUNG": "   42.01",
"AZ_GÜLTIGE_STIMMZETTEL": 2415,
"AZ_JA_STIMMEN": 949
}
,
{
"GEMEINDE": "Rüti",
"BEZIRK": "Hinwil",
"STIMMBETEILIGUNG": "   41.72",
"AZ_GÜLTIGE_STIMMZETTEL": 2727,
"AZ_JA_STIMMEN": 1012
}
,
{
"GEMEINDE": "Seegräben",
"BEZIRK": "Hinwil",
"STIMMBETEILIGUNG": "   59.45",
"AZ_GÜLTIGE_STIMMZETTEL": 433,
"AZ_JA_STIMMEN": 186
}
,
{
"GEMEINDE": "Wald",
"BEZIRK": "Hinwil",
"STIMMBETEILIGUNG": "   39.91",
"AZ_GÜLTIGE_STIMMZETTEL": 1928,
"AZ_JA_STIMMEN": 716
}
,
{
"GEMEINDE": "Wetzikon",
"BEZIRK": "Hinwil",
"STIMMBETEILIGUNG": "   42.79",
"AZ_GÜLTIGE_STIMMZETTEL": 4465,
"AZ_JA_STIMMEN": 1827
}
,
{
"GEMEINDE": "Adliswil",
"BEZIRK": "Horgen",
"STIMMBETEILIGUNG": "   42.79",
"AZ_GÜLTIGE_STIMMZETTEL": 4340,
"AZ_JA_STIMMEN": 1968
}
,
{
"GEMEINDE": "Hirzel",
"BEZIRK": "Horgen",
"STIMMBETEILIGUNG": "   39.73",
"AZ_GÜLTIGE_STIMMZETTEL": 495,
"AZ_JA_STIMMEN": 239
}
,
{
"GEMEINDE": "Horgen",
"BEZIRK": "Horgen",
"STIMMBETEILIGUNG": "   45.75",
"AZ_GÜLTIGE_STIMMZETTEL": 4636,
"AZ_JA_STIMMEN": 2063
}
,
{
"GEMEINDE": "Hütten",
"BEZIRK": "Horgen",
"STIMMBETEILIGUNG": "   36.51",
"AZ_GÜLTIGE_STIMMZETTEL": 201,
"AZ_JA_STIMMEN": 71
}
,
{
"GEMEINDE": "Kilchberg",
"BEZIRK": "Horgen",
"STIMMBETEILIGUNG": "   53.33",
"AZ_GÜLTIGE_STIMMZETTEL": 2654,
"AZ_JA_STIMMEN": 1461
}
,
{
"GEMEINDE": "Langnau a.A.",
"BEZIRK": "Horgen",
"STIMMBETEILIGUNG": "   46.19",
"AZ_GÜLTIGE_STIMMZETTEL": 1982,
"AZ_JA_STIMMEN": 979
}
,
{
"GEMEINDE": "Oberrieden",
"BEZIRK": "Horgen",
"STIMMBETEILIGUNG": "   54.35",
"AZ_GÜLTIGE_STIMMZETTEL": 1704,
"AZ_JA_STIMMEN": 862
}
,
{
"GEMEINDE": "Richterswil",
"BEZIRK": "Horgen",
"STIMMBETEILIGUNG": "   43.18",
"AZ_GÜLTIGE_STIMMZETTEL": 2728,
"AZ_JA_STIMMEN": 1366
}
,
{
"GEMEINDE": "Rüschlikon",
"BEZIRK": "Horgen",
"STIMMBETEILIGUNG": "   54.67",
"AZ_GÜLTIGE_STIMMZETTEL": 1770,
"AZ_JA_STIMMEN": 977
}
,
{
"GEMEINDE": "Schönenberg",
"BEZIRK": "Horgen",
"STIMMBETEILIGUNG": "   43.49",
"AZ_GÜLTIGE_STIMMZETTEL": 532,
"AZ_JA_STIMMEN": 241
}
,
{
"GEMEINDE": "Thalwil",
"BEZIRK": "Horgen",
"STIMMBETEILIGUNG": "   47.11",
"AZ_GÜLTIGE_STIMMZETTEL": 4722,
"AZ_JA_STIMMEN": 2293
}
,
{
"GEMEINDE": "Wädenswil",
"BEZIRK": "Horgen",
"STIMMBETEILIGUNG": "   46.32",
"AZ_GÜLTIGE_STIMMZETTEL": 5643,
"AZ_JA_STIMMEN": 2725
}
,
{
"GEMEINDE": "Erlenbach",
"BEZIRK": "Meilen",
"STIMMBETEILIGUNG": "   50.62",
"AZ_GÜLTIGE_STIMMZETTEL": 1515,
"AZ_JA_STIMMEN": 848
}
,
{
"GEMEINDE": "Herrliberg",
"BEZIRK": "Meilen",
"STIMMBETEILIGUNG": "   50.45",
"AZ_GÜLTIGE_STIMMZETTEL": 1742,
"AZ_JA_STIMMEN": 952
}
,
{
"GEMEINDE": "Hombrechtikon",
"BEZIRK": "Meilen",
"STIMMBETEILIGUNG": "   42.22",
"AZ_GÜLTIGE_STIMMZETTEL": 1902,
"AZ_JA_STIMMEN": 831
}
,
{
"GEMEINDE": "Küsnacht",
"BEZIRK": "Meilen",
"STIMMBETEILIGUNG": "   53.89",
"AZ_GÜLTIGE_STIMMZETTEL": 4646,
"AZ_JA_STIMMEN": 2435
}
,
{
"GEMEINDE": "Männedorf",
"BEZIRK": "Meilen",
"STIMMBETEILIGUNG": "   48.49",
"AZ_GÜLTIGE_STIMMZETTEL": 2601,
"AZ_JA_STIMMEN": 1258
}
,
{
"GEMEINDE": "Meilen",
"BEZIRK": "Meilen",
"STIMMBETEILIGUNG": "   52.16",
"AZ_GÜLTIGE_STIMMZETTEL": 3893,
"AZ_JA_STIMMEN": 1906
}
,
{
"GEMEINDE": "Oetwil a.S.",
"BEZIRK": "Meilen",
"STIMMBETEILIGUNG": "   38.16",
"AZ_GÜLTIGE_STIMMZETTEL": 760,
"AZ_JA_STIMMEN": 325
}
,
{
"GEMEINDE": "Stäfa",
"BEZIRK": "Meilen",
"STIMMBETEILIGUNG": "   46.67",
"AZ_GÜLTIGE_STIMMZETTEL": 3387,
"AZ_JA_STIMMEN": 1646
}
,
{
"GEMEINDE": "Uetikon a.S.",
"BEZIRK": "Meilen",
"STIMMBETEILIGUNG": "   48.30",
"AZ_GÜLTIGE_STIMMZETTEL": 1196,
"AZ_JA_STIMMEN": 577
}
,
{
"GEMEINDE": "Zollikon",
"BEZIRK": "Meilen",
"STIMMBETEILIGUNG": "   51.99",
"AZ_GÜLTIGE_STIMMZETTEL": 4284,
"AZ_JA_STIMMEN": 2503
}
,
{
"GEMEINDE": "Zumikon",
"BEZIRK": "Meilen",
"STIMMBETEILIGUNG": "   57.63",
"AZ_GÜLTIGE_STIMMZETTEL": 1840,
"AZ_JA_STIMMEN": 1129
}
,
{
"GEMEINDE": "Bauma",
"BEZIRK": "Pfäffikon",
"STIMMBETEILIGUNG": "   48.49",
"AZ_GÜLTIGE_STIMMZETTEL": 1377,
"AZ_JA_STIMMEN": 460
}
,
{
"GEMEINDE": "Fehraltorf",
"BEZIRK": "Pfäffikon",
"STIMMBETEILIGUNG": "   42.24",
"AZ_GÜLTIGE_STIMMZETTEL": 1201,
"AZ_JA_STIMMEN": 615
}
,
{
"GEMEINDE": "Hittnau",
"BEZIRK": "Pfäffikon",
"STIMMBETEILIGUNG": "   42.34",
"AZ_GÜLTIGE_STIMMZETTEL": 669,
"AZ_JA_STIMMEN": 284
}
,
{
"GEMEINDE": "Illnau-Effretikon",
"BEZIRK": "Pfäffikon",
"STIMMBETEILIGUNG": "   45.10",
"AZ_GÜLTIGE_STIMMZETTEL": 4330,
"AZ_JA_STIMMEN": 1940
}
,
{
"GEMEINDE": "Lindau",
"BEZIRK": "Pfäffikon",
"STIMMBETEILIGUNG": "   45.74",
"AZ_GÜLTIGE_STIMMZETTEL": 942,
"AZ_JA_STIMMEN": 404
}
,
{
"GEMEINDE": "Pfäffikon",
"BEZIRK": "Pfäffikon",
"STIMMBETEILIGUNG": "   41.83",
"AZ_GÜLTIGE_STIMMZETTEL": 2358,
"AZ_JA_STIMMEN": 1086
}
,
{
"GEMEINDE": "Russikon",
"BEZIRK": "Pfäffikon",
"STIMMBETEILIGUNG": "   45.63",
"AZ_GÜLTIGE_STIMMZETTEL": 1088,
"AZ_JA_STIMMEN": 492
}
,
{
"GEMEINDE": "Weisslingen",
"BEZIRK": "Pfäffikon",
"STIMMBETEILIGUNG": "   46.05",
"AZ_GÜLTIGE_STIMMZETTEL": 829,
"AZ_JA_STIMMEN": 382
}
,
{
"GEMEINDE": "Wila",
"BEZIRK": "Pfäffikon",
"STIMMBETEILIGUNG": "   51.24",
"AZ_GÜLTIGE_STIMMZETTEL": 577,
"AZ_JA_STIMMEN": 196
}
,
{
"GEMEINDE": "Wildberg",
"BEZIRK": "Pfäffikon",
"STIMMBETEILIGUNG": "   59.80",
"AZ_GÜLTIGE_STIMMZETTEL": 355,
"AZ_JA_STIMMEN": 155
}
,
{
"GEMEINDE": "Dübendorf",
"BEZIRK": "Uster",
"STIMMBETEILIGUNG": "   41.62",
"AZ_GÜLTIGE_STIMMZETTEL": 5572,
"AZ_JA_STIMMEN": 2358
}
,
{
"GEMEINDE": "Egg",
"BEZIRK": "Uster",
"STIMMBETEILIGUNG": "   44.86",
"AZ_GÜLTIGE_STIMMZETTEL": 1974,
"AZ_JA_STIMMEN": 1013
}
,
{
"GEMEINDE": "Fällanden",
"BEZIRK": "Uster",
"STIMMBETEILIGUNG": "   43.28",
"AZ_GÜLTIGE_STIMMZETTEL": 1901,
"AZ_JA_STIMMEN": 1031
}
,
{
"GEMEINDE": "Greifensee",
"BEZIRK": "Uster",
"STIMMBETEILIGUNG": "   44.89",
"AZ_GÜLTIGE_STIMMZETTEL": 1480,
"AZ_JA_STIMMEN": 789
}
,
{
"GEMEINDE": "Maur",
"BEZIRK": "Uster",
"STIMMBETEILIGUNG": "   48.89",
"AZ_GÜLTIGE_STIMMZETTEL": 2483,
"AZ_JA_STIMMEN": 1316
}
,
{
"GEMEINDE": "Mönchaltorf",
"BEZIRK": "Uster",
"STIMMBETEILIGUNG": "   45.64",
"AZ_GÜLTIGE_STIMMZETTEL": 1041,
"AZ_JA_STIMMEN": 510
}
,
{
"GEMEINDE": "Schwerzenbach",
"BEZIRK": "Uster",
"STIMMBETEILIGUNG": "   44.11",
"AZ_GÜLTIGE_STIMMZETTEL": 1079,
"AZ_JA_STIMMEN": 552
}
,
{
"GEMEINDE": "Uster",
"BEZIRK": "Uster",
"STIMMBETEILIGUNG": "   45.32",
"AZ_GÜLTIGE_STIMMZETTEL": 7100,
"AZ_JA_STIMMEN": 3047
}
,
{
"GEMEINDE": "Volketswil",
"BEZIRK": "Uster",
"STIMMBETEILIGUNG": "   37.56",
"AZ_GÜLTIGE_STIMMZETTEL": 2968,
"AZ_JA_STIMMEN": 1291
}
,
{
"GEMEINDE": "Wangen-Brüttisellen",
"BEZIRK": "Uster",
"STIMMBETEILIGUNG": "   41.31",
"AZ_GÜLTIGE_STIMMZETTEL": 1149,
"AZ_JA_STIMMEN": 541
}
,
{
"GEMEINDE": "Altikon",
"BEZIRK": "Winterthur",
"STIMMBETEILIGUNG": "   52.67",
"AZ_GÜLTIGE_STIMMZETTEL": 223,
"AZ_JA_STIMMEN": 70
}
,
{
"GEMEINDE": "Brütten",
"BEZIRK": "Winterthur",
"STIMMBETEILIGUNG": "   54.94",
"AZ_GÜLTIGE_STIMMZETTEL": 611,
"AZ_JA_STIMMEN": 329
}
,
{
"GEMEINDE": "Dägerlen",
"BEZIRK": "Winterthur",
"STIMMBETEILIGUNG": "   55.62",
"AZ_GÜLTIGE_STIMMZETTEL": 288,
"AZ_JA_STIMMEN": 111
}
,
{
"GEMEINDE": "Dättlikon",
"BEZIRK": "Winterthur",
"STIMMBETEILIGUNG": "   57.26",
"AZ_GÜLTIGE_STIMMZETTEL": 209,
"AZ_JA_STIMMEN": 119
}
,
{
"GEMEINDE": "Dinhard",
"BEZIRK": "Winterthur",
"STIMMBETEILIGUNG": "   57.45",
"AZ_GÜLTIGE_STIMMZETTEL": 494,
"AZ_JA_STIMMEN": 229
}
,
{
"GEMEINDE": "Elgg",
"BEZIRK": "Winterthur",
"STIMMBETEILIGUNG": "   52.10",
"AZ_GÜLTIGE_STIMMZETTEL": 1175,
"AZ_JA_STIMMEN": 517
}
,
{
"GEMEINDE": "Ellikon a.d.Th.",
"BEZIRK": "Winterthur",
"STIMMBETEILIGUNG": "   48.02",
"AZ_GÜLTIGE_STIMMZETTEL": 221,
"AZ_JA_STIMMEN": 77
}
,
{
"GEMEINDE": "Elsau",
"BEZIRK": "Winterthur",
"STIMMBETEILIGUNG": "   47.40",
"AZ_GÜLTIGE_STIMMZETTEL": 865,
"AZ_JA_STIMMEN": 387
}
,
{
"GEMEINDE": "Hagenbuch",
"BEZIRK": "Winterthur",
"STIMMBETEILIGUNG": "   43.49",
"AZ_GÜLTIGE_STIMMZETTEL": 249,
"AZ_JA_STIMMEN": 80
}
,
{
"GEMEINDE": "Hettlingen",
"BEZIRK": "Winterthur",
"STIMMBETEILIGUNG": "   54.78",
"AZ_GÜLTIGE_STIMMZETTEL": 683,
"AZ_JA_STIMMEN": 332
}
,
{
"GEMEINDE": "Hofstetten",
"BEZIRK": "Winterthur",
"STIMMBETEILIGUNG": "   56.00",
"AZ_GÜLTIGE_STIMMZETTEL": 167,
"AZ_JA_STIMMEN": 39
}
,
{
"GEMEINDE": "Neftenbach",
"BEZIRK": "Winterthur",
"STIMMBETEILIGUNG": "   44.48",
"AZ_GÜLTIGE_STIMMZETTEL": 1273,
"AZ_JA_STIMMEN": 637
}
,
{
"GEMEINDE": "Pfungen",
"BEZIRK": "Winterthur",
"STIMMBETEILIGUNG": "   45.24",
"AZ_GÜLTIGE_STIMMZETTEL": 638,
"AZ_JA_STIMMEN": 288
}
,
{
"GEMEINDE": "Rickenbach",
"BEZIRK": "Winterthur",
"STIMMBETEILIGUNG": "   46.06",
"AZ_GÜLTIGE_STIMMZETTEL": 620,
"AZ_JA_STIMMEN": 270
}
,
{
"GEMEINDE": "Schlatt",
"BEZIRK": "Winterthur",
"STIMMBETEILIGUNG": "   62.90",
"AZ_GÜLTIGE_STIMMZETTEL": 267,
"AZ_JA_STIMMEN": 96
}
,
{
"GEMEINDE": "Seuzach",
"BEZIRK": "Winterthur",
"STIMMBETEILIGUNG": "   48.42",
"AZ_GÜLTIGE_STIMMZETTEL": 1925,
"AZ_JA_STIMMEN": 923
}
,
{
"GEMEINDE": "Turbenthal",
"BEZIRK": "Winterthur",
"STIMMBETEILIGUNG": "   43.92",
"AZ_GÜLTIGE_STIMMZETTEL": 1030,
"AZ_JA_STIMMEN": 357
}
,
{
"GEMEINDE": "Wiesendangen",
"BEZIRK": "Winterthur",
"STIMMBETEILIGUNG": "   54.02",
"AZ_GÜLTIGE_STIMMZETTEL": 1771,
"AZ_JA_STIMMEN": 811
}
,
{
"GEMEINDE": "Winterthur",
"BEZIRK": "Winterthur",
"STIMMBETEILIGUNG": "   48.23",
"AZ_GÜLTIGE_STIMMZETTEL": 26707,
"AZ_JA_STIMMEN": 12145
}
,
{
"GEMEINDE": "Zell",
"BEZIRK": "Winterthur",
"STIMMBETEILIGUNG": "   41.02",
"AZ_GÜLTIGE_STIMMZETTEL": 1061,
"AZ_JA_STIMMEN": 408
}
,
{
"GEMEINDE": "Zürich",
"BEZIRK": "Zürich",
"STIMMBETEILIGUNG": "   43.55",
"AZ_GÜLTIGE_STIMMZETTEL": 91540,
"AZ_JA_STIMMEN": 40813
}
]
