[
{
"GEMEINDE": "Aeugst a.A.",
"BEZIRK": "Affoltern",
"STIMMBETEILIGUNG": "   54.84",
"AZ_GÜLTIGE_STIMMZETTEL": 90,
"AZ_JA_STIMMEN": 49
}
,
{
"GEMEINDE": "Affoltern a.A.",
"BEZIRK": "Affoltern",
"STIMMBETEILIGUNG": "   50.95",
"AZ_GÜLTIGE_STIMMZETTEL": 446,
"AZ_JA_STIMMEN": 305
}
,
{
"GEMEINDE": "Bonstetten",
"BEZIRK": "Affoltern",
"STIMMBETEILIGUNG": "   62.15",
"AZ_GÜLTIGE_STIMMZETTEL": 129,
"AZ_JA_STIMMEN": 74
}
,
{
"GEMEINDE": "Hausen a.A.",
"BEZIRK": "Affoltern",
"STIMMBETEILIGUNG": "   42.22",
"AZ_GÜLTIGE_STIMMZETTEL": 167,
"AZ_JA_STIMMEN": 88
}
,
{
"GEMEINDE": "Hedingen",
"BEZIRK": "Affoltern",
"STIMMBETEILIGUNG": "   57.04",
"AZ_GÜLTIGE_STIMMZETTEL": 157,
"AZ_JA_STIMMEN": 93
}
,
{
"GEMEINDE": "Kappel a.A.",
"BEZIRK": "Affoltern",
"STIMMBETEILIGUNG": "   56.47",
"AZ_GÜLTIGE_STIMMZETTEL": 75,
"AZ_JA_STIMMEN": 28
}
,
{
"GEMEINDE": "Knonau",
"BEZIRK": "Affoltern",
"STIMMBETEILIGUNG": "   46.02",
"AZ_GÜLTIGE_STIMMZETTEL": 71,
"AZ_JA_STIMMEN": 35
}
,
{
"GEMEINDE": "Maschwanden",
"BEZIRK": "Affoltern",
"STIMMBETEILIGUNG": "   64.71",
"AZ_GÜLTIGE_STIMMZETTEL": 71,
"AZ_JA_STIMMEN": 33
}
,
{
"GEMEINDE": "Mettmenstetten",
"BEZIRK": "Affoltern",
"STIMMBETEILIGUNG": "   50.76",
"AZ_GÜLTIGE_STIMMZETTEL": 208,
"AZ_JA_STIMMEN": 129
}
,
{
"GEMEINDE": "Obfelden",
"BEZIRK": "Affoltern",
"STIMMBETEILIGUNG": "   56.66",
"AZ_GÜLTIGE_STIMMZETTEL": 232,
"AZ_JA_STIMMEN": 145
}
,
{
"GEMEINDE": "Ottenbach",
"BEZIRK": "Affoltern",
"STIMMBETEILIGUNG": "   61.40",
"AZ_GÜLTIGE_STIMMZETTEL": 138,
"AZ_JA_STIMMEN": 70
}
,
{
"GEMEINDE": "Rifferswil",
"BEZIRK": "Affoltern",
"STIMMBETEILIGUNG": "   39.16",
"AZ_GÜLTIGE_STIMMZETTEL": 52,
"AZ_JA_STIMMEN": 26
}
,
{
"GEMEINDE": "Stallikon",
"BEZIRK": "Affoltern",
"STIMMBETEILIGUNG": "   33.33",
"AZ_GÜLTIGE_STIMMZETTEL": 62,
"AZ_JA_STIMMEN": 23
}
,
{
"GEMEINDE": "Wettswil a.A.",
"BEZIRK": "Affoltern",
"STIMMBETEILIGUNG": "   46.36",
"AZ_GÜLTIGE_STIMMZETTEL": 45,
"AZ_JA_STIMMEN": 30
}
,
{
"GEMEINDE": "Adlikon",
"BEZIRK": "Andelfingen",
"STIMMBETEILIGUNG": "   65.08",
"AZ_GÜLTIGE_STIMMZETTEL": 60,
"AZ_JA_STIMMEN": 35
}
,
{
"GEMEINDE": "Andelfingen",
"BEZIRK": "Andelfingen",
"STIMMBETEILIGUNG": "   56.90",
"AZ_GÜLTIGE_STIMMZETTEL": 148,
"AZ_JA_STIMMEN": 100
}
,
{
"GEMEINDE": "Benken",
"BEZIRK": "Andelfingen",
"STIMMBETEILIGUNG": "   77.50",
"AZ_GÜLTIGE_STIMMZETTEL": 106,
"AZ_JA_STIMMEN": 52
}
,
{
"GEMEINDE": "Berg a.I.",
"BEZIRK": "Andelfingen",
"STIMMBETEILIGUNG": "   70.54",
"AZ_GÜLTIGE_STIMMZETTEL": 57,
"AZ_JA_STIMMEN": 30
}
,
{
"GEMEINDE": "Buch a.I.",
"BEZIRK": "Andelfingen",
"STIMMBETEILIGUNG": "   68.71",
"AZ_GÜLTIGE_STIMMZETTEL": 80,
"AZ_JA_STIMMEN": 34
}
,
{
"GEMEINDE": "Dachsen",
"BEZIRK": "Andelfingen",
"STIMMBETEILIGUNG": "   62.94",
"AZ_GÜLTIGE_STIMMZETTEL": 100,
"AZ_JA_STIMMEN": 63
}
,
{
"GEMEINDE": "Dorf",
"BEZIRK": "Andelfingen",
"STIMMBETEILIGUNG": "   62.50",
"AZ_GÜLTIGE_STIMMZETTEL": 39,
"AZ_JA_STIMMEN": 23
}
,
{
"GEMEINDE": "Feuerthalen",
"BEZIRK": "Andelfingen",
"STIMMBETEILIGUNG": "   64.24",
"AZ_GÜLTIGE_STIMMZETTEL": 436,
"AZ_JA_STIMMEN": 353
}
,
{
"GEMEINDE": "Flaach",
"BEZIRK": "Andelfingen",
"STIMMBETEILIGUNG": "   52.38",
"AZ_GÜLTIGE_STIMMZETTEL": 98,
"AZ_JA_STIMMEN": 56
}
,
{
"GEMEINDE": "Flurlingen",
"BEZIRK": "Andelfingen",
"STIMMBETEILIGUNG": "   62.19",
"AZ_GÜLTIGE_STIMMZETTEL": 178,
"AZ_JA_STIMMEN": 139
}
,
{
"GEMEINDE": "Henggart",
"BEZIRK": "Andelfingen",
"STIMMBETEILIGUNG": "   52.63",
"AZ_GÜLTIGE_STIMMZETTEL": 66,
"AZ_JA_STIMMEN": 40
}
,
{
"GEMEINDE": "Humlikon",
"BEZIRK": "Andelfingen",
"STIMMBETEILIGUNG": "   65.38",
"AZ_GÜLTIGE_STIMMZETTEL": 45,
"AZ_JA_STIMMEN": 22
}
,
{
"GEMEINDE": "Kleinandelfingen",
"BEZIRK": "Andelfingen",
"STIMMBETEILIGUNG": "   66.67",
"AZ_GÜLTIGE_STIMMZETTEL": 160,
"AZ_JA_STIMMEN": 106
}
,
{
"GEMEINDE": "Laufen-Uhwiesen",
"BEZIRK": "Andelfingen",
"STIMMBETEILIGUNG": "   58.27",
"AZ_GÜLTIGE_STIMMZETTEL": 127,
"AZ_JA_STIMMEN": 83
}
,
{
"GEMEINDE": "Marthalen",
"BEZIRK": "Andelfingen",
"STIMMBETEILIGUNG": "   47.74",
"AZ_GÜLTIGE_STIMMZETTEL": 161,
"AZ_JA_STIMMEN": 94
}
,
{
"GEMEINDE": "Oberstammheim",
"BEZIRK": "Andelfingen",
"STIMMBETEILIGUNG": "   53.71",
"AZ_GÜLTIGE_STIMMZETTEL": 103,
"AZ_JA_STIMMEN": 67
}
,
{
"GEMEINDE": "Ossingen",
"BEZIRK": "Andelfingen",
"STIMMBETEILIGUNG": "   54.12",
"AZ_GÜLTIGE_STIMMZETTEL": 125,
"AZ_JA_STIMMEN": 67
}
,
{
"GEMEINDE": "Rheinau",
"BEZIRK": "Andelfingen",
"STIMMBETEILIGUNG": "   79.73",
"AZ_GÜLTIGE_STIMMZETTEL": 216,
"AZ_JA_STIMMEN": 162
}
,
{
"GEMEINDE": "Thalheim a.d.Th.",
"BEZIRK": "Andelfingen",
"STIMMBETEILIGUNG": "   80.00",
"AZ_GÜLTIGE_STIMMZETTEL": 71,
"AZ_JA_STIMMEN": 22
}
,
{
"GEMEINDE": "Trüllikon",
"BEZIRK": "Andelfingen",
"STIMMBETEILIGUNG": "   67.26",
"AZ_GÜLTIGE_STIMMZETTEL": 164,
"AZ_JA_STIMMEN": 86
}
,
{
"GEMEINDE": "Truttikon",
"BEZIRK": "Andelfingen",
"STIMMBETEILIGUNG": "   67.39",
"AZ_GÜLTIGE_STIMMZETTEL": 48,
"AZ_JA_STIMMEN": 21
}
,
{
"GEMEINDE": "Unterstammheim",
"BEZIRK": "Andelfingen",
"STIMMBETEILIGUNG": "   50.00",
"AZ_GÜLTIGE_STIMMZETTEL": 87,
"AZ_JA_STIMMEN": 59
}
,
{
"GEMEINDE": "Volken",
"BEZIRK": "Andelfingen",
"STIMMBETEILIGUNG": "   48.05",
"AZ_GÜLTIGE_STIMMZETTEL": 30,
"AZ_JA_STIMMEN": 14
}
,
{
"GEMEINDE": "Waltalingen",
"BEZIRK": "Andelfingen",
"STIMMBETEILIGUNG": "   74.69",
"AZ_GÜLTIGE_STIMMZETTEL": 89,
"AZ_JA_STIMMEN": 51
}
,
{
"GEMEINDE": "Bachenbülach",
"BEZIRK": "Bülach",
"STIMMBETEILIGUNG": "   61.17",
"AZ_GÜLTIGE_STIMMZETTEL": 107,
"AZ_JA_STIMMEN": 73
}
,
{
"GEMEINDE": "Bassersdorf",
"BEZIRK": "Bülach",
"STIMMBETEILIGUNG": "   51.02",
"AZ_GÜLTIGE_STIMMZETTEL": 256,
"AZ_JA_STIMMEN": 176
}
,
{
"GEMEINDE": "Bülach",
"BEZIRK": "Bülach",
"STIMMBETEILIGUNG": "   55.31",
"AZ_GÜLTIGE_STIMMZETTEL": 587,
"AZ_JA_STIMMEN": 444
}
,
{
"GEMEINDE": "Dietlikon",
"BEZIRK": "Bülach",
"STIMMBETEILIGUNG": "   51.97",
"AZ_GÜLTIGE_STIMMZETTEL": 145,
"AZ_JA_STIMMEN": 104
}
,
{
"GEMEINDE": "Eglisau",
"BEZIRK": "Bülach",
"STIMMBETEILIGUNG": "   45.21",
"AZ_GÜLTIGE_STIMMZETTEL": 173,
"AZ_JA_STIMMEN": 83
}
,
{
"GEMEINDE": "Embrach",
"BEZIRK": "Bülach",
"STIMMBETEILIGUNG": "   60.47",
"AZ_GÜLTIGE_STIMMZETTEL": 291,
"AZ_JA_STIMMEN": 201
}
,
{
"GEMEINDE": "Freienstein-Teufen",
"BEZIRK": "Bülach",
"STIMMBETEILIGUNG": "   63.41",
"AZ_GÜLTIGE_STIMMZETTEL": 166,
"AZ_JA_STIMMEN": 114
}
,
{
"GEMEINDE": "Glattfelden",
"BEZIRK": "Bülach",
"STIMMBETEILIGUNG": "   53.42",
"AZ_GÜLTIGE_STIMMZETTEL": 276,
"AZ_JA_STIMMEN": 199
}
,
{
"GEMEINDE": "Hochfelden",
"BEZIRK": "Bülach",
"STIMMBETEILIGUNG": "   57.33",
"AZ_GÜLTIGE_STIMMZETTEL": 73,
"AZ_JA_STIMMEN": 43
}
,
{
"GEMEINDE": "Höri",
"BEZIRK": "Bülach",
"STIMMBETEILIGUNG": "   65.13",
"AZ_GÜLTIGE_STIMMZETTEL": 80,
"AZ_JA_STIMMEN": 58
}
,
{
"GEMEINDE": "Hüntwangen",
"BEZIRK": "Bülach",
"STIMMBETEILIGUNG": "   69.28",
"AZ_GÜLTIGE_STIMMZETTEL": 95,
"AZ_JA_STIMMEN": 52
}
,
{
"GEMEINDE": "Kloten",
"BEZIRK": "Bülach",
"STIMMBETEILIGUNG": "   47.78",
"AZ_GÜLTIGE_STIMMZETTEL": 266,
"AZ_JA_STIMMEN": 158
}
,
{
"GEMEINDE": "Lufingen",
"BEZIRK": "Bülach",
"STIMMBETEILIGUNG": "   64.91",
"AZ_GÜLTIGE_STIMMZETTEL": 67,
"AZ_JA_STIMMEN": 29
}
,
{
"GEMEINDE": "Nürensdorf",
"BEZIRK": "Bülach",
"STIMMBETEILIGUNG": "   64.94",
"AZ_GÜLTIGE_STIMMZETTEL": 134,
"AZ_JA_STIMMEN": 96
}
,
{
"GEMEINDE": "Oberembrach",
"BEZIRK": "Bülach",
"STIMMBETEILIGUNG": "   57.71",
"AZ_GÜLTIGE_STIMMZETTEL": 83,
"AZ_JA_STIMMEN": 40
}
,
{
"GEMEINDE": "Opfikon",
"BEZIRK": "Bülach",
"STIMMBETEILIGUNG": "   53.28",
"AZ_GÜLTIGE_STIMMZETTEL": 241,
"AZ_JA_STIMMEN": 183
}
,
{
"GEMEINDE": "Rafz",
"BEZIRK": "Bülach",
"STIMMBETEILIGUNG": "   46.46",
"AZ_GÜLTIGE_STIMMZETTEL": 192,
"AZ_JA_STIMMEN": 115
}
,
{
"GEMEINDE": "Rorbas",
"BEZIRK": "Bülach",
"STIMMBETEILIGUNG": "   65.77",
"AZ_GÜLTIGE_STIMMZETTEL": 191,
"AZ_JA_STIMMEN": 120
}
,
{
"GEMEINDE": "Wallisellen",
"BEZIRK": "Bülach",
"STIMMBETEILIGUNG": "   48.47",
"AZ_GÜLTIGE_STIMMZETTEL": 635,
"AZ_JA_STIMMEN": 416
}
,
{
"GEMEINDE": "Wasterkingen",
"BEZIRK": "Bülach",
"STIMMBETEILIGUNG": "   62.65",
"AZ_GÜLTIGE_STIMMZETTEL": 41,
"AZ_JA_STIMMEN": 11
}
,
{
"GEMEINDE": "Wil",
"BEZIRK": "Bülach",
"STIMMBETEILIGUNG": "   63.68",
"AZ_GÜLTIGE_STIMMZETTEL": 119,
"AZ_JA_STIMMEN": 69
}
,
{
"GEMEINDE": "Winkel",
"BEZIRK": "Bülach",
"STIMMBETEILIGUNG": "   66.06",
"AZ_GÜLTIGE_STIMMZETTEL": 89,
"AZ_JA_STIMMEN": 43
}
,
{
"GEMEINDE": "Bachs",
"BEZIRK": "Dielsdorf",
"STIMMBETEILIGUNG": "   35.38",
"AZ_GÜLTIGE_STIMMZETTEL": 39,
"AZ_JA_STIMMEN": 18
}
,
{
"GEMEINDE": "Boppelsen",
"BEZIRK": "Dielsdorf",
"STIMMBETEILIGUNG": "   65.85",
"AZ_GÜLTIGE_STIMMZETTEL": 50,
"AZ_JA_STIMMEN": 31
}
,
{
"GEMEINDE": "Buchs",
"BEZIRK": "Dielsdorf",
"STIMMBETEILIGUNG": "   63.53",
"AZ_GÜLTIGE_STIMMZETTEL": 85,
"AZ_JA_STIMMEN": 40
}
,
{
"GEMEINDE": "Dällikon",
"BEZIRK": "Dielsdorf",
"STIMMBETEILIGUNG": "   55.12",
"AZ_GÜLTIGE_STIMMZETTEL": 54,
"AZ_JA_STIMMEN": 22
}
,
{
"GEMEINDE": "Dänikon",
"BEZIRK": "Dielsdorf",
"STIMMBETEILIGUNG": "   53.57",
"AZ_GÜLTIGE_STIMMZETTEL": 19,
"AZ_JA_STIMMEN": 15
}
,
{
"GEMEINDE": "Dielsdorf",
"BEZIRK": "Dielsdorf",
"STIMMBETEILIGUNG": "   37.46",
"AZ_GÜLTIGE_STIMMZETTEL": 96,
"AZ_JA_STIMMEN": 69
}
,
{
"GEMEINDE": "Hüttikon",
"BEZIRK": "Dielsdorf",
"STIMMBETEILIGUNG": "   47.62",
"AZ_GÜLTIGE_STIMMZETTEL": 16,
"AZ_JA_STIMMEN": 10
}
,
{
"GEMEINDE": "Neerach",
"BEZIRK": "Dielsdorf",
"STIMMBETEILIGUNG": "   51.48",
"AZ_GÜLTIGE_STIMMZETTEL": 78,
"AZ_JA_STIMMEN": 48
}
,
{
"GEMEINDE": "Niederglatt",
"BEZIRK": "Dielsdorf",
"STIMMBETEILIGUNG": "   53.61",
"AZ_GÜLTIGE_STIMMZETTEL": 108,
"AZ_JA_STIMMEN": 75
}
,
{
"GEMEINDE": "Niederhasli",
"BEZIRK": "Dielsdorf",
"STIMMBETEILIGUNG": "   59.25",
"AZ_GÜLTIGE_STIMMZETTEL": 131,
"AZ_JA_STIMMEN": 81
}
,
{
"GEMEINDE": "Niederweningen",
"BEZIRK": "Dielsdorf",
"STIMMBETEILIGUNG": "   41.92",
"AZ_GÜLTIGE_STIMMZETTEL": 100,
"AZ_JA_STIMMEN": 63
}
,
{
"GEMEINDE": "Oberglatt",
"BEZIRK": "Dielsdorf",
"STIMMBETEILIGUNG": "   46.88",
"AZ_GÜLTIGE_STIMMZETTEL": 129,
"AZ_JA_STIMMEN": 62
}
,
{
"GEMEINDE": "Oberweningen",
"BEZIRK": "Dielsdorf",
"STIMMBETEILIGUNG": "   66.02",
"AZ_GÜLTIGE_STIMMZETTEL": 56,
"AZ_JA_STIMMEN": 41
}
,
{
"GEMEINDE": "Otelfingen",
"BEZIRK": "Dielsdorf",
"STIMMBETEILIGUNG": "   38.18",
"AZ_GÜLTIGE_STIMMZETTEL": 70,
"AZ_JA_STIMMEN": 47
}
,
{
"GEMEINDE": "Regensberg",
"BEZIRK": "Dielsdorf",
"STIMMBETEILIGUNG": "   56.04",
"AZ_GÜLTIGE_STIMMZETTEL": 44,
"AZ_JA_STIMMEN": 31
}
,
{
"GEMEINDE": "Regensdorf",
"BEZIRK": "Dielsdorf",
"STIMMBETEILIGUNG": "   46.77",
"AZ_GÜLTIGE_STIMMZETTEL": 219,
"AZ_JA_STIMMEN": 146
}
,
{
"GEMEINDE": "Rümlang",
"BEZIRK": "Dielsdorf",
"STIMMBETEILIGUNG": "   46.72",
"AZ_GÜLTIGE_STIMMZETTEL": 158,
"AZ_JA_STIMMEN": 101
}
,
{
"GEMEINDE": "Schleinikon",
"BEZIRK": "Dielsdorf",
"STIMMBETEILIGUNG": "   55.93",
"AZ_GÜLTIGE_STIMMZETTEL": 55,
"AZ_JA_STIMMEN": 29
}
,
{
"GEMEINDE": "Schöfflisdorf",
"BEZIRK": "Dielsdorf",
"STIMMBETEILIGUNG": "   63.30",
"AZ_GÜLTIGE_STIMMZETTEL": 64,
"AZ_JA_STIMMEN": 35
}
,
{
"GEMEINDE": "Stadel",
"BEZIRK": "Dielsdorf",
"STIMMBETEILIGUNG": "   64.92",
"AZ_GÜLTIGE_STIMMZETTEL": 159,
"AZ_JA_STIMMEN": 88
}
,
{
"GEMEINDE": "Steinmaur",
"BEZIRK": "Dielsdorf",
"STIMMBETEILIGUNG": "   54.39",
"AZ_GÜLTIGE_STIMMZETTEL": 97,
"AZ_JA_STIMMEN": 60
}
,
{
"GEMEINDE": "Weiach",
"BEZIRK": "Dielsdorf",
"STIMMBETEILIGUNG": "   56.02",
"AZ_GÜLTIGE_STIMMZETTEL": 80,
"AZ_JA_STIMMEN": 48
}
,
{
"GEMEINDE": "Aesch",
"BEZIRK": "Dietikon",
"STIMMBETEILIGUNG": "   57.78",
"AZ_GÜLTIGE_STIMMZETTEL": 39,
"AZ_JA_STIMMEN": 17
}
,
{
"GEMEINDE": "Birmensdorf",
"BEZIRK": "Dietikon",
"STIMMBETEILIGUNG": "   45.83",
"AZ_GÜLTIGE_STIMMZETTEL": 169,
"AZ_JA_STIMMEN": 112
}
,
{
"GEMEINDE": "Dietikon",
"BEZIRK": "Dietikon",
"STIMMBETEILIGUNG": "   46.25",
"AZ_GÜLTIGE_STIMMZETTEL": 817,
"AZ_JA_STIMMEN": 586
}
,
{
"GEMEINDE": "Geroldswil",
"BEZIRK": "Dietikon",
"STIMMBETEILIGUNG": "   33.64",
"AZ_GÜLTIGE_STIMMZETTEL": 31,
"AZ_JA_STIMMEN": 22
}
,
{
"GEMEINDE": "Oberengstringen",
"BEZIRK": "Dietikon",
"STIMMBETEILIGUNG": "   27.10",
"AZ_GÜLTIGE_STIMMZETTEL": 64,
"AZ_JA_STIMMEN": 56
}
,
{
"GEMEINDE": "Oetwil a.d.L",
"BEZIRK": "Dietikon",
"STIMMBETEILIGUNG": "   38.64",
"AZ_GÜLTIGE_STIMMZETTEL": 28,
"AZ_JA_STIMMEN": 13
}
,
{
"GEMEINDE": "Schlieren",
"BEZIRK": "Dietikon",
"STIMMBETEILIGUNG": "   44.22",
"AZ_GÜLTIGE_STIMMZETTEL": 650,
"AZ_JA_STIMMEN": 516
}
,
{
"GEMEINDE": "Uitikon",
"BEZIRK": "Dietikon",
"STIMMBETEILIGUNG": "   33.04",
"AZ_GÜLTIGE_STIMMZETTEL": 63,
"AZ_JA_STIMMEN": 43
}
,
{
"GEMEINDE": "Unterengstringen",
"BEZIRK": "Dietikon",
"STIMMBETEILIGUNG": "   48.51",
"AZ_GÜLTIGE_STIMMZETTEL": 105,
"AZ_JA_STIMMEN": 63
}
,
{
"GEMEINDE": "Urdorf",
"BEZIRK": "Dietikon",
"STIMMBETEILIGUNG": "   42.70",
"AZ_GÜLTIGE_STIMMZETTEL": 166,
"AZ_JA_STIMMEN": 115
}
,
{
"GEMEINDE": "Weiningen",
"BEZIRK": "Dietikon",
"STIMMBETEILIGUNG": "   36.21",
"AZ_GÜLTIGE_STIMMZETTEL": 92,
"AZ_JA_STIMMEN": 57
}
,
{
"GEMEINDE": "Bäretswil",
"BEZIRK": "Hinwil",
"STIMMBETEILIGUNG": "   61.32",
"AZ_GÜLTIGE_STIMMZETTEL": 379,
"AZ_JA_STIMMEN": 227
}
,
{
"GEMEINDE": "Bubikon",
"BEZIRK": "Hinwil",
"STIMMBETEILIGUNG": "   54.43",
"AZ_GÜLTIGE_STIMMZETTEL": 300,
"AZ_JA_STIMMEN": 194
}
,
{
"GEMEINDE": "Dürnten",
"BEZIRK": "Hinwil",
"STIMMBETEILIGUNG": "   59.13",
"AZ_GÜLTIGE_STIMMZETTEL": 524,
"AZ_JA_STIMMEN": 345
}
,
{
"GEMEINDE": "Fischenthal",
"BEZIRK": "Hinwil",
"STIMMBETEILIGUNG": "   60.14",
"AZ_GÜLTIGE_STIMMZETTEL": 289,
"AZ_JA_STIMMEN": 182
}
,
{
"GEMEINDE": "Gossau",
"BEZIRK": "Hinwil",
"STIMMBETEILIGUNG": "   55.24",
"AZ_GÜLTIGE_STIMMZETTEL": 405,
"AZ_JA_STIMMEN": 224
}
,
{
"GEMEINDE": "Grüningen",
"BEZIRK": "Hinwil",
"STIMMBETEILIGUNG": "   50.24",
"AZ_GÜLTIGE_STIMMZETTEL": 184,
"AZ_JA_STIMMEN": 109
}
,
{
"GEMEINDE": "Hinwil",
"BEZIRK": "Hinwil",
"STIMMBETEILIGUNG": "   58.83",
"AZ_GÜLTIGE_STIMMZETTEL": 531,
"AZ_JA_STIMMEN": 341
}
,
{
"GEMEINDE": "Rüti",
"BEZIRK": "Hinwil",
"STIMMBETEILIGUNG": "   54.13",
"AZ_GÜLTIGE_STIMMZETTEL": 927,
"AZ_JA_STIMMEN": 614
}
,
{
"GEMEINDE": "Seegräben",
"BEZIRK": "Hinwil",
"STIMMBETEILIGUNG": "   63.08",
"AZ_GÜLTIGE_STIMMZETTEL": 122,
"AZ_JA_STIMMEN": 87
}
,
{
"GEMEINDE": "Wald",
"BEZIRK": "Hinwil",
"STIMMBETEILIGUNG": "   54.94",
"AZ_GÜLTIGE_STIMMZETTEL": 1015,
"AZ_JA_STIMMEN": 721
}
,
{
"GEMEINDE": "Wetzikon",
"BEZIRK": "Hinwil",
"STIMMBETEILIGUNG": "   60.86",
"AZ_GÜLTIGE_STIMMZETTEL": 1163,
"AZ_JA_STIMMEN": 776
}
,
{
"GEMEINDE": "Adliswil",
"BEZIRK": "Horgen",
"STIMMBETEILIGUNG": "   43.23",
"AZ_GÜLTIGE_STIMMZETTEL": 613,
"AZ_JA_STIMMEN": 467
}
,
{
"GEMEINDE": "Hirzel",
"BEZIRK": "Horgen",
"STIMMBETEILIGUNG": "   46.89",
"AZ_GÜLTIGE_STIMMZETTEL": 137,
"AZ_JA_STIMMEN": 48
}
,
{
"GEMEINDE": "Horgen",
"BEZIRK": "Horgen",
"STIMMBETEILIGUNG": "   51.50",
"AZ_GÜLTIGE_STIMMZETTEL": 1424,
"AZ_JA_STIMMEN": 1077
}
,
{
"GEMEINDE": "Hütten",
"BEZIRK": "Horgen",
"STIMMBETEILIGUNG": "   37.23",
"AZ_GÜLTIGE_STIMMZETTEL": 61,
"AZ_JA_STIMMEN": 26
}
,
{
"GEMEINDE": "Kilchberg",
"BEZIRK": "Horgen",
"STIMMBETEILIGUNG": "   46.89",
"AZ_GÜLTIGE_STIMMZETTEL": 641,
"AZ_JA_STIMMEN": 470
}
,
{
"GEMEINDE": "Langnau a.A.",
"BEZIRK": "Horgen",
"STIMMBETEILIGUNG": "   39.17",
"AZ_GÜLTIGE_STIMMZETTEL": 209,
"AZ_JA_STIMMEN": 154
}
,
{
"GEMEINDE": "Oberrieden",
"BEZIRK": "Horgen",
"STIMMBETEILIGUNG": "   42.86",
"AZ_GÜLTIGE_STIMMZETTEL": 217,
"AZ_JA_STIMMEN": 165
}
,
{
"GEMEINDE": "Richterswil",
"BEZIRK": "Horgen",
"STIMMBETEILIGUNG": "   50.85",
"AZ_GÜLTIGE_STIMMZETTEL": 649,
"AZ_JA_STIMMEN": 447
}
,
{
"GEMEINDE": "Rüschlikon",
"BEZIRK": "Horgen",
"STIMMBETEILIGUNG": "   48.36",
"AZ_GÜLTIGE_STIMMZETTEL": 404,
"AZ_JA_STIMMEN": 292
}
,
{
"GEMEINDE": "Schönenberg",
"BEZIRK": "Horgen",
"STIMMBETEILIGUNG": "   48.53",
"AZ_GÜLTIGE_STIMMZETTEL": 168,
"AZ_JA_STIMMEN": 51
}
,
{
"GEMEINDE": "Thalwil",
"BEZIRK": "Horgen",
"STIMMBETEILIGUNG": "   49.44",
"AZ_GÜLTIGE_STIMMZETTEL": 1152,
"AZ_JA_STIMMEN": 842
}
,
{
"GEMEINDE": "Wädenswil",
"BEZIRK": "Horgen",
"STIMMBETEILIGUNG": "   50.93",
"AZ_GÜLTIGE_STIMMZETTEL": 1359,
"AZ_JA_STIMMEN": 958
}
,
{
"GEMEINDE": "Erlenbach",
"BEZIRK": "Meilen",
"STIMMBETEILIGUNG": "   44.42",
"AZ_GÜLTIGE_STIMMZETTEL": 398,
"AZ_JA_STIMMEN": 316
}
,
{
"GEMEINDE": "Herrliberg",
"BEZIRK": "Meilen",
"STIMMBETEILIGUNG": "   40.61",
"AZ_GÜLTIGE_STIMMZETTEL": 229,
"AZ_JA_STIMMEN": 160
}
,
{
"GEMEINDE": "Hombrechtikon",
"BEZIRK": "Meilen",
"STIMMBETEILIGUNG": "   64.01",
"AZ_GÜLTIGE_STIMMZETTEL": 462,
"AZ_JA_STIMMEN": 302
}
,
{
"GEMEINDE": "Küsnacht",
"BEZIRK": "Meilen",
"STIMMBETEILIGUNG": "   47.84",
"AZ_GÜLTIGE_STIMMZETTEL": 982,
"AZ_JA_STIMMEN": 801
}
,
{
"GEMEINDE": "Männedorf",
"BEZIRK": "Meilen",
"STIMMBETEILIGUNG": "   49.51",
"AZ_GÜLTIGE_STIMMZETTEL": 512,
"AZ_JA_STIMMEN": 385
}
,
{
"GEMEINDE": "Meilen",
"BEZIRK": "Meilen",
"STIMMBETEILIGUNG": "   48.52",
"AZ_GÜLTIGE_STIMMZETTEL": 748,
"AZ_JA_STIMMEN": 583
}
,
{
"GEMEINDE": "Oetwil a.S.",
"BEZIRK": "Meilen",
"STIMMBETEILIGUNG": "   54.03",
"AZ_GÜLTIGE_STIMMZETTEL": 146,
"AZ_JA_STIMMEN": 85
}
,
{
"GEMEINDE": "Stäfa",
"BEZIRK": "Meilen",
"STIMMBETEILIGUNG": "   57.74",
"AZ_GÜLTIGE_STIMMZETTEL": 794,
"AZ_JA_STIMMEN": 563
}
,
{
"GEMEINDE": "Uetikon a.S.",
"BEZIRK": "Meilen",
"STIMMBETEILIGUNG": "   45.28",
"AZ_GÜLTIGE_STIMMZETTEL": 286,
"AZ_JA_STIMMEN": 232
}
,
{
"GEMEINDE": "Zollikon",
"BEZIRK": "Meilen",
"STIMMBETEILIGUNG": "   45.65",
"AZ_GÜLTIGE_STIMMZETTEL": 745,
"AZ_JA_STIMMEN": 582
}
,
{
"GEMEINDE": "Zumikon",
"BEZIRK": "Meilen",
"STIMMBETEILIGUNG": "   50.53",
"AZ_GÜLTIGE_STIMMZETTEL": 134,
"AZ_JA_STIMMEN": 100
}
,
{
"GEMEINDE": "Bauma",
"BEZIRK": "Pfäffikon",
"STIMMBETEILIGUNG": "   55.99",
"AZ_GÜLTIGE_STIMMZETTEL": 514,
"AZ_JA_STIMMEN": 374
}
,
{
"GEMEINDE": "Fehraltorf",
"BEZIRK": "Pfäffikon",
"STIMMBETEILIGUNG": "   48.34",
"AZ_GÜLTIGE_STIMMZETTEL": 156,
"AZ_JA_STIMMEN": 102
}
,
{
"GEMEINDE": "Hittnau",
"BEZIRK": "Pfäffikon",
"STIMMBETEILIGUNG": "   57.25",
"AZ_GÜLTIGE_STIMMZETTEL": 183,
"AZ_JA_STIMMEN": 126
}
,
{
"GEMEINDE": "Illnau-Effretikon",
"BEZIRK": "Pfäffikon",
"STIMMBETEILIGUNG": "   61.86",
"AZ_GÜLTIGE_STIMMZETTEL": 772,
"AZ_JA_STIMMEN": 446
}
,
{
"GEMEINDE": "Lindau",
"BEZIRK": "Pfäffikon",
"STIMMBETEILIGUNG": "   66.00",
"AZ_GÜLTIGE_STIMMZETTEL": 326,
"AZ_JA_STIMMEN": 175
}
,
{
"GEMEINDE": "Pfäffikon",
"BEZIRK": "Pfäffikon",
"STIMMBETEILIGUNG": "   76.00",
"AZ_GÜLTIGE_STIMMZETTEL": 911,
"AZ_JA_STIMMEN": 673
}
,
{
"GEMEINDE": "Russikon",
"BEZIRK": "Pfäffikon",
"STIMMBETEILIGUNG": "   62.50",
"AZ_GÜLTIGE_STIMMZETTEL": 250,
"AZ_JA_STIMMEN": 151
}
,
{
"GEMEINDE": "Weisslingen",
"BEZIRK": "Pfäffikon",
"STIMMBETEILIGUNG": "   78.27",
"AZ_GÜLTIGE_STIMMZETTEL": 259,
"AZ_JA_STIMMEN": 166
}
,
{
"GEMEINDE": "Wila",
"BEZIRK": "Pfäffikon",
"STIMMBETEILIGUNG": "   58.05",
"AZ_GÜLTIGE_STIMMZETTEL": 126,
"AZ_JA_STIMMEN": 71
}
,
{
"GEMEINDE": "Wildberg",
"BEZIRK": "Pfäffikon",
"STIMMBETEILIGUNG": "   64.25",
"AZ_GÜLTIGE_STIMMZETTEL": 100,
"AZ_JA_STIMMEN": 67
}
,
{
"GEMEINDE": "Dübendorf",
"BEZIRK": "Uster",
"STIMMBETEILIGUNG": "   36.56",
"AZ_GÜLTIGE_STIMMZETTEL": 616,
"AZ_JA_STIMMEN": 439
}
,
{
"GEMEINDE": "Egg",
"BEZIRK": "Uster",
"STIMMBETEILIGUNG": "   52.62",
"AZ_GÜLTIGE_STIMMZETTEL": 322,
"AZ_JA_STIMMEN": 166
}
,
{
"GEMEINDE": "Fällanden",
"BEZIRK": "Uster",
"STIMMBETEILIGUNG": "   31.98",
"AZ_GÜLTIGE_STIMMZETTEL": 73,
"AZ_JA_STIMMEN": 37
}
,
{
"GEMEINDE": "Greifensee",
"BEZIRK": "Uster",
"STIMMBETEILIGUNG": "   43.16",
"AZ_GÜLTIGE_STIMMZETTEL": 40,
"AZ_JA_STIMMEN": 19
}
,
{
"GEMEINDE": "Maur",
"BEZIRK": "Uster",
"STIMMBETEILIGUNG": "   56.82",
"AZ_GÜLTIGE_STIMMZETTEL": 217,
"AZ_JA_STIMMEN": 78
}
,
{
"GEMEINDE": "Mönchaltorf",
"BEZIRK": "Uster",
"STIMMBETEILIGUNG": "   50.76",
"AZ_GÜLTIGE_STIMMZETTEL": 123,
"AZ_JA_STIMMEN": 69
}
,
{
"GEMEINDE": "Schwerzenbach",
"BEZIRK": "Uster",
"STIMMBETEILIGUNG": "   41.38",
"AZ_GÜLTIGE_STIMMZETTEL": 46,
"AZ_JA_STIMMEN": 33
}
,
{
"GEMEINDE": "Uster",
"BEZIRK": "Uster",
"STIMMBETEILIGUNG": "   55.87",
"AZ_GÜLTIGE_STIMMZETTEL": 1708,
"AZ_JA_STIMMEN": 1173
}
,
{
"GEMEINDE": "Volketswil",
"BEZIRK": "Uster",
"STIMMBETEILIGUNG": "   62.94",
"AZ_GÜLTIGE_STIMMZETTEL": 282,
"AZ_JA_STIMMEN": 157
}
,
{
"GEMEINDE": "Wangen-Brüttisellen",
"BEZIRK": "Uster",
"STIMMBETEILIGUNG": "   49.39",
"AZ_GÜLTIGE_STIMMZETTEL": 205,
"AZ_JA_STIMMEN": 121
}
,
{
"GEMEINDE": "Altikon",
"BEZIRK": "Winterthur",
"STIMMBETEILIGUNG": "   47.88",
"AZ_GÜLTIGE_STIMMZETTEL": 67,
"AZ_JA_STIMMEN": 23
}
,
{
"GEMEINDE": "Brütten",
"BEZIRK": "Winterthur",
"STIMMBETEILIGUNG": "   63.03",
"AZ_GÜLTIGE_STIMMZETTEL": 94,
"AZ_JA_STIMMEN": 55
}
,
{
"GEMEINDE": "Dägerlen",
"BEZIRK": "Winterthur",
"STIMMBETEILIGUNG": "   77.65",
"AZ_GÜLTIGE_STIMMZETTEL": 105,
"AZ_JA_STIMMEN": 45
}
,
{
"GEMEINDE": "Dättlikon",
"BEZIRK": "Winterthur",
"STIMMBETEILIGUNG": "   64.49",
"AZ_GÜLTIGE_STIMMZETTEL": 55,
"AZ_JA_STIMMEN": 30
}
,
{
"GEMEINDE": "Dinhard",
"BEZIRK": "Winterthur",
"STIMMBETEILIGUNG": "   68.72",
"AZ_GÜLTIGE_STIMMZETTEL": 104,
"AZ_JA_STIMMEN": 51
}
,
{
"GEMEINDE": "Elgg",
"BEZIRK": "Winterthur",
"STIMMBETEILIGUNG": "   52.65",
"AZ_GÜLTIGE_STIMMZETTEL": 298,
"AZ_JA_STIMMEN": 191
}
,
{
"GEMEINDE": "Ellikon a.d.Th.",
"BEZIRK": "Winterthur",
"STIMMBETEILIGUNG": "   62.18",
"AZ_GÜLTIGE_STIMMZETTEL": 68,
"AZ_JA_STIMMEN": 36
}
,
{
"GEMEINDE": "Elsau",
"BEZIRK": "Winterthur",
"STIMMBETEILIGUNG": "   57.57",
"AZ_GÜLTIGE_STIMMZETTEL": 185,
"AZ_JA_STIMMEN": 119
}
,
{
"GEMEINDE": "Hagenbuch",
"BEZIRK": "Winterthur",
"STIMMBETEILIGUNG": "   71.95",
"AZ_GÜLTIGE_STIMMZETTEL": 87,
"AZ_JA_STIMMEN": 31
}
,
{
"GEMEINDE": "Hettlingen",
"BEZIRK": "Winterthur",
"STIMMBETEILIGUNG": "   56.57",
"AZ_GÜLTIGE_STIMMZETTEL": 88,
"AZ_JA_STIMMEN": 52
}
,
{
"GEMEINDE": "Hofstetten",
"BEZIRK": "Winterthur",
"STIMMBETEILIGUNG": "   72.41",
"AZ_GÜLTIGE_STIMMZETTEL": 80,
"AZ_JA_STIMMEN": 40
}
,
{
"GEMEINDE": "Neftenbach",
"BEZIRK": "Winterthur",
"STIMMBETEILIGUNG": "   55.56",
"AZ_GÜLTIGE_STIMMZETTEL": 263,
"AZ_JA_STIMMEN": 165
}
,
{
"GEMEINDE": "Pfungen",
"BEZIRK": "Winterthur",
"STIMMBETEILIGUNG": "   51.76",
"AZ_GÜLTIGE_STIMMZETTEL": 170,
"AZ_JA_STIMMEN": 119
}
,
{
"GEMEINDE": "Rickenbach",
"BEZIRK": "Winterthur",
"STIMMBETEILIGUNG": "   64.62",
"AZ_GÜLTIGE_STIMMZETTEL": 120,
"AZ_JA_STIMMEN": 57
}
,
{
"GEMEINDE": "Schlatt",
"BEZIRK": "Winterthur",
"STIMMBETEILIGUNG": "   58.57",
"AZ_GÜLTIGE_STIMMZETTEL": 70,
"AZ_JA_STIMMEN": 36
}
,
{
"GEMEINDE": "Seuzach",
"BEZIRK": "Winterthur",
"STIMMBETEILIGUNG": "   61.76",
"AZ_GÜLTIGE_STIMMZETTEL": 247,
"AZ_JA_STIMMEN": 157
}
,
{
"GEMEINDE": "Turbenthal",
"BEZIRK": "Winterthur",
"STIMMBETEILIGUNG": "   59.06",
"AZ_GÜLTIGE_STIMMZETTEL": 394,
"AZ_JA_STIMMEN": 254
}
,
{
"GEMEINDE": "Wiesendangen",
"BEZIRK": "Winterthur",
"STIMMBETEILIGUNG": "   63.06",
"AZ_GÜLTIGE_STIMMZETTEL": 361,
"AZ_JA_STIMMEN": 182
}
,
{
"GEMEINDE": "Winterthur",
"BEZIRK": "Winterthur",
"STIMMBETEILIGUNG": "   65.62",
"AZ_GÜLTIGE_STIMMZETTEL": 11886,
"AZ_JA_STIMMEN": 8241
}
,
{
"GEMEINDE": "Zell",
"BEZIRK": "Winterthur",
"STIMMBETEILIGUNG": "   64.93",
"AZ_GÜLTIGE_STIMMZETTEL": 476,
"AZ_JA_STIMMEN": 311
}
,
{
"GEMEINDE": "Zürich",
"BEZIRK": "Zürich",
"STIMMBETEILIGUNG": "   42.88",
"AZ_GÜLTIGE_STIMMZETTEL": 44969,
"AZ_JA_STIMMEN": 36878
}
]
