[
{
"GEMEINDE": "Aeugst a.A.",
"BEZIRK": "Affoltern",
"STIMMBETEILIGUNG": "   48.26",
"AZ_GÜLTIGE_STIMMZETTEL": 72,
"AZ_JA_STIMMEN": 45
}
,
{
"GEMEINDE": "Affoltern a.A.",
"BEZIRK": "Affoltern",
"STIMMBETEILIGUNG": "   50.25",
"AZ_GÜLTIGE_STIMMZETTEL": 459,
"AZ_JA_STIMMEN": 293
}
,
{
"GEMEINDE": "Bonstetten",
"BEZIRK": "Affoltern",
"STIMMBETEILIGUNG": "   64.29",
"AZ_GÜLTIGE_STIMMZETTEL": 166,
"AZ_JA_STIMMEN": 109
}
,
{
"GEMEINDE": "Hausen a.A.",
"BEZIRK": "Affoltern",
"STIMMBETEILIGUNG": "   47.15",
"AZ_GÜLTIGE_STIMMZETTEL": 192,
"AZ_JA_STIMMEN": 121
}
,
{
"GEMEINDE": "Hedingen",
"BEZIRK": "Affoltern",
"STIMMBETEILIGUNG": "   55.84",
"AZ_GÜLTIGE_STIMMZETTEL": 165,
"AZ_JA_STIMMEN": 127
}
,
{
"GEMEINDE": "Kappel a.A.",
"BEZIRK": "Affoltern",
"STIMMBETEILIGUNG": "   73.05",
"AZ_GÜLTIGE_STIMMZETTEL": 111,
"AZ_JA_STIMMEN": 62
}
,
{
"GEMEINDE": "Knonau",
"BEZIRK": "Affoltern",
"STIMMBETEILIGUNG": "   38.92",
"AZ_GÜLTIGE_STIMMZETTEL": 67,
"AZ_JA_STIMMEN": 36
}
,
{
"GEMEINDE": "Maschwanden",
"BEZIRK": "Affoltern",
"STIMMBETEILIGUNG": "   73.48",
"AZ_GÜLTIGE_STIMMZETTEL": 90,
"AZ_JA_STIMMEN": 48
}
,
{
"GEMEINDE": "Mettmenstetten",
"BEZIRK": "Affoltern",
"STIMMBETEILIGUNG": "   49.25",
"AZ_GÜLTIGE_STIMMZETTEL": 217,
"AZ_JA_STIMMEN": 143
}
,
{
"GEMEINDE": "Obfelden",
"BEZIRK": "Affoltern",
"STIMMBETEILIGUNG": "   54.99",
"AZ_GÜLTIGE_STIMMZETTEL": 218,
"AZ_JA_STIMMEN": 125
}
,
{
"GEMEINDE": "Ottenbach",
"BEZIRK": "Affoltern",
"STIMMBETEILIGUNG": "   59.44",
"AZ_GÜLTIGE_STIMMZETTEL": 164,
"AZ_JA_STIMMEN": 95
}
,
{
"GEMEINDE": "Rifferswil",
"BEZIRK": "Affoltern",
"STIMMBETEILIGUNG": "   46.71",
"AZ_GÜLTIGE_STIMMZETTEL": 64,
"AZ_JA_STIMMEN": 31
}
,
{
"GEMEINDE": "Stallikon",
"BEZIRK": "Affoltern",
"STIMMBETEILIGUNG": "   46.05",
"AZ_GÜLTIGE_STIMMZETTEL": 87,
"AZ_JA_STIMMEN": 66
}
,
{
"GEMEINDE": "Wettswil a.A.",
"BEZIRK": "Affoltern",
"STIMMBETEILIGUNG": "   30.65",
"AZ_GÜLTIGE_STIMMZETTEL": 36,
"AZ_JA_STIMMEN": 25
}
,
{
"GEMEINDE": "Adlikon",
"BEZIRK": "Andelfingen",
"STIMMBETEILIGUNG": "   82.71",
"AZ_GÜLTIGE_STIMMZETTEL": 98,
"AZ_JA_STIMMEN": 52
}
,
{
"GEMEINDE": "Andelfingen",
"BEZIRK": "Andelfingen",
"STIMMBETEILIGUNG": "   59.50",
"AZ_GÜLTIGE_STIMMZETTEL": 155,
"AZ_JA_STIMMEN": 102
}
,
{
"GEMEINDE": "Benken",
"BEZIRK": "Andelfingen",
"STIMMBETEILIGUNG": "   76.87",
"AZ_GÜLTIGE_STIMMZETTEL": 105,
"AZ_JA_STIMMEN": 65
}
,
{
"GEMEINDE": "Berg a.I.",
"BEZIRK": "Andelfingen",
"STIMMBETEILIGUNG": "   71.43",
"AZ_GÜLTIGE_STIMMZETTEL": 74,
"AZ_JA_STIMMEN": 33
}
,
{
"GEMEINDE": "Buch a.I.",
"BEZIRK": "Andelfingen",
"STIMMBETEILIGUNG": "   71.32",
"AZ_GÜLTIGE_STIMMZETTEL": 85,
"AZ_JA_STIMMEN": 55
}
,
{
"GEMEINDE": "Dachsen",
"BEZIRK": "Andelfingen",
"STIMMBETEILIGUNG": "   78.17",
"AZ_GÜLTIGE_STIMMZETTEL": 147,
"AZ_JA_STIMMEN": 106
}
,
{
"GEMEINDE": "Dorf",
"BEZIRK": "Andelfingen",
"STIMMBETEILIGUNG": "   66.67",
"AZ_GÜLTIGE_STIMMZETTEL": 55,
"AZ_JA_STIMMEN": 34
}
,
{
"GEMEINDE": "Feuerthalen",
"BEZIRK": "Andelfingen",
"STIMMBETEILIGUNG": "   67.54",
"AZ_GÜLTIGE_STIMMZETTEL": 494,
"AZ_JA_STIMMEN": 367
}
,
{
"GEMEINDE": "Flaach",
"BEZIRK": "Andelfingen",
"STIMMBETEILIGUNG": "   66.99",
"AZ_GÜLTIGE_STIMMZETTEL": 130,
"AZ_JA_STIMMEN": 84
}
,
{
"GEMEINDE": "Flurlingen",
"BEZIRK": "Andelfingen",
"STIMMBETEILIGUNG": "   72.70",
"AZ_GÜLTIGE_STIMMZETTEL": 211,
"AZ_JA_STIMMEN": 162
}
,
{
"GEMEINDE": "Henggart",
"BEZIRK": "Andelfingen",
"STIMMBETEILIGUNG": "   67.61",
"AZ_GÜLTIGE_STIMMZETTEL": 91,
"AZ_JA_STIMMEN": 69
}
,
{
"GEMEINDE": "Humlikon",
"BEZIRK": "Andelfingen",
"STIMMBETEILIGUNG": "   89.61",
"AZ_GÜLTIGE_STIMMZETTEL": 63,
"AZ_JA_STIMMEN": 41
}
,
{
"GEMEINDE": "Kleinandelfingen",
"BEZIRK": "Andelfingen",
"STIMMBETEILIGUNG": "   76.79",
"AZ_GÜLTIGE_STIMMZETTEL": 199,
"AZ_JA_STIMMEN": 110
}
,
{
"GEMEINDE": "Laufen-Uhwiesen",
"BEZIRK": "Andelfingen",
"STIMMBETEILIGUNG": "   58.54",
"AZ_GÜLTIGE_STIMMZETTEL": 131,
"AZ_JA_STIMMEN": 83
}
,
{
"GEMEINDE": "Marthalen",
"BEZIRK": "Andelfingen",
"STIMMBETEILIGUNG": "   59.54",
"AZ_GÜLTIGE_STIMMZETTEL": 224,
"AZ_JA_STIMMEN": 134
}
,
{
"GEMEINDE": "Oberstammheim",
"BEZIRK": "Andelfingen",
"STIMMBETEILIGUNG": "   55.14",
"AZ_GÜLTIGE_STIMMZETTEL": 128,
"AZ_JA_STIMMEN": 65
}
,
{
"GEMEINDE": "Ossingen",
"BEZIRK": "Andelfingen",
"STIMMBETEILIGUNG": "   65.38",
"AZ_GÜLTIGE_STIMMZETTEL": 161,
"AZ_JA_STIMMEN": 96
}
,
{
"GEMEINDE": "Rheinau",
"BEZIRK": "Andelfingen",
"STIMMBETEILIGUNG": "   63.93",
"AZ_GÜLTIGE_STIMMZETTEL": 181,
"AZ_JA_STIMMEN": 124
}
,
{
"GEMEINDE": "Thalheim a.d.Th.",
"BEZIRK": "Andelfingen",
"STIMMBETEILIGUNG": "   77.04",
"AZ_GÜLTIGE_STIMMZETTEL": 71,
"AZ_JA_STIMMEN": 48
}
,
{
"GEMEINDE": "Trüllikon",
"BEZIRK": "Andelfingen",
"STIMMBETEILIGUNG": "   69.31",
"AZ_GÜLTIGE_STIMMZETTEL": 174,
"AZ_JA_STIMMEN": 94
}
,
{
"GEMEINDE": "Truttikon",
"BEZIRK": "Andelfingen",
"STIMMBETEILIGUNG": "   83.53",
"AZ_GÜLTIGE_STIMMZETTEL": 58,
"AZ_JA_STIMMEN": 17
}
,
{
"GEMEINDE": "Unterstammheim",
"BEZIRK": "Andelfingen",
"STIMMBETEILIGUNG": "   57.79",
"AZ_GÜLTIGE_STIMMZETTEL": 99,
"AZ_JA_STIMMEN": 54
}
,
{
"GEMEINDE": "Volken",
"BEZIRK": "Andelfingen",
"STIMMBETEILIGUNG": "   54.79",
"AZ_GÜLTIGE_STIMMZETTEL": 31,
"AZ_JA_STIMMEN": 19
}
,
{
"GEMEINDE": "Waltalingen",
"BEZIRK": "Andelfingen",
"STIMMBETEILIGUNG": "   73.49",
"AZ_GÜLTIGE_STIMMZETTEL": 102,
"AZ_JA_STIMMEN": 59
}
,
{
"GEMEINDE": "Bachenbülach",
"BEZIRK": "Bülach",
"STIMMBETEILIGUNG": "   62.05",
"AZ_GÜLTIGE_STIMMZETTEL": 106,
"AZ_JA_STIMMEN": 61
}
,
{
"GEMEINDE": "Bassersdorf",
"BEZIRK": "Bülach",
"STIMMBETEILIGUNG": "   59.90",
"AZ_GÜLTIGE_STIMMZETTEL": 343,
"AZ_JA_STIMMEN": 259
}
,
{
"GEMEINDE": "Bülach",
"BEZIRK": "Bülach",
"STIMMBETEILIGUNG": "   50.99",
"AZ_GÜLTIGE_STIMMZETTEL": 610,
"AZ_JA_STIMMEN": 377
}
,
{
"GEMEINDE": "Dietlikon",
"BEZIRK": "Bülach",
"STIMMBETEILIGUNG": "   43.82",
"AZ_GÜLTIGE_STIMMZETTEL": 132,
"AZ_JA_STIMMEN": 91
}
,
{
"GEMEINDE": "Eglisau",
"BEZIRK": "Bülach",
"STIMMBETEILIGUNG": "   55.70",
"AZ_GÜLTIGE_STIMMZETTEL": 242,
"AZ_JA_STIMMEN": 169
}
,
{
"GEMEINDE": "Embrach",
"BEZIRK": "Bülach",
"STIMMBETEILIGUNG": "   63.54",
"AZ_GÜLTIGE_STIMMZETTEL": 336,
"AZ_JA_STIMMEN": 189
}
,
{
"GEMEINDE": "Freienstein-Teufen",
"BEZIRK": "Bülach",
"STIMMBETEILIGUNG": "   67.16",
"AZ_GÜLTIGE_STIMMZETTEL": 204,
"AZ_JA_STIMMEN": 112
}
,
{
"GEMEINDE": "Glattfelden",
"BEZIRK": "Bülach",
"STIMMBETEILIGUNG": "   73.34",
"AZ_GÜLTIGE_STIMMZETTEL": 418,
"AZ_JA_STIMMEN": 293
}
,
{
"GEMEINDE": "Hochfelden",
"BEZIRK": "Bülach",
"STIMMBETEILIGUNG": "   64.47",
"AZ_GÜLTIGE_STIMMZETTEL": 95,
"AZ_JA_STIMMEN": 40
}
,
{
"GEMEINDE": "Höri",
"BEZIRK": "Bülach",
"STIMMBETEILIGUNG": "   62.50",
"AZ_GÜLTIGE_STIMMZETTEL": 87,
"AZ_JA_STIMMEN": 54
}
,
{
"GEMEINDE": "Hüntwangen",
"BEZIRK": "Bülach",
"STIMMBETEILIGUNG": "   76.47",
"AZ_GÜLTIGE_STIMMZETTEL": 119,
"AZ_JA_STIMMEN": 47
}
,
{
"GEMEINDE": "Kloten",
"BEZIRK": "Bülach",
"STIMMBETEILIGUNG": "   40.18",
"AZ_GÜLTIGE_STIMMZETTEL": 292,
"AZ_JA_STIMMEN": 205
}
,
{
"GEMEINDE": "Lufingen",
"BEZIRK": "Bülach",
"STIMMBETEILIGUNG": "   69.72",
"AZ_GÜLTIGE_STIMMZETTEL": 67,
"AZ_JA_STIMMEN": 39
}
,
{
"GEMEINDE": "Nürensdorf",
"BEZIRK": "Bülach",
"STIMMBETEILIGUNG": "   67.35",
"AZ_GÜLTIGE_STIMMZETTEL": 148,
"AZ_JA_STIMMEN": 106
}
,
{
"GEMEINDE": "Oberembrach",
"BEZIRK": "Bülach",
"STIMMBETEILIGUNG": "   71.35",
"AZ_GÜLTIGE_STIMMZETTEL": 113,
"AZ_JA_STIMMEN": 70
}
,
{
"GEMEINDE": "Opfikon",
"BEZIRK": "Bülach",
"STIMMBETEILIGUNG": "   50.85",
"AZ_GÜLTIGE_STIMMZETTEL": 338,
"AZ_JA_STIMMEN": 270
}
,
{
"GEMEINDE": "Rafz",
"BEZIRK": "Bülach",
"STIMMBETEILIGUNG": "   60.84",
"AZ_GÜLTIGE_STIMMZETTEL": 302,
"AZ_JA_STIMMEN": 168
}
,
{
"GEMEINDE": "Rorbas",
"BEZIRK": "Bülach",
"STIMMBETEILIGUNG": "   62.04",
"AZ_GÜLTIGE_STIMMZETTEL": 201,
"AZ_JA_STIMMEN": 126
}
,
{
"GEMEINDE": "Wallisellen",
"BEZIRK": "Bülach",
"STIMMBETEILIGUNG": "   49.19",
"AZ_GÜLTIGE_STIMMZETTEL": 718,
"AZ_JA_STIMMEN": 558
}
,
{
"GEMEINDE": "Wasterkingen",
"BEZIRK": "Bülach",
"STIMMBETEILIGUNG": "   72.94",
"AZ_GÜLTIGE_STIMMZETTEL": 50,
"AZ_JA_STIMMEN": 24
}
,
{
"GEMEINDE": "Wil",
"BEZIRK": "Bülach",
"STIMMBETEILIGUNG": "   73.25",
"AZ_GÜLTIGE_STIMMZETTEL": 141,
"AZ_JA_STIMMEN": 72
}
,
{
"GEMEINDE": "Winkel",
"BEZIRK": "Bülach",
"STIMMBETEILIGUNG": "   82.29",
"AZ_GÜLTIGE_STIMMZETTEL": 132,
"AZ_JA_STIMMEN": 61
}
,
{
"GEMEINDE": "Bachs",
"BEZIRK": "Dielsdorf",
"STIMMBETEILIGUNG": "   50.72",
"AZ_GÜLTIGE_STIMMZETTEL": 60,
"AZ_JA_STIMMEN": 36
}
,
{
"GEMEINDE": "Boppelsen",
"BEZIRK": "Dielsdorf",
"STIMMBETEILIGUNG": "   73.86",
"AZ_GÜLTIGE_STIMMZETTEL": 61,
"AZ_JA_STIMMEN": 43
}
,
{
"GEMEINDE": "Buchs",
"BEZIRK": "Dielsdorf",
"STIMMBETEILIGUNG": "   60.57",
"AZ_GÜLTIGE_STIMMZETTEL": 98,
"AZ_JA_STIMMEN": 55
}
,
{
"GEMEINDE": "Dällikon",
"BEZIRK": "Dielsdorf",
"STIMMBETEILIGUNG": "   60.34",
"AZ_GÜLTIGE_STIMMZETTEL": 63,
"AZ_JA_STIMMEN": 31
}
,
{
"GEMEINDE": "Dänikon",
"BEZIRK": "Dielsdorf",
"STIMMBETEILIGUNG": "   67.24",
"AZ_GÜLTIGE_STIMMZETTEL": 36,
"AZ_JA_STIMMEN": 24
}
,
{
"GEMEINDE": "Dielsdorf",
"BEZIRK": "Dielsdorf",
"STIMMBETEILIGUNG": "   50.32",
"AZ_GÜLTIGE_STIMMZETTEL": 151,
"AZ_JA_STIMMEN": 100
}
,
{
"GEMEINDE": "Hüttikon",
"BEZIRK": "Dielsdorf",
"STIMMBETEILIGUNG": "   65.91",
"AZ_GÜLTIGE_STIMMZETTEL": 24,
"AZ_JA_STIMMEN": 16
}
,
{
"GEMEINDE": "Neerach",
"BEZIRK": "Dielsdorf",
"STIMMBETEILIGUNG": "   53.22",
"AZ_GÜLTIGE_STIMMZETTEL": 86,
"AZ_JA_STIMMEN": 46
}
,
{
"GEMEINDE": "Niederglatt",
"BEZIRK": "Dielsdorf",
"STIMMBETEILIGUNG": "   49.82",
"AZ_GÜLTIGE_STIMMZETTEL": 126,
"AZ_JA_STIMMEN": 80
}
,
{
"GEMEINDE": "Niederhasli",
"BEZIRK": "Dielsdorf",
"STIMMBETEILIGUNG": "   68.85",
"AZ_GÜLTIGE_STIMMZETTEL": 185,
"AZ_JA_STIMMEN": 115
}
,
{
"GEMEINDE": "Niederweningen",
"BEZIRK": "Dielsdorf",
"STIMMBETEILIGUNG": "   44.76",
"AZ_GÜLTIGE_STIMMZETTEL": 109,
"AZ_JA_STIMMEN": 68
}
,
{
"GEMEINDE": "Oberglatt",
"BEZIRK": "Dielsdorf",
"STIMMBETEILIGUNG": "   54.60",
"AZ_GÜLTIGE_STIMMZETTEL": 177,
"AZ_JA_STIMMEN": 122
}
,
{
"GEMEINDE": "Oberweningen",
"BEZIRK": "Dielsdorf",
"STIMMBETEILIGUNG": "   50.49",
"AZ_GÜLTIGE_STIMMZETTEL": 47,
"AZ_JA_STIMMEN": 27
}
,
{
"GEMEINDE": "Otelfingen",
"BEZIRK": "Dielsdorf",
"STIMMBETEILIGUNG": "   45.81",
"AZ_GÜLTIGE_STIMMZETTEL": 90,
"AZ_JA_STIMMEN": 57
}
,
{
"GEMEINDE": "Regensberg",
"BEZIRK": "Dielsdorf",
"STIMMBETEILIGUNG": "   68.75",
"AZ_GÜLTIGE_STIMMZETTEL": 53,
"AZ_JA_STIMMEN": 31
}
,
{
"GEMEINDE": "Regensdorf",
"BEZIRK": "Dielsdorf",
"STIMMBETEILIGUNG": "   51.15",
"AZ_GÜLTIGE_STIMMZETTEL": 278,
"AZ_JA_STIMMEN": 189
}
,
{
"GEMEINDE": "Rümlang",
"BEZIRK": "Dielsdorf",
"STIMMBETEILIGUNG": "   45.91",
"AZ_GÜLTIGE_STIMMZETTEL": 202,
"AZ_JA_STIMMEN": 137
}
,
{
"GEMEINDE": "Schleinikon",
"BEZIRK": "Dielsdorf",
"STIMMBETEILIGUNG": "   53.91",
"AZ_GÜLTIGE_STIMMZETTEL": 57,
"AZ_JA_STIMMEN": 31
}
,
{
"GEMEINDE": "Schöfflisdorf",
"BEZIRK": "Dielsdorf",
"STIMMBETEILIGUNG": "   67.80",
"AZ_GÜLTIGE_STIMMZETTEL": 73,
"AZ_JA_STIMMEN": 34
}
,
{
"GEMEINDE": "Stadel",
"BEZIRK": "Dielsdorf",
"STIMMBETEILIGUNG": "   63.37",
"AZ_GÜLTIGE_STIMMZETTEL": 170,
"AZ_JA_STIMMEN": 66
}
,
{
"GEMEINDE": "Steinmaur",
"BEZIRK": "Dielsdorf",
"STIMMBETEILIGUNG": "   55.88",
"AZ_GÜLTIGE_STIMMZETTEL": 107,
"AZ_JA_STIMMEN": 62
}
,
{
"GEMEINDE": "Weiach",
"BEZIRK": "Dielsdorf",
"STIMMBETEILIGUNG": "   55.26",
"AZ_GÜLTIGE_STIMMZETTEL": 95,
"AZ_JA_STIMMEN": 64
}
,
{
"GEMEINDE": "Aesch",
"BEZIRK": "Dietikon",
"STIMMBETEILIGUNG": "   63.83",
"AZ_GÜLTIGE_STIMMZETTEL": 52,
"AZ_JA_STIMMEN": 42
}
,
{
"GEMEINDE": "Birmensdorf",
"BEZIRK": "Dietikon",
"STIMMBETEILIGUNG": "   55.86",
"AZ_GÜLTIGE_STIMMZETTEL": 230,
"AZ_JA_STIMMEN": 177
}
,
{
"GEMEINDE": "Dietikon",
"BEZIRK": "Dietikon",
"STIMMBETEILIGUNG": "   42.40",
"AZ_GÜLTIGE_STIMMZETTEL": 817,
"AZ_JA_STIMMEN": 642
}
,
{
"GEMEINDE": "Geroldswil",
"BEZIRK": "Dietikon",
"STIMMBETEILIGUNG": "   44.62",
"AZ_GÜLTIGE_STIMMZETTEL": 53,
"AZ_JA_STIMMEN": 35
}
,
{
"GEMEINDE": "Oberengstringen",
"BEZIRK": "Dietikon",
"STIMMBETEILIGUNG": "   29.67",
"AZ_GÜLTIGE_STIMMZETTEL": 86,
"AZ_JA_STIMMEN": 70
}
,
{
"GEMEINDE": "Oetwil a.d.L",
"BEZIRK": "Dietikon",
"STIMMBETEILIGUNG": "   60.23",
"AZ_GÜLTIGE_STIMMZETTEL": 49,
"AZ_JA_STIMMEN": 36
}
,
{
"GEMEINDE": "Schlieren",
"BEZIRK": "Dietikon",
"STIMMBETEILIGUNG": "   46.27",
"AZ_GÜLTIGE_STIMMZETTEL": 776,
"AZ_JA_STIMMEN": 668
}
,
{
"GEMEINDE": "Uitikon",
"BEZIRK": "Dietikon",
"STIMMBETEILIGUNG": "   33.85",
"AZ_GÜLTIGE_STIMMZETTEL": 83,
"AZ_JA_STIMMEN": 69
}
,
{
"GEMEINDE": "Unterengstringen",
"BEZIRK": "Dietikon",
"STIMMBETEILIGUNG": "   45.90",
"AZ_GÜLTIGE_STIMMZETTEL": 108,
"AZ_JA_STIMMEN": 86
}
,
{
"GEMEINDE": "Urdorf",
"BEZIRK": "Dietikon",
"STIMMBETEILIGUNG": "   39.84",
"AZ_GÜLTIGE_STIMMZETTEL": 198,
"AZ_JA_STIMMEN": 158
}
,
{
"GEMEINDE": "Weiningen",
"BEZIRK": "Dietikon",
"STIMMBETEILIGUNG": "   47.21",
"AZ_GÜLTIGE_STIMMZETTEL": 130,
"AZ_JA_STIMMEN": 105
}
,
{
"GEMEINDE": "Bäretswil",
"BEZIRK": "Hinwil",
"STIMMBETEILIGUNG": "   60.75",
"AZ_GÜLTIGE_STIMMZETTEL": 396,
"AZ_JA_STIMMEN": 254
}
,
{
"GEMEINDE": "Bubikon",
"BEZIRK": "Hinwil",
"STIMMBETEILIGUNG": "   52.39",
"AZ_GÜLTIGE_STIMMZETTEL": 315,
"AZ_JA_STIMMEN": 178
}
,
{
"GEMEINDE": "Dürnten",
"BEZIRK": "Hinwil",
"STIMMBETEILIGUNG": "   54.75",
"AZ_GÜLTIGE_STIMMZETTEL": 482,
"AZ_JA_STIMMEN": 333
}
,
{
"GEMEINDE": "Fischenthal",
"BEZIRK": "Hinwil",
"STIMMBETEILIGUNG": "   50.26",
"AZ_GÜLTIGE_STIMMZETTEL": 249,
"AZ_JA_STIMMEN": 122
}
,
{
"GEMEINDE": "Gossau",
"BEZIRK": "Hinwil",
"STIMMBETEILIGUNG": "   52.73",
"AZ_GÜLTIGE_STIMMZETTEL": 416,
"AZ_JA_STIMMEN": 229
}
,
{
"GEMEINDE": "Grüningen",
"BEZIRK": "Hinwil",
"STIMMBETEILIGUNG": "   50.24",
"AZ_GÜLTIGE_STIMMZETTEL": 198,
"AZ_JA_STIMMEN": 126
}
,
{
"GEMEINDE": "Hinwil",
"BEZIRK": "Hinwil",
"STIMMBETEILIGUNG": "   60.35",
"AZ_GÜLTIGE_STIMMZETTEL": 562,
"AZ_JA_STIMMEN": 311
}
,
{
"GEMEINDE": "Rüti",
"BEZIRK": "Hinwil",
"STIMMBETEILIGUNG": "   55.94",
"AZ_GÜLTIGE_STIMMZETTEL": 1003,
"AZ_JA_STIMMEN": 671
}
,
{
"GEMEINDE": "Seegräben",
"BEZIRK": "Hinwil",
"STIMMBETEILIGUNG": "   62.05",
"AZ_GÜLTIGE_STIMMZETTEL": 121,
"AZ_JA_STIMMEN": 86
}
,
{
"GEMEINDE": "Wald",
"BEZIRK": "Hinwil",
"STIMMBETEILIGUNG": "   46.62",
"AZ_GÜLTIGE_STIMMZETTEL": 884,
"AZ_JA_STIMMEN": 429
}
,
{
"GEMEINDE": "Wetzikon",
"BEZIRK": "Hinwil",
"STIMMBETEILIGUNG": "   54.76",
"AZ_GÜLTIGE_STIMMZETTEL": 1087,
"AZ_JA_STIMMEN": 698
}
,
{
"GEMEINDE": "Adliswil",
"BEZIRK": "Horgen",
"STIMMBETEILIGUNG": "   42.15",
"AZ_GÜLTIGE_STIMMZETTEL": 702,
"AZ_JA_STIMMEN": 534
}
,
{
"GEMEINDE": "Hirzel",
"BEZIRK": "Horgen",
"STIMMBETEILIGUNG": "   51.69",
"AZ_GÜLTIGE_STIMMZETTEL": 168,
"AZ_JA_STIMMEN": 80
}
,
{
"GEMEINDE": "Horgen",
"BEZIRK": "Horgen",
"STIMMBETEILIGUNG": "   47.31",
"AZ_GÜLTIGE_STIMMZETTEL": 1341,
"AZ_JA_STIMMEN": 889
}
,
{
"GEMEINDE": "Hütten",
"BEZIRK": "Horgen",
"STIMMBETEILIGUNG": "   43.69",
"AZ_GÜLTIGE_STIMMZETTEL": 85,
"AZ_JA_STIMMEN": 49
}
,
{
"GEMEINDE": "Kilchberg",
"BEZIRK": "Horgen",
"STIMMBETEILIGUNG": "   42.98",
"AZ_GÜLTIGE_STIMMZETTEL": 596,
"AZ_JA_STIMMEN": 481
}
,
{
"GEMEINDE": "Langnau a.A.",
"BEZIRK": "Horgen",
"STIMMBETEILIGUNG": "   32.10",
"AZ_GÜLTIGE_STIMMZETTEL": 198,
"AZ_JA_STIMMEN": 146
}
,
{
"GEMEINDE": "Oberrieden",
"BEZIRK": "Horgen",
"STIMMBETEILIGUNG": "   34.91",
"AZ_GÜLTIGE_STIMMZETTEL": 196,
"AZ_JA_STIMMEN": 142
}
,
{
"GEMEINDE": "Richterswil",
"BEZIRK": "Horgen",
"STIMMBETEILIGUNG": "   66.02",
"AZ_GÜLTIGE_STIMMZETTEL": 883,
"AZ_JA_STIMMEN": 447
}
,
{
"GEMEINDE": "Rüschlikon",
"BEZIRK": "Horgen",
"STIMMBETEILIGUNG": "   35.54",
"AZ_GÜLTIGE_STIMMZETTEL": 314,
"AZ_JA_STIMMEN": 241
}
,
{
"GEMEINDE": "Schönenberg",
"BEZIRK": "Horgen",
"STIMMBETEILIGUNG": "   39.19",
"AZ_GÜLTIGE_STIMMZETTEL": 139,
"AZ_JA_STIMMEN": 70
}
,
{
"GEMEINDE": "Thalwil",
"BEZIRK": "Horgen",
"STIMMBETEILIGUNG": "   42.73",
"AZ_GÜLTIGE_STIMMZETTEL": 1088,
"AZ_JA_STIMMEN": 799
}
,
{
"GEMEINDE": "Wädenswil",
"BEZIRK": "Horgen",
"STIMMBETEILIGUNG": "   47.85",
"AZ_GÜLTIGE_STIMMZETTEL": 1321,
"AZ_JA_STIMMEN": 779
}
,
{
"GEMEINDE": "Erlenbach",
"BEZIRK": "Meilen",
"STIMMBETEILIGUNG": "   42.47",
"AZ_GÜLTIGE_STIMMZETTEL": 402,
"AZ_JA_STIMMEN": 318
}
,
{
"GEMEINDE": "Herrliberg",
"BEZIRK": "Meilen",
"STIMMBETEILIGUNG": "   37.60",
"AZ_GÜLTIGE_STIMMZETTEL": 226,
"AZ_JA_STIMMEN": 167
}
,
{
"GEMEINDE": "Hombrechtikon",
"BEZIRK": "Meilen",
"STIMMBETEILIGUNG": "   61.30",
"AZ_GÜLTIGE_STIMMZETTEL": 484,
"AZ_JA_STIMMEN": 301
}
,
{
"GEMEINDE": "Küsnacht",
"BEZIRK": "Meilen",
"STIMMBETEILIGUNG": "   43.01",
"AZ_GÜLTIGE_STIMMZETTEL": 976,
"AZ_JA_STIMMEN": 843
}
,
{
"GEMEINDE": "Männedorf",
"BEZIRK": "Meilen",
"STIMMBETEILIGUNG": "   37.32",
"AZ_GÜLTIGE_STIMMZETTEL": 426,
"AZ_JA_STIMMEN": 293
}
,
{
"GEMEINDE": "Meilen",
"BEZIRK": "Meilen",
"STIMMBETEILIGUNG": "   49.68",
"AZ_GÜLTIGE_STIMMZETTEL": 809,
"AZ_JA_STIMMEN": 597
}
,
{
"GEMEINDE": "Oetwil a.S.",
"BEZIRK": "Meilen",
"STIMMBETEILIGUNG": "   51.00",
"AZ_GÜLTIGE_STIMMZETTEL": 143,
"AZ_JA_STIMMEN": 71
}
,
{
"GEMEINDE": "Stäfa",
"BEZIRK": "Meilen",
"STIMMBETEILIGUNG": "   53.31",
"AZ_GÜLTIGE_STIMMZETTEL": 774,
"AZ_JA_STIMMEN": 528
}
,
{
"GEMEINDE": "Uetikon a.S.",
"BEZIRK": "Meilen",
"STIMMBETEILIGUNG": "   50.83",
"AZ_GÜLTIGE_STIMMZETTEL": 323,
"AZ_JA_STIMMEN": 246
}
,
{
"GEMEINDE": "Zollikon",
"BEZIRK": "Meilen",
"STIMMBETEILIGUNG": "   37.78",
"AZ_GÜLTIGE_STIMMZETTEL": 695,
"AZ_JA_STIMMEN": 562
}
,
{
"GEMEINDE": "Zumikon",
"BEZIRK": "Meilen",
"STIMMBETEILIGUNG": "   49.66",
"AZ_GÜLTIGE_STIMMZETTEL": 136,
"AZ_JA_STIMMEN": 103
}
,
{
"GEMEINDE": "Bauma",
"BEZIRK": "Pfäffikon",
"STIMMBETEILIGUNG": "   50.92",
"AZ_GÜLTIGE_STIMMZETTEL": 488,
"AZ_JA_STIMMEN": 287
}
,
{
"GEMEINDE": "Fehraltorf",
"BEZIRK": "Pfäffikon",
"STIMMBETEILIGUNG": "   55.04",
"AZ_GÜLTIGE_STIMMZETTEL": 192,
"AZ_JA_STIMMEN": 127
}
,
{
"GEMEINDE": "Hittnau",
"BEZIRK": "Pfäffikon",
"STIMMBETEILIGUNG": "   70.50",
"AZ_GÜLTIGE_STIMMZETTEL": 269,
"AZ_JA_STIMMEN": 186
}
,
{
"GEMEINDE": "Illnau-Effretikon",
"BEZIRK": "Pfäffikon",
"STIMMBETEILIGUNG": "   65.33",
"AZ_GÜLTIGE_STIMMZETTEL": 850,
"AZ_JA_STIMMEN": 570
}
,
{
"GEMEINDE": "Lindau",
"BEZIRK": "Pfäffikon",
"STIMMBETEILIGUNG": "   68.52",
"AZ_GÜLTIGE_STIMMZETTEL": 343,
"AZ_JA_STIMMEN": 249
}
,
{
"GEMEINDE": "Pfäffikon",
"BEZIRK": "Pfäffikon",
"STIMMBETEILIGUNG": "   63.60",
"AZ_GÜLTIGE_STIMMZETTEL": 799,
"AZ_JA_STIMMEN": 537
}
,
{
"GEMEINDE": "Russikon",
"BEZIRK": "Pfäffikon",
"STIMMBETEILIGUNG": "   68.97",
"AZ_GÜLTIGE_STIMMZETTEL": 283,
"AZ_JA_STIMMEN": 156
}
,
{
"GEMEINDE": "Weisslingen",
"BEZIRK": "Pfäffikon",
"STIMMBETEILIGUNG": "   75.91",
"AZ_GÜLTIGE_STIMMZETTEL": 282,
"AZ_JA_STIMMEN": 181
}
,
{
"GEMEINDE": "Wila",
"BEZIRK": "Pfäffikon",
"STIMMBETEILIGUNG": "   54.92",
"AZ_GÜLTIGE_STIMMZETTEL": 146,
"AZ_JA_STIMMEN": 75
}
,
{
"GEMEINDE": "Wildberg",
"BEZIRK": "Pfäffikon",
"STIMMBETEILIGUNG": "   59.70",
"AZ_GÜLTIGE_STIMMZETTEL": 114,
"AZ_JA_STIMMEN": 90
}
,
{
"GEMEINDE": "Dübendorf",
"BEZIRK": "Uster",
"STIMMBETEILIGUNG": "   41.39",
"AZ_GÜLTIGE_STIMMZETTEL": 832,
"AZ_JA_STIMMEN": 646
}
,
{
"GEMEINDE": "Egg",
"BEZIRK": "Uster",
"STIMMBETEILIGUNG": "   54.03",
"AZ_GÜLTIGE_STIMMZETTEL": 326,
"AZ_JA_STIMMEN": 194
}
,
{
"GEMEINDE": "Fällanden",
"BEZIRK": "Uster",
"STIMMBETEILIGUNG": "   37.98",
"AZ_GÜLTIGE_STIMMZETTEL": 92,
"AZ_JA_STIMMEN": 66
}
,
{
"GEMEINDE": "Greifensee",
"BEZIRK": "Uster",
"STIMMBETEILIGUNG": "   72.04",
"AZ_GÜLTIGE_STIMMZETTEL": 64,
"AZ_JA_STIMMEN": 46
}
,
{
"GEMEINDE": "Maur",
"BEZIRK": "Uster",
"STIMMBETEILIGUNG": "   57.05",
"AZ_GÜLTIGE_STIMMZETTEL": 231,
"AZ_JA_STIMMEN": 153
}
,
{
"GEMEINDE": "Mönchaltorf",
"BEZIRK": "Uster",
"STIMMBETEILIGUNG": "   51.76",
"AZ_GÜLTIGE_STIMMZETTEL": 124,
"AZ_JA_STIMMEN": 76
}
,
{
"GEMEINDE": "Schwerzenbach",
"BEZIRK": "Uster",
"STIMMBETEILIGUNG": "   40.17",
"AZ_GÜLTIGE_STIMMZETTEL": 45,
"AZ_JA_STIMMEN": 39
}
,
{
"GEMEINDE": "Uster",
"BEZIRK": "Uster",
"STIMMBETEILIGUNG": "   60.72",
"AZ_GÜLTIGE_STIMMZETTEL": 2059,
"AZ_JA_STIMMEN": 1165
}
,
{
"GEMEINDE": "Volketswil",
"BEZIRK": "Uster",
"STIMMBETEILIGUNG": "   56.64",
"AZ_GÜLTIGE_STIMMZETTEL": 283,
"AZ_JA_STIMMEN": 172
}
,
{
"GEMEINDE": "Wangen-Brüttisellen",
"BEZIRK": "Uster",
"STIMMBETEILIGUNG": "   53.60",
"AZ_GÜLTIGE_STIMMZETTEL": 253,
"AZ_JA_STIMMEN": 201
}
,
{
"GEMEINDE": "Altikon",
"BEZIRK": "Winterthur",
"STIMMBETEILIGUNG": "   63.75",
"AZ_GÜLTIGE_STIMMZETTEL": 95,
"AZ_JA_STIMMEN": 49
}
,
{
"GEMEINDE": "Brütten",
"BEZIRK": "Winterthur",
"STIMMBETEILIGUNG": "   59.52",
"AZ_GÜLTIGE_STIMMZETTEL": 91,
"AZ_JA_STIMMEN": 55
}
,
{
"GEMEINDE": "Dägerlen",
"BEZIRK": "Winterthur",
"STIMMBETEILIGUNG": "   80.50",
"AZ_GÜLTIGE_STIMMZETTEL": 117,
"AZ_JA_STIMMEN": 69
}
,
{
"GEMEINDE": "Dättlikon",
"BEZIRK": "Winterthur",
"STIMMBETEILIGUNG": "   60.78",
"AZ_GÜLTIGE_STIMMZETTEL": 51,
"AZ_JA_STIMMEN": 35
}
,
{
"GEMEINDE": "Dinhard",
"BEZIRK": "Winterthur",
"STIMMBETEILIGUNG": "   78.61",
"AZ_GÜLTIGE_STIMMZETTEL": 120,
"AZ_JA_STIMMEN": 69
}
,
{
"GEMEINDE": "Elgg",
"BEZIRK": "Winterthur",
"STIMMBETEILIGUNG": "   51.94",
"AZ_GÜLTIGE_STIMMZETTEL": 306,
"AZ_JA_STIMMEN": 173
}
,
{
"GEMEINDE": "Ellikon a.d.Th.",
"BEZIRK": "Winterthur",
"STIMMBETEILIGUNG": "   67.46",
"AZ_GÜLTIGE_STIMMZETTEL": 75,
"AZ_JA_STIMMEN": 49
}
,
{
"GEMEINDE": "Elsau",
"BEZIRK": "Winterthur",
"STIMMBETEILIGUNG": "   56.51",
"AZ_GÜLTIGE_STIMMZETTEL": 194,
"AZ_JA_STIMMEN": 124
}
,
{
"GEMEINDE": "Hagenbuch",
"BEZIRK": "Winterthur",
"STIMMBETEILIGUNG": "   73.49",
"AZ_GÜLTIGE_STIMMZETTEL": 97,
"AZ_JA_STIMMEN": 55
}
,
{
"GEMEINDE": "Hettlingen",
"BEZIRK": "Winterthur",
"STIMMBETEILIGUNG": "   54.65",
"AZ_GÜLTIGE_STIMMZETTEL": 82,
"AZ_JA_STIMMEN": 51
}
,
{
"GEMEINDE": "Hofstetten",
"BEZIRK": "Winterthur",
"STIMMBETEILIGUNG": "   70.59",
"AZ_GÜLTIGE_STIMMZETTEL": 88,
"AZ_JA_STIMMEN": 43
}
,
{
"GEMEINDE": "Neftenbach",
"BEZIRK": "Winterthur",
"STIMMBETEILIGUNG": "   60.18",
"AZ_GÜLTIGE_STIMMZETTEL": 298,
"AZ_JA_STIMMEN": 194
}
,
{
"GEMEINDE": "Pfungen",
"BEZIRK": "Winterthur",
"STIMMBETEILIGUNG": "   52.04",
"AZ_GÜLTIGE_STIMMZETTEL": 170,
"AZ_JA_STIMMEN": 117
}
,
{
"GEMEINDE": "Rickenbach",
"BEZIRK": "Winterthur",
"STIMMBETEILIGUNG": "   58.91",
"AZ_GÜLTIGE_STIMMZETTEL": 103,
"AZ_JA_STIMMEN": 68
}
,
{
"GEMEINDE": "Schlatt",
"BEZIRK": "Winterthur",
"STIMMBETEILIGUNG": "   54.67",
"AZ_GÜLTIGE_STIMMZETTEL": 73,
"AZ_JA_STIMMEN": 50
}
,
{
"GEMEINDE": "Seuzach",
"BEZIRK": "Winterthur",
"STIMMBETEILIGUNG": "   72.29",
"AZ_GÜLTIGE_STIMMZETTEL": 285,
"AZ_JA_STIMMEN": 210
}
,
{
"GEMEINDE": "Turbenthal",
"BEZIRK": "Winterthur",
"STIMMBETEILIGUNG": "   57.40",
"AZ_GÜLTIGE_STIMMZETTEL": 398,
"AZ_JA_STIMMEN": 214
}
,
{
"GEMEINDE": "Wiesendangen",
"BEZIRK": "Winterthur",
"STIMMBETEILIGUNG": "   68.89",
"AZ_GÜLTIGE_STIMMZETTEL": 386,
"AZ_JA_STIMMEN": 248
}
,
{
"GEMEINDE": "Winterthur",
"BEZIRK": "Winterthur",
"STIMMBETEILIGUNG": "   72.25",
"AZ_GÜLTIGE_STIMMZETTEL": 13829,
"AZ_JA_STIMMEN": 9826
}
,
{
"GEMEINDE": "Zell",
"BEZIRK": "Winterthur",
"STIMMBETEILIGUNG": "   66.71",
"AZ_GÜLTIGE_STIMMZETTEL": 484,
"AZ_JA_STIMMEN": 286
}
,
{
"GEMEINDE": "Zürich",
"BEZIRK": "Zürich",
"STIMMBETEILIGUNG": "   55.85",
"AZ_GÜLTIGE_STIMMZETTEL": 64473,
"AZ_JA_STIMMEN": 53111
}
]
