[
{
"GEMEINDE": "Aeugst a.A.",
"BEZIRK": "Affoltern",
"STIMMBETEILIGUNG": "   60.12",
"AZ_GÜLTIGE_STIMMZETTEL": 92,
"AZ_JA_STIMMEN": 37
}
,
{
"GEMEINDE": "Affoltern a.A.",
"BEZIRK": "Affoltern",
"STIMMBETEILIGUNG": "   68.87",
"AZ_GÜLTIGE_STIMMZETTEL": 578,
"AZ_JA_STIMMEN": 212
}
,
{
"GEMEINDE": "Bonstetten",
"BEZIRK": "Affoltern",
"STIMMBETEILIGUNG": "   84.40",
"AZ_GÜLTIGE_STIMMZETTEL": 212,
"AZ_JA_STIMMEN": 93
}
,
{
"GEMEINDE": "Hausen a.A.",
"BEZIRK": "Affoltern",
"STIMMBETEILIGUNG": "   58.12",
"AZ_GÜLTIGE_STIMMZETTEL": 234,
"AZ_JA_STIMMEN": 83
}
,
{
"GEMEINDE": "Hedingen",
"BEZIRK": "Affoltern",
"STIMMBETEILIGUNG": "   91.23",
"AZ_GÜLTIGE_STIMMZETTEL": 257,
"AZ_JA_STIMMEN": 106
}
,
{
"GEMEINDE": "Kappel a.A.",
"BEZIRK": "Affoltern",
"STIMMBETEILIGUNG": "   74.25",
"AZ_GÜLTIGE_STIMMZETTEL": 117,
"AZ_JA_STIMMEN": 21
}
,
{
"GEMEINDE": "Knonau",
"BEZIRK": "Affoltern",
"STIMMBETEILIGUNG": "   57.81",
"AZ_GÜLTIGE_STIMMZETTEL": 104,
"AZ_JA_STIMMEN": 20
}
,
{
"GEMEINDE": "Maschwanden",
"BEZIRK": "Affoltern",
"STIMMBETEILIGUNG": "   81.88",
"AZ_GÜLTIGE_STIMMZETTEL": 98,
"AZ_JA_STIMMEN": 21
}
,
{
"GEMEINDE": "Mettmenstetten",
"BEZIRK": "Affoltern",
"STIMMBETEILIGUNG": "   68.33",
"AZ_GÜLTIGE_STIMMZETTEL": 280,
"AZ_JA_STIMMEN": 83
}
,
{
"GEMEINDE": "Obfelden",
"BEZIRK": "Affoltern",
"STIMMBETEILIGUNG": "   64.87",
"AZ_GÜLTIGE_STIMMZETTEL": 250,
"AZ_JA_STIMMEN": 77
}
,
{
"GEMEINDE": "Ottenbach",
"BEZIRK": "Affoltern",
"STIMMBETEILIGUNG": "   71.38",
"AZ_GÜLTIGE_STIMMZETTEL": 191,
"AZ_JA_STIMMEN": 61
}
,
{
"GEMEINDE": "Rifferswil",
"BEZIRK": "Affoltern",
"STIMMBETEILIGUNG": "   73.65",
"AZ_GÜLTIGE_STIMMZETTEL": 94,
"AZ_JA_STIMMEN": 28
}
,
{
"GEMEINDE": "Stallikon",
"BEZIRK": "Affoltern",
"STIMMBETEILIGUNG": "   58.14",
"AZ_GÜLTIGE_STIMMZETTEL": 117,
"AZ_JA_STIMMEN": 26
}
,
{
"GEMEINDE": "Wettswil a.A.",
"BEZIRK": "Affoltern",
"STIMMBETEILIGUNG": "   77.60",
"AZ_GÜLTIGE_STIMMZETTEL": 93,
"AZ_JA_STIMMEN": 41
}
,
{
"GEMEINDE": "Adlikon",
"BEZIRK": "Andelfingen",
"STIMMBETEILIGUNG": "   84.73",
"AZ_GÜLTIGE_STIMMZETTEL": 89,
"AZ_JA_STIMMEN": 18
}
,
{
"GEMEINDE": "Andelfingen",
"BEZIRK": "Andelfingen",
"STIMMBETEILIGUNG": "   75.00",
"AZ_GÜLTIGE_STIMMZETTEL": 185,
"AZ_JA_STIMMEN": 40
}
,
{
"GEMEINDE": "Benken",
"BEZIRK": "Andelfingen",
"STIMMBETEILIGUNG": "   83.11",
"AZ_GÜLTIGE_STIMMZETTEL": 119,
"AZ_JA_STIMMEN": 44
}
,
{
"GEMEINDE": "Berg a.I.",
"BEZIRK": "Andelfingen",
"STIMMBETEILIGUNG": "   82.20",
"AZ_GÜLTIGE_STIMMZETTEL": 75,
"AZ_JA_STIMMEN": 18
}
,
{
"GEMEINDE": "Buch a.I.",
"BEZIRK": "Andelfingen",
"STIMMBETEILIGUNG": "   72.79",
"AZ_GÜLTIGE_STIMMZETTEL": 91,
"AZ_JA_STIMMEN": 17
}
,
{
"GEMEINDE": "Dachsen",
"BEZIRK": "Andelfingen",
"STIMMBETEILIGUNG": "   87.96",
"AZ_GÜLTIGE_STIMMZETTEL": 136,
"AZ_JA_STIMMEN": 62
}
,
{
"GEMEINDE": "Dorf",
"BEZIRK": "Andelfingen",
"STIMMBETEILIGUNG": "   74.44",
"AZ_GÜLTIGE_STIMMZETTEL": 57,
"AZ_JA_STIMMEN": 16
}
,
{
"GEMEINDE": "Feuerthalen",
"BEZIRK": "Andelfingen",
"STIMMBETEILIGUNG": "   78.78",
"AZ_GÜLTIGE_STIMMZETTEL": 486,
"AZ_JA_STIMMEN": 250
}
,
{
"GEMEINDE": "Flaach",
"BEZIRK": "Andelfingen",
"STIMMBETEILIGUNG": "   69.19",
"AZ_GÜLTIGE_STIMMZETTEL": 135,
"AZ_JA_STIMMEN": 43
}
,
{
"GEMEINDE": "Flurlingen",
"BEZIRK": "Andelfingen",
"STIMMBETEILIGUNG": "   82.00",
"AZ_GÜLTIGE_STIMMZETTEL": 232,
"AZ_JA_STIMMEN": 110
}
,
{
"GEMEINDE": "Henggart",
"BEZIRK": "Andelfingen",
"STIMMBETEILIGUNG": "   76.39",
"AZ_GÜLTIGE_STIMMZETTEL": 99,
"AZ_JA_STIMMEN": 28
}
,
{
"GEMEINDE": "Humlikon",
"BEZIRK": "Andelfingen",
"STIMMBETEILIGUNG": "   82.67",
"AZ_GÜLTIGE_STIMMZETTEL": 54,
"AZ_JA_STIMMEN": 13
}
,
{
"GEMEINDE": "Kleinandelfingen",
"BEZIRK": "Andelfingen",
"STIMMBETEILIGUNG": "   80.13",
"AZ_GÜLTIGE_STIMMZETTEL": 209,
"AZ_JA_STIMMEN": 62
}
,
{
"GEMEINDE": "Laufen-Uhwiesen",
"BEZIRK": "Andelfingen",
"STIMMBETEILIGUNG": "   79.92",
"AZ_GÜLTIGE_STIMMZETTEL": 181,
"AZ_JA_STIMMEN": 88
}
,
{
"GEMEINDE": "Marthalen",
"BEZIRK": "Andelfingen",
"STIMMBETEILIGUNG": "   71.13",
"AZ_GÜLTIGE_STIMMZETTEL": 244,
"AZ_JA_STIMMEN": 79
}
,
{
"GEMEINDE": "Oberstammheim",
"BEZIRK": "Andelfingen",
"STIMMBETEILIGUNG": "   64.88",
"AZ_GÜLTIGE_STIMMZETTEL": 145,
"AZ_JA_STIMMEN": 46
}
,
{
"GEMEINDE": "Ossingen",
"BEZIRK": "Andelfingen",
"STIMMBETEILIGUNG": "   78.49",
"AZ_GÜLTIGE_STIMMZETTEL": 174,
"AZ_JA_STIMMEN": 47
}
,
{
"GEMEINDE": "Rheinau",
"BEZIRK": "Andelfingen",
"STIMMBETEILIGUNG": "   78.18",
"AZ_GÜLTIGE_STIMMZETTEL": 165,
"AZ_JA_STIMMEN": 72
}
,
{
"GEMEINDE": "Thalheim a.d.Th.",
"BEZIRK": "Andelfingen",
"STIMMBETEILIGUNG": "   83.82",
"AZ_GÜLTIGE_STIMMZETTEL": 92,
"AZ_JA_STIMMEN": 26
}
,
{
"GEMEINDE": "Trüllikon",
"BEZIRK": "Andelfingen",
"STIMMBETEILIGUNG": "   80.22",
"AZ_GÜLTIGE_STIMMZETTEL": 205,
"AZ_JA_STIMMEN": 67
}
,
{
"GEMEINDE": "Truttikon",
"BEZIRK": "Andelfingen",
"STIMMBETEILIGUNG": "   89.53",
"AZ_GÜLTIGE_STIMMZETTEL": 67,
"AZ_JA_STIMMEN": 12
}
,
{
"GEMEINDE": "Unterstammheim",
"BEZIRK": "Andelfingen",
"STIMMBETEILIGUNG": "   73.47",
"AZ_GÜLTIGE_STIMMZETTEL": 127,
"AZ_JA_STIMMEN": 22
}
,
{
"GEMEINDE": "Volken",
"BEZIRK": "Andelfingen",
"STIMMBETEILIGUNG": "   74.65",
"AZ_GÜLTIGE_STIMMZETTEL": 49,
"AZ_JA_STIMMEN": 11
}
,
{
"GEMEINDE": "Waltalingen",
"BEZIRK": "Andelfingen",
"STIMMBETEILIGUNG": "   80.49",
"AZ_GÜLTIGE_STIMMZETTEL": 115,
"AZ_JA_STIMMEN": 22
}
,
{
"GEMEINDE": "Bachenbülach",
"BEZIRK": "Bülach",
"STIMMBETEILIGUNG": "   74.23",
"AZ_GÜLTIGE_STIMMZETTEL": 117,
"AZ_JA_STIMMEN": 37
}
,
{
"GEMEINDE": "Bassersdorf",
"BEZIRK": "Bülach",
"STIMMBETEILIGUNG": "   74.21",
"AZ_GÜLTIGE_STIMMZETTEL": 352,
"AZ_JA_STIMMEN": 149
}
,
{
"GEMEINDE": "Bülach",
"BEZIRK": "Bülach",
"STIMMBETEILIGUNG": "   69.53",
"AZ_GÜLTIGE_STIMMZETTEL": 751,
"AZ_JA_STIMMEN": 328
}
,
{
"GEMEINDE": "Dietlikon",
"BEZIRK": "Bülach",
"STIMMBETEILIGUNG": "   64.84",
"AZ_GÜLTIGE_STIMMZETTEL": 191,
"AZ_JA_STIMMEN": 66
}
,
{
"GEMEINDE": "Eglisau",
"BEZIRK": "Bülach",
"STIMMBETEILIGUNG": "   66.02",
"AZ_GÜLTIGE_STIMMZETTEL": 256,
"AZ_JA_STIMMEN": 103
}
,
{
"GEMEINDE": "Embrach",
"BEZIRK": "Bülach",
"STIMMBETEILIGUNG": "   70.49",
"AZ_GÜLTIGE_STIMMZETTEL": 341,
"AZ_JA_STIMMEN": 113
}
,
{
"GEMEINDE": "Freienstein-Teufen",
"BEZIRK": "Bülach",
"STIMMBETEILIGUNG": "   82.88",
"AZ_GÜLTIGE_STIMMZETTEL": 231,
"AZ_JA_STIMMEN": 108
}
,
{
"GEMEINDE": "Glattfelden",
"BEZIRK": "Bülach",
"STIMMBETEILIGUNG": "   77.26",
"AZ_GÜLTIGE_STIMMZETTEL": 375,
"AZ_JA_STIMMEN": 150
}
,
{
"GEMEINDE": "Hochfelden",
"BEZIRK": "Bülach",
"STIMMBETEILIGUNG": "   77.42",
"AZ_GÜLTIGE_STIMMZETTEL": 105,
"AZ_JA_STIMMEN": 33
}
,
{
"GEMEINDE": "Höri",
"BEZIRK": "Bülach",
"STIMMBETEILIGUNG": "   72.05",
"AZ_GÜLTIGE_STIMMZETTEL": 99,
"AZ_JA_STIMMEN": 32
}
,
{
"GEMEINDE": "Hüntwangen",
"BEZIRK": "Bülach",
"STIMMBETEILIGUNG": "   90.96",
"AZ_GÜLTIGE_STIMMZETTEL": 133,
"AZ_JA_STIMMEN": 44
}
,
{
"GEMEINDE": "Kloten",
"BEZIRK": "Bülach",
"STIMMBETEILIGUNG": "   59.40",
"AZ_GÜLTIGE_STIMMZETTEL": 452,
"AZ_JA_STIMMEN": 154
}
,
{
"GEMEINDE": "Lufingen",
"BEZIRK": "Bülach",
"STIMMBETEILIGUNG": "   85.05",
"AZ_GÜLTIGE_STIMMZETTEL": 83,
"AZ_JA_STIMMEN": 25
}
,
{
"GEMEINDE": "Nürensdorf",
"BEZIRK": "Bülach",
"STIMMBETEILIGUNG": "   78.57",
"AZ_GÜLTIGE_STIMMZETTEL": 167,
"AZ_JA_STIMMEN": 34
}
,
{
"GEMEINDE": "Oberembrach",
"BEZIRK": "Bülach",
"STIMMBETEILIGUNG": "   85.14",
"AZ_GÜLTIGE_STIMMZETTEL": 133,
"AZ_JA_STIMMEN": 27
}
,
{
"GEMEINDE": "Opfikon",
"BEZIRK": "Bülach",
"STIMMBETEILIGUNG": "   60.87",
"AZ_GÜLTIGE_STIMMZETTEL": 370,
"AZ_JA_STIMMEN": 157
}
,
{
"GEMEINDE": "Rafz",
"BEZIRK": "Bülach",
"STIMMBETEILIGUNG": "   67.89",
"AZ_GÜLTIGE_STIMMZETTEL": 321,
"AZ_JA_STIMMEN": 130
}
,
{
"GEMEINDE": "Rorbas",
"BEZIRK": "Bülach",
"STIMMBETEILIGUNG": "   79.49",
"AZ_GÜLTIGE_STIMMZETTEL": 219,
"AZ_JA_STIMMEN": 110
}
,
{
"GEMEINDE": "Wallisellen",
"BEZIRK": "Bülach",
"STIMMBETEILIGUNG": "   63.20",
"AZ_GÜLTIGE_STIMMZETTEL": 847,
"AZ_JA_STIMMEN": 261
}
,
{
"GEMEINDE": "Wasterkingen",
"BEZIRK": "Bülach",
"STIMMBETEILIGUNG": "   78.31",
"AZ_GÜLTIGE_STIMMZETTEL": 55,
"AZ_JA_STIMMEN": 16
}
,
{
"GEMEINDE": "Wil",
"BEZIRK": "Bülach",
"STIMMBETEILIGUNG": "   77.97",
"AZ_GÜLTIGE_STIMMZETTEL": 164,
"AZ_JA_STIMMEN": 57
}
,
{
"GEMEINDE": "Winkel",
"BEZIRK": "Bülach",
"STIMMBETEILIGUNG": "   77.27",
"AZ_GÜLTIGE_STIMMZETTEL": 121,
"AZ_JA_STIMMEN": 17
}
,
{
"GEMEINDE": "Bachs",
"BEZIRK": "Dielsdorf",
"STIMMBETEILIGUNG": "   64.39",
"AZ_GÜLTIGE_STIMMZETTEL": 78,
"AZ_JA_STIMMEN": 14
}
,
{
"GEMEINDE": "Boppelsen",
"BEZIRK": "Dielsdorf",
"STIMMBETEILIGUNG": "   72.73",
"AZ_GÜLTIGE_STIMMZETTEL": 52,
"AZ_JA_STIMMEN": 18
}
,
{
"GEMEINDE": "Buchs",
"BEZIRK": "Dielsdorf",
"STIMMBETEILIGUNG": "   70.11",
"AZ_GÜLTIGE_STIMMZETTEL": 115,
"AZ_JA_STIMMEN": 29
}
,
{
"GEMEINDE": "Dällikon",
"BEZIRK": "Dielsdorf",
"STIMMBETEILIGUNG": "   75.21",
"AZ_GÜLTIGE_STIMMZETTEL": 78,
"AZ_JA_STIMMEN": 17
}
,
{
"GEMEINDE": "Dänikon",
"BEZIRK": "Dielsdorf",
"STIMMBETEILIGUNG": "   63.79",
"AZ_GÜLTIGE_STIMMZETTEL": 29,
"AZ_JA_STIMMEN": 6
}
,
{
"GEMEINDE": "Dielsdorf",
"BEZIRK": "Dielsdorf",
"STIMMBETEILIGUNG": "   66.35",
"AZ_GÜLTIGE_STIMMZETTEL": 194,
"AZ_JA_STIMMEN": 53
}
,
{
"GEMEINDE": "Hüttikon",
"BEZIRK": "Dielsdorf",
"STIMMBETEILIGUNG": "   61.36",
"AZ_GÜLTIGE_STIMMZETTEL": 19,
"AZ_JA_STIMMEN": 9
}
,
{
"GEMEINDE": "Neerach",
"BEZIRK": "Dielsdorf",
"STIMMBETEILIGUNG": "   65.52",
"AZ_GÜLTIGE_STIMMZETTEL": 100,
"AZ_JA_STIMMEN": 14
}
,
{
"GEMEINDE": "Niederglatt",
"BEZIRK": "Dielsdorf",
"STIMMBETEILIGUNG": "   60.71",
"AZ_GÜLTIGE_STIMMZETTEL": 146,
"AZ_JA_STIMMEN": 62
}
,
{
"GEMEINDE": "Niederhasli",
"BEZIRK": "Dielsdorf",
"STIMMBETEILIGUNG": "   77.54",
"AZ_GÜLTIGE_STIMMZETTEL": 217,
"AZ_JA_STIMMEN": 58
}
,
{
"GEMEINDE": "Niederweningen",
"BEZIRK": "Dielsdorf",
"STIMMBETEILIGUNG": "   55.69",
"AZ_GÜLTIGE_STIMMZETTEL": 123,
"AZ_JA_STIMMEN": 39
}
,
{
"GEMEINDE": "Oberglatt",
"BEZIRK": "Dielsdorf",
"STIMMBETEILIGUNG": "   67.72",
"AZ_GÜLTIGE_STIMMZETTEL": 221,
"AZ_JA_STIMMEN": 70
}
,
{
"GEMEINDE": "Oberweningen",
"BEZIRK": "Dielsdorf",
"STIMMBETEILIGUNG": "   66.04",
"AZ_GÜLTIGE_STIMMZETTEL": 56,
"AZ_JA_STIMMEN": 15
}
,
{
"GEMEINDE": "Otelfingen",
"BEZIRK": "Dielsdorf",
"STIMMBETEILIGUNG": "   49.01",
"AZ_GÜLTIGE_STIMMZETTEL": 88,
"AZ_JA_STIMMEN": 31
}
,
{
"GEMEINDE": "Regensberg",
"BEZIRK": "Dielsdorf",
"STIMMBETEILIGUNG": "   64.56",
"AZ_GÜLTIGE_STIMMZETTEL": 50,
"AZ_JA_STIMMEN": 15
}
,
{
"GEMEINDE": "Regensdorf",
"BEZIRK": "Dielsdorf",
"STIMMBETEILIGUNG": "   59.89",
"AZ_GÜLTIGE_STIMMZETTEL": 307,
"AZ_JA_STIMMEN": 114
}
,
{
"GEMEINDE": "Rümlang",
"BEZIRK": "Dielsdorf",
"STIMMBETEILIGUNG": "   71.96",
"AZ_GÜLTIGE_STIMMZETTEL": 294,
"AZ_JA_STIMMEN": 92
}
,
{
"GEMEINDE": "Schleinikon",
"BEZIRK": "Dielsdorf",
"STIMMBETEILIGUNG": "   56.52",
"AZ_GÜLTIGE_STIMMZETTEL": 62,
"AZ_JA_STIMMEN": 20
}
,
{
"GEMEINDE": "Schöfflisdorf",
"BEZIRK": "Dielsdorf",
"STIMMBETEILIGUNG": "   74.17",
"AZ_GÜLTIGE_STIMMZETTEL": 73,
"AZ_JA_STIMMEN": 12
}
,
{
"GEMEINDE": "Stadel",
"BEZIRK": "Dielsdorf",
"STIMMBETEILIGUNG": "   82.65",
"AZ_GÜLTIGE_STIMMZETTEL": 217,
"AZ_JA_STIMMEN": 56
}
,
{
"GEMEINDE": "Steinmaur",
"BEZIRK": "Dielsdorf",
"STIMMBETEILIGUNG": "   66.10",
"AZ_GÜLTIGE_STIMMZETTEL": 140,
"AZ_JA_STIMMEN": 50
}
,
{
"GEMEINDE": "Weiach",
"BEZIRK": "Dielsdorf",
"STIMMBETEILIGUNG": "   64.77",
"AZ_GÜLTIGE_STIMMZETTEL": 115,
"AZ_JA_STIMMEN": 36
}
,
{
"GEMEINDE": "Aesch",
"BEZIRK": "Dietikon",
"STIMMBETEILIGUNG": "   62.77",
"AZ_GÜLTIGE_STIMMZETTEL": 49,
"AZ_JA_STIMMEN": 9
}
,
{
"GEMEINDE": "Birmensdorf",
"BEZIRK": "Dietikon",
"STIMMBETEILIGUNG": "   65.19",
"AZ_GÜLTIGE_STIMMZETTEL": 241,
"AZ_JA_STIMMEN": 96
}
,
{
"GEMEINDE": "Dietikon",
"BEZIRK": "Dietikon",
"STIMMBETEILIGUNG": "   56.14",
"AZ_GÜLTIGE_STIMMZETTEL": 979,
"AZ_JA_STIMMEN": 444
}
,
{
"GEMEINDE": "Geroldswil",
"BEZIRK": "Dietikon",
"STIMMBETEILIGUNG": "   56.69",
"AZ_GÜLTIGE_STIMMZETTEL": 63,
"AZ_JA_STIMMEN": 21
}
,
{
"GEMEINDE": "Oberengstringen",
"BEZIRK": "Dietikon",
"STIMMBETEILIGUNG": "   54.07",
"AZ_GÜLTIGE_STIMMZETTEL": 130,
"AZ_JA_STIMMEN": 71
}
,
{
"GEMEINDE": "Oetwil a.d.L",
"BEZIRK": "Dietikon",
"STIMMBETEILIGUNG": "   81.61",
"AZ_GÜLTIGE_STIMMZETTEL": 58,
"AZ_JA_STIMMEN": 34
}
,
{
"GEMEINDE": "Schlieren",
"BEZIRK": "Dietikon",
"STIMMBETEILIGUNG": "   63.29",
"AZ_GÜLTIGE_STIMMZETTEL": 868,
"AZ_JA_STIMMEN": 461
}
,
{
"GEMEINDE": "Uitikon",
"BEZIRK": "Dietikon",
"STIMMBETEILIGUNG": "   54.26",
"AZ_GÜLTIGE_STIMMZETTEL": 134,
"AZ_JA_STIMMEN": 33
}
,
{
"GEMEINDE": "Unterengstringen",
"BEZIRK": "Dietikon",
"STIMMBETEILIGUNG": "   56.28",
"AZ_GÜLTIGE_STIMMZETTEL": 113,
"AZ_JA_STIMMEN": 45
}
,
{
"GEMEINDE": "Urdorf",
"BEZIRK": "Dietikon",
"STIMMBETEILIGUNG": "   52.72",
"AZ_GÜLTIGE_STIMMZETTEL": 216,
"AZ_JA_STIMMEN": 100
}
,
{
"GEMEINDE": "Weiningen",
"BEZIRK": "Dietikon",
"STIMMBETEILIGUNG": "   62.14",
"AZ_GÜLTIGE_STIMMZETTEL": 174,
"AZ_JA_STIMMEN": 72
}
,
{
"GEMEINDE": "Bäretswil",
"BEZIRK": "Hinwil",
"STIMMBETEILIGUNG": "   75.84",
"AZ_GÜLTIGE_STIMMZETTEL": 482,
"AZ_JA_STIMMEN": 189
}
,
{
"GEMEINDE": "Bubikon",
"BEZIRK": "Hinwil",
"STIMMBETEILIGUNG": "   70.19",
"AZ_GÜLTIGE_STIMMZETTEL": 397,
"AZ_JA_STIMMEN": 127
}
,
{
"GEMEINDE": "Dürnten",
"BEZIRK": "Hinwil",
"STIMMBETEILIGUNG": "   71.15",
"AZ_GÜLTIGE_STIMMZETTEL": 589,
"AZ_JA_STIMMEN": 222
}
,
{
"GEMEINDE": "Fischenthal",
"BEZIRK": "Hinwil",
"STIMMBETEILIGUNG": "   69.45",
"AZ_GÜLTIGE_STIMMZETTEL": 374,
"AZ_JA_STIMMEN": 136
}
,
{
"GEMEINDE": "Gossau",
"BEZIRK": "Hinwil",
"STIMMBETEILIGUNG": "   73.84",
"AZ_GÜLTIGE_STIMMZETTEL": 541,
"AZ_JA_STIMMEN": 181
}
,
{
"GEMEINDE": "Grüningen",
"BEZIRK": "Hinwil",
"STIMMBETEILIGUNG": "   65.48",
"AZ_GÜLTIGE_STIMMZETTEL": 254,
"AZ_JA_STIMMEN": 71
}
,
{
"GEMEINDE": "Hinwil",
"BEZIRK": "Hinwil",
"STIMMBETEILIGUNG": "   72.29",
"AZ_GÜLTIGE_STIMMZETTEL": 703,
"AZ_JA_STIMMEN": 241
}
,
{
"GEMEINDE": "Rüti",
"BEZIRK": "Hinwil",
"STIMMBETEILIGUNG": "   77.68",
"AZ_GÜLTIGE_STIMMZETTEL": 1304,
"AZ_JA_STIMMEN": 518
}
,
{
"GEMEINDE": "Seegräben",
"BEZIRK": "Hinwil",
"STIMMBETEILIGUNG": "   77.13",
"AZ_GÜLTIGE_STIMMZETTEL": 140,
"AZ_JA_STIMMEN": 52
}
,
{
"GEMEINDE": "Wald",
"BEZIRK": "Hinwil",
"STIMMBETEILIGUNG": "   65.67",
"AZ_GÜLTIGE_STIMMZETTEL": 1215,
"AZ_JA_STIMMEN": 520
}
,
{
"GEMEINDE": "Wetzikon",
"BEZIRK": "Hinwil",
"STIMMBETEILIGUNG": "   77.63",
"AZ_GÜLTIGE_STIMMZETTEL": 1442,
"AZ_JA_STIMMEN": 623
}
,
{
"GEMEINDE": "Adliswil",
"BEZIRK": "Horgen",
"STIMMBETEILIGUNG": "   61.58",
"AZ_GÜLTIGE_STIMMZETTEL": 989,
"AZ_JA_STIMMEN": 498
}
,
{
"GEMEINDE": "Hirzel",
"BEZIRK": "Horgen",
"STIMMBETEILIGUNG": "   61.54",
"AZ_GÜLTIGE_STIMMZETTEL": 199,
"AZ_JA_STIMMEN": 54
}
,
{
"GEMEINDE": "Horgen",
"BEZIRK": "Horgen",
"STIMMBETEILIGUNG": "   66.85",
"AZ_GÜLTIGE_STIMMZETTEL": 1731,
"AZ_JA_STIMMEN": 818
}
,
{
"GEMEINDE": "Hütten",
"BEZIRK": "Horgen",
"STIMMBETEILIGUNG": "   65.52",
"AZ_GÜLTIGE_STIMMZETTEL": 120,
"AZ_JA_STIMMEN": 43
}
,
{
"GEMEINDE": "Kilchberg",
"BEZIRK": "Horgen",
"STIMMBETEILIGUNG": "   70.00",
"AZ_GÜLTIGE_STIMMZETTEL": 934,
"AZ_JA_STIMMEN": 312
}
,
{
"GEMEINDE": "Langnau a.A.",
"BEZIRK": "Horgen",
"STIMMBETEILIGUNG": "   50.38",
"AZ_GÜLTIGE_STIMMZETTEL": 282,
"AZ_JA_STIMMEN": 124
}
,
{
"GEMEINDE": "Oberrieden",
"BEZIRK": "Horgen",
"STIMMBETEILIGUNG": "   60.70",
"AZ_GÜLTIGE_STIMMZETTEL": 307,
"AZ_JA_STIMMEN": 115
}
,
{
"GEMEINDE": "Richterswil",
"BEZIRK": "Horgen",
"STIMMBETEILIGUNG": "   78.83",
"AZ_GÜLTIGE_STIMMZETTEL": 912,
"AZ_JA_STIMMEN": 387
}
,
{
"GEMEINDE": "Rüschlikon",
"BEZIRK": "Horgen",
"STIMMBETEILIGUNG": "   63.75",
"AZ_GÜLTIGE_STIMMZETTEL": 542,
"AZ_JA_STIMMEN": 173
}
,
{
"GEMEINDE": "Schönenberg",
"BEZIRK": "Horgen",
"STIMMBETEILIGUNG": "   50.13",
"AZ_GÜLTIGE_STIMMZETTEL": 177,
"AZ_JA_STIMMEN": 55
}
,
{
"GEMEINDE": "Thalwil",
"BEZIRK": "Horgen",
"STIMMBETEILIGUNG": "   66.21",
"AZ_GÜLTIGE_STIMMZETTEL": 1509,
"AZ_JA_STIMMEN": 725
}
,
{
"GEMEINDE": "Wädenswil",
"BEZIRK": "Horgen",
"STIMMBETEILIGUNG": "   72.29",
"AZ_GÜLTIGE_STIMMZETTEL": 1876,
"AZ_JA_STIMMEN": 853
}
,
{
"GEMEINDE": "Erlenbach",
"BEZIRK": "Meilen",
"STIMMBETEILIGUNG": "   63.08",
"AZ_GÜLTIGE_STIMMZETTEL": 568,
"AZ_JA_STIMMEN": 178
}
,
{
"GEMEINDE": "Herrliberg",
"BEZIRK": "Meilen",
"STIMMBETEILIGUNG": "   56.37",
"AZ_GÜLTIGE_STIMMZETTEL": 340,
"AZ_JA_STIMMEN": 91
}
,
{
"GEMEINDE": "Hombrechtikon",
"BEZIRK": "Meilen",
"STIMMBETEILIGUNG": "   73.76",
"AZ_GÜLTIGE_STIMMZETTEL": 544,
"AZ_JA_STIMMEN": 152
}
,
{
"GEMEINDE": "Küsnacht",
"BEZIRK": "Meilen",
"STIMMBETEILIGUNG": "   63.38",
"AZ_GÜLTIGE_STIMMZETTEL": 1413,
"AZ_JA_STIMMEN": 335
}
,
{
"GEMEINDE": "Männedorf",
"BEZIRK": "Meilen",
"STIMMBETEILIGUNG": "   60.25",
"AZ_GÜLTIGE_STIMMZETTEL": 693,
"AZ_JA_STIMMEN": 242
}
,
{
"GEMEINDE": "Meilen",
"BEZIRK": "Meilen",
"STIMMBETEILIGUNG": "   67.51",
"AZ_GÜLTIGE_STIMMZETTEL": 1061,
"AZ_JA_STIMMEN": 350
}
,
{
"GEMEINDE": "Oetwil a.S.",
"BEZIRK": "Meilen",
"STIMMBETEILIGUNG": "   70.20",
"AZ_GÜLTIGE_STIMMZETTEL": 184,
"AZ_JA_STIMMEN": 43
}
,
{
"GEMEINDE": "Stäfa",
"BEZIRK": "Meilen",
"STIMMBETEILIGUNG": "   67.41",
"AZ_GÜLTIGE_STIMMZETTEL": 927,
"AZ_JA_STIMMEN": 272
}
,
{
"GEMEINDE": "Uetikon a.S.",
"BEZIRK": "Meilen",
"STIMMBETEILIGUNG": "   60.97",
"AZ_GÜLTIGE_STIMMZETTEL": 366,
"AZ_JA_STIMMEN": 104
}
,
{
"GEMEINDE": "Zollikon",
"BEZIRK": "Meilen",
"STIMMBETEILIGUNG": "   59.02",
"AZ_GÜLTIGE_STIMMZETTEL": 1039,
"AZ_JA_STIMMEN": 245
}
,
{
"GEMEINDE": "Zumikon",
"BEZIRK": "Meilen",
"STIMMBETEILIGUNG": "   67.00",
"AZ_GÜLTIGE_STIMMZETTEL": 175,
"AZ_JA_STIMMEN": 57
}
,
{
"GEMEINDE": "Bauma",
"BEZIRK": "Pfäffikon",
"STIMMBETEILIGUNG": "   70.09",
"AZ_GÜLTIGE_STIMMZETTEL": 681,
"AZ_JA_STIMMEN": 303
}
,
{
"GEMEINDE": "Fehraltorf",
"BEZIRK": "Pfäffikon",
"STIMMBETEILIGUNG": "   68.41",
"AZ_GÜLTIGE_STIMMZETTEL": 224,
"AZ_JA_STIMMEN": 59
}
,
{
"GEMEINDE": "Hittnau",
"BEZIRK": "Pfäffikon",
"STIMMBETEILIGUNG": "   77.27",
"AZ_GÜLTIGE_STIMMZETTEL": 284,
"AZ_JA_STIMMEN": 85
}
,
{
"GEMEINDE": "Illnau-Effretikon",
"BEZIRK": "Pfäffikon",
"STIMMBETEILIGUNG": "   77.53",
"AZ_GÜLTIGE_STIMMZETTEL": 964,
"AZ_JA_STIMMEN": 300
}
,
{
"GEMEINDE": "Lindau",
"BEZIRK": "Pfäffikon",
"STIMMBETEILIGUNG": "   80.15",
"AZ_GÜLTIGE_STIMMZETTEL": 332,
"AZ_JA_STIMMEN": 108
}
,
{
"GEMEINDE": "Pfäffikon",
"BEZIRK": "Pfäffikon",
"STIMMBETEILIGUNG": "   75.69",
"AZ_GÜLTIGE_STIMMZETTEL": 833,
"AZ_JA_STIMMEN": 280
}
,
{
"GEMEINDE": "Russikon",
"BEZIRK": "Pfäffikon",
"STIMMBETEILIGUNG": "   78.39",
"AZ_GÜLTIGE_STIMMZETTEL": 305,
"AZ_JA_STIMMEN": 90
}
,
{
"GEMEINDE": "Weisslingen",
"BEZIRK": "Pfäffikon",
"STIMMBETEILIGUNG": "   81.57",
"AZ_GÜLTIGE_STIMMZETTEL": 306,
"AZ_JA_STIMMEN": 79
}
,
{
"GEMEINDE": "Wila",
"BEZIRK": "Pfäffikon",
"STIMMBETEILIGUNG": "   72.88",
"AZ_GÜLTIGE_STIMMZETTEL": 186,
"AZ_JA_STIMMEN": 55
}
,
{
"GEMEINDE": "Wildberg",
"BEZIRK": "Pfäffikon",
"STIMMBETEILIGUNG": "   71.72",
"AZ_GÜLTIGE_STIMMZETTEL": 125,
"AZ_JA_STIMMEN": 24
}
,
{
"GEMEINDE": "Dübendorf",
"BEZIRK": "Uster",
"STIMMBETEILIGUNG": "   57.95",
"AZ_GÜLTIGE_STIMMZETTEL": 1016,
"AZ_JA_STIMMEN": 434
}
,
{
"GEMEINDE": "Egg",
"BEZIRK": "Uster",
"STIMMBETEILIGUNG": "   63.36",
"AZ_GÜLTIGE_STIMMZETTEL": 386,
"AZ_JA_STIMMEN": 120
}
,
{
"GEMEINDE": "Fällanden",
"BEZIRK": "Uster",
"STIMMBETEILIGUNG": "   64.55",
"AZ_GÜLTIGE_STIMMZETTEL": 163,
"AZ_JA_STIMMEN": 62
}
,
{
"GEMEINDE": "Greifensee",
"BEZIRK": "Uster",
"STIMMBETEILIGUNG": "   80.00",
"AZ_GÜLTIGE_STIMMZETTEL": 74,
"AZ_JA_STIMMEN": 18
}
,
{
"GEMEINDE": "Maur",
"BEZIRK": "Uster",
"STIMMBETEILIGUNG": "   68.68",
"AZ_GÜLTIGE_STIMMZETTEL": 281,
"AZ_JA_STIMMEN": 94
}
,
{
"GEMEINDE": "Mönchaltorf",
"BEZIRK": "Uster",
"STIMMBETEILIGUNG": "   73.12",
"AZ_GÜLTIGE_STIMMZETTEL": 155,
"AZ_JA_STIMMEN": 58
}
,
{
"GEMEINDE": "Schwerzenbach",
"BEZIRK": "Uster",
"STIMMBETEILIGUNG": "   64.86",
"AZ_GÜLTIGE_STIMMZETTEL": 64,
"AZ_JA_STIMMEN": 24
}
,
{
"GEMEINDE": "Uster",
"BEZIRK": "Uster",
"STIMMBETEILIGUNG": "   76.87",
"AZ_GÜLTIGE_STIMMZETTEL": 2403,
"AZ_JA_STIMMEN": 1191
}
,
{
"GEMEINDE": "Volketswil",
"BEZIRK": "Uster",
"STIMMBETEILIGUNG": "   77.82",
"AZ_GÜLTIGE_STIMMZETTEL": 351,
"AZ_JA_STIMMEN": 139
}
,
{
"GEMEINDE": "Wangen-Brüttisellen",
"BEZIRK": "Uster",
"STIMMBETEILIGUNG": "   60.57",
"AZ_GÜLTIGE_STIMMZETTEL": 256,
"AZ_JA_STIMMEN": 112
}
,
{
"GEMEINDE": "Altikon",
"BEZIRK": "Winterthur",
"STIMMBETEILIGUNG": "   88.68",
"AZ_GÜLTIGE_STIMMZETTEL": 129,
"AZ_JA_STIMMEN": 31
}
,
{
"GEMEINDE": "Brütten",
"BEZIRK": "Winterthur",
"STIMMBETEILIGUNG": "   74.40",
"AZ_GÜLTIGE_STIMMZETTEL": 122,
"AZ_JA_STIMMEN": 26
}
,
{
"GEMEINDE": "Dägerlen",
"BEZIRK": "Winterthur",
"STIMMBETEILIGUNG": "   82.80",
"AZ_GÜLTIGE_STIMMZETTEL": 111,
"AZ_JA_STIMMEN": 20
}
,
{
"GEMEINDE": "Dättlikon",
"BEZIRK": "Winterthur",
"STIMMBETEILIGUNG": "   79.41",
"AZ_GÜLTIGE_STIMMZETTEL": 71,
"AZ_JA_STIMMEN": 27
}
,
{
"GEMEINDE": "Dinhard",
"BEZIRK": "Winterthur",
"STIMMBETEILIGUNG": "   90.34",
"AZ_GÜLTIGE_STIMMZETTEL": 143,
"AZ_JA_STIMMEN": 34
}
,
{
"GEMEINDE": "Elgg",
"BEZIRK": "Winterthur",
"STIMMBETEILIGUNG": "   66.82",
"AZ_GÜLTIGE_STIMMZETTEL": 383,
"AZ_JA_STIMMEN": 158
}
,
{
"GEMEINDE": "Ellikon a.d.Th.",
"BEZIRK": "Winterthur",
"STIMMBETEILIGUNG": "   67.21",
"AZ_GÜLTIGE_STIMMZETTEL": 75,
"AZ_JA_STIMMEN": 19
}
,
{
"GEMEINDE": "Elsau",
"BEZIRK": "Winterthur",
"STIMMBETEILIGUNG": "   77.04",
"AZ_GÜLTIGE_STIMMZETTEL": 233,
"AZ_JA_STIMMEN": 82
}
,
{
"GEMEINDE": "Hagenbuch",
"BEZIRK": "Winterthur",
"STIMMBETEILIGUNG": "   82.63",
"AZ_GÜLTIGE_STIMMZETTEL": 118,
"AZ_JA_STIMMEN": 26
}
,
{
"GEMEINDE": "Hettlingen",
"BEZIRK": "Winterthur",
"STIMMBETEILIGUNG": "   78.92",
"AZ_GÜLTIGE_STIMMZETTEL": 110,
"AZ_JA_STIMMEN": 41
}
,
{
"GEMEINDE": "Hofstetten",
"BEZIRK": "Winterthur",
"STIMMBETEILIGUNG": "   91.33",
"AZ_GÜLTIGE_STIMMZETTEL": 122,
"AZ_JA_STIMMEN": 40
}
,
{
"GEMEINDE": "Neftenbach",
"BEZIRK": "Winterthur",
"STIMMBETEILIGUNG": "   77.68",
"AZ_GÜLTIGE_STIMMZETTEL": 360,
"AZ_JA_STIMMEN": 141
}
,
{
"GEMEINDE": "Pfungen",
"BEZIRK": "Winterthur",
"STIMMBETEILIGUNG": "   65.47",
"AZ_GÜLTIGE_STIMMZETTEL": 178,
"AZ_JA_STIMMEN": 74
}
,
{
"GEMEINDE": "Rickenbach",
"BEZIRK": "Winterthur",
"STIMMBETEILIGUNG": "   69.46",
"AZ_GÜLTIGE_STIMMZETTEL": 129,
"AZ_JA_STIMMEN": 34
}
,
{
"GEMEINDE": "Schlatt",
"BEZIRK": "Winterthur",
"STIMMBETEILIGUNG": "   78.81",
"AZ_GÜLTIGE_STIMMZETTEL": 104,
"AZ_JA_STIMMEN": 44
}
,
{
"GEMEINDE": "Seuzach",
"BEZIRK": "Winterthur",
"STIMMBETEILIGUNG": "   87.89",
"AZ_GÜLTIGE_STIMMZETTEL": 316,
"AZ_JA_STIMMEN": 168
}
,
{
"GEMEINDE": "Turbenthal",
"BEZIRK": "Winterthur",
"STIMMBETEILIGUNG": "   71.99",
"AZ_GÜLTIGE_STIMMZETTEL": 465,
"AZ_JA_STIMMEN": 163
}
,
{
"GEMEINDE": "Wiesendangen",
"BEZIRK": "Winterthur",
"STIMMBETEILIGUNG": "   78.37",
"AZ_GÜLTIGE_STIMMZETTEL": 442,
"AZ_JA_STIMMEN": 152
}
,
{
"GEMEINDE": "Winterthur",
"BEZIRK": "Winterthur",
"STIMMBETEILIGUNG": "   80.78",
"AZ_GÜLTIGE_STIMMZETTEL": 13968,
"AZ_JA_STIMMEN": 7347
}
,
{
"GEMEINDE": "Zell",
"BEZIRK": "Winterthur",
"STIMMBETEILIGUNG": "   80.32",
"AZ_GÜLTIGE_STIMMZETTEL": 507,
"AZ_JA_STIMMEN": 234
}
,
{
"GEMEINDE": "Zürich",
"BEZIRK": "Zürich",
"STIMMBETEILIGUNG": "   62.09",
"AZ_GÜLTIGE_STIMMZETTEL": 63900,
"AZ_JA_STIMMEN": 32216
}
]
