[
{
"GEMEINDE": "Aeugst a.A.",
"BEZIRK": "Affoltern",
"STIMMBETEILIGUNG": "   59.14",
"AZ_GÜLTIGE_STIMMZETTEL": 104,
"AZ_JA_STIMMEN": 26
}
,
{
"GEMEINDE": "Affoltern a.A.",
"BEZIRK": "Affoltern",
"STIMMBETEILIGUNG": "   74.78",
"AZ_GÜLTIGE_STIMMZETTEL": 729,
"AZ_JA_STIMMEN": 251
}
,
{
"GEMEINDE": "Bonstetten",
"BEZIRK": "Affoltern",
"STIMMBETEILIGUNG": "   77.29",
"AZ_GÜLTIGE_STIMMZETTEL": 217,
"AZ_JA_STIMMEN": 77
}
,
{
"GEMEINDE": "Hausen a.A.",
"BEZIRK": "Affoltern",
"STIMMBETEILIGUNG": "   65.69",
"AZ_GÜLTIGE_STIMMZETTEL": 277,
"AZ_JA_STIMMEN": 89
}
,
{
"GEMEINDE": "Hedingen",
"BEZIRK": "Affoltern",
"STIMMBETEILIGUNG": "   70.79",
"AZ_GÜLTIGE_STIMMZETTEL": 256,
"AZ_JA_STIMMEN": 105
}
,
{
"GEMEINDE": "Kappel a.A.",
"BEZIRK": "Affoltern",
"STIMMBETEILIGUNG": "   77.27",
"AZ_GÜLTIGE_STIMMZETTEL": 110,
"AZ_JA_STIMMEN": 27
}
,
{
"GEMEINDE": "Knonau",
"BEZIRK": "Affoltern",
"STIMMBETEILIGUNG": "   64.17",
"AZ_GÜLTIGE_STIMMZETTEL": 110,
"AZ_JA_STIMMEN": 27
}
,
{
"GEMEINDE": "Maschwanden",
"BEZIRK": "Affoltern",
"STIMMBETEILIGUNG": "   74.29",
"AZ_GÜLTIGE_STIMMZETTEL": 99,
"AZ_JA_STIMMEN": 16
}
,
{
"GEMEINDE": "Mettmenstetten",
"BEZIRK": "Affoltern",
"STIMMBETEILIGUNG": "   71.46",
"AZ_GÜLTIGE_STIMMZETTEL": 313,
"AZ_JA_STIMMEN": 93
}
,
{
"GEMEINDE": "Obfelden",
"BEZIRK": "Affoltern",
"STIMMBETEILIGUNG": "   68.68",
"AZ_GÜLTIGE_STIMMZETTEL": 289,
"AZ_JA_STIMMEN": 84
}
,
{
"GEMEINDE": "Ottenbach",
"BEZIRK": "Affoltern",
"STIMMBETEILIGUNG": "   75.79",
"AZ_GÜLTIGE_STIMMZETTEL": 208,
"AZ_JA_STIMMEN": 74
}
,
{
"GEMEINDE": "Rifferswil",
"BEZIRK": "Affoltern",
"STIMMBETEILIGUNG": "   75.00",
"AZ_GÜLTIGE_STIMMZETTEL": 100,
"AZ_JA_STIMMEN": 21
}
,
{
"GEMEINDE": "Stallikon",
"BEZIRK": "Affoltern",
"STIMMBETEILIGUNG": "   60.93",
"AZ_GÜLTIGE_STIMMZETTEL": 126,
"AZ_JA_STIMMEN": 24
}
,
{
"GEMEINDE": "Wettswil a.A.",
"BEZIRK": "Affoltern",
"STIMMBETEILIGUNG": "   70.87",
"AZ_GÜLTIGE_STIMMZETTEL": 83,
"AZ_JA_STIMMEN": 34
}
,
{
"GEMEINDE": "Adlikon",
"BEZIRK": "Andelfingen",
"STIMMBETEILIGUNG": "   86.82",
"AZ_GÜLTIGE_STIMMZETTEL": 89,
"AZ_JA_STIMMEN": 11
}
,
{
"GEMEINDE": "Andelfingen",
"BEZIRK": "Andelfingen",
"STIMMBETEILIGUNG": "   71.38",
"AZ_GÜLTIGE_STIMMZETTEL": 189,
"AZ_JA_STIMMEN": 60
}
,
{
"GEMEINDE": "Benken",
"BEZIRK": "Andelfingen",
"STIMMBETEILIGUNG": "   81.82",
"AZ_GÜLTIGE_STIMMZETTEL": 107,
"AZ_JA_STIMMEN": 25
}
,
{
"GEMEINDE": "Berg a.I.",
"BEZIRK": "Andelfingen",
"STIMMBETEILIGUNG": "   84.03",
"AZ_GÜLTIGE_STIMMZETTEL": 86,
"AZ_JA_STIMMEN": 22
}
,
{
"GEMEINDE": "Buch a.I.",
"BEZIRK": "Andelfingen",
"STIMMBETEILIGUNG": "   70.29",
"AZ_GÜLTIGE_STIMMZETTEL": 93,
"AZ_JA_STIMMEN": 24
}
,
{
"GEMEINDE": "Dachsen",
"BEZIRK": "Andelfingen",
"STIMMBETEILIGUNG": "   80.38",
"AZ_GÜLTIGE_STIMMZETTEL": 152,
"AZ_JA_STIMMEN": 71
}
,
{
"GEMEINDE": "Dorf",
"BEZIRK": "Andelfingen",
"STIMMBETEILIGUNG": "   79.01",
"AZ_GÜLTIGE_STIMMZETTEL": 56,
"AZ_JA_STIMMEN": 15
}
,
{
"GEMEINDE": "Feuerthalen",
"BEZIRK": "Andelfingen",
"STIMMBETEILIGUNG": "   76.33",
"AZ_GÜLTIGE_STIMMZETTEL": 552,
"AZ_JA_STIMMEN": 286
}
,
{
"GEMEINDE": "Flaach",
"BEZIRK": "Andelfingen",
"STIMMBETEILIGUNG": "   70.85",
"AZ_GÜLTIGE_STIMMZETTEL": 145,
"AZ_JA_STIMMEN": 41
}
,
{
"GEMEINDE": "Flurlingen",
"BEZIRK": "Andelfingen",
"STIMMBETEILIGUNG": "   79.67",
"AZ_GÜLTIGE_STIMMZETTEL": 228,
"AZ_JA_STIMMEN": 112
}
,
{
"GEMEINDE": "Henggart",
"BEZIRK": "Andelfingen",
"STIMMBETEILIGUNG": "   87.05",
"AZ_GÜLTIGE_STIMMZETTEL": 113,
"AZ_JA_STIMMEN": 48
}
,
{
"GEMEINDE": "Humlikon",
"BEZIRK": "Andelfingen",
"STIMMBETEILIGUNG": "   87.14",
"AZ_GÜLTIGE_STIMMZETTEL": 56,
"AZ_JA_STIMMEN": 17
}
,
{
"GEMEINDE": "Kleinandelfingen",
"BEZIRK": "Andelfingen",
"STIMMBETEILIGUNG": "   80.41",
"AZ_GÜLTIGE_STIMMZETTEL": 207,
"AZ_JA_STIMMEN": 61
}
,
{
"GEMEINDE": "Laufen-Uhwiesen",
"BEZIRK": "Andelfingen",
"STIMMBETEILIGUNG": "   76.02",
"AZ_GÜLTIGE_STIMMZETTEL": 167,
"AZ_JA_STIMMEN": 49
}
,
{
"GEMEINDE": "Marthalen",
"BEZIRK": "Andelfingen",
"STIMMBETEILIGUNG": "   77.04",
"AZ_GÜLTIGE_STIMMZETTEL": 287,
"AZ_JA_STIMMEN": 85
}
,
{
"GEMEINDE": "Oberstammheim",
"BEZIRK": "Andelfingen",
"STIMMBETEILIGUNG": "   79.06",
"AZ_GÜLTIGE_STIMMZETTEL": 162,
"AZ_JA_STIMMEN": 28
}
,
{
"GEMEINDE": "Ossingen",
"BEZIRK": "Andelfingen",
"STIMMBETEILIGUNG": "   83.77",
"AZ_GÜLTIGE_STIMMZETTEL": 204,
"AZ_JA_STIMMEN": 62
}
,
{
"GEMEINDE": "Rheinau",
"BEZIRK": "Andelfingen",
"STIMMBETEILIGUNG": "   84.09",
"AZ_GÜLTIGE_STIMMZETTEL": 242,
"AZ_JA_STIMMEN": 107
}
,
{
"GEMEINDE": "Thalheim a.d.Th.",
"BEZIRK": "Andelfingen",
"STIMMBETEILIGUNG": "   81.48",
"AZ_GÜLTIGE_STIMMZETTEL": 91,
"AZ_JA_STIMMEN": 17
}
,
{
"GEMEINDE": "Trüllikon",
"BEZIRK": "Andelfingen",
"STIMMBETEILIGUNG": "   76.69",
"AZ_GÜLTIGE_STIMMZETTEL": 183,
"AZ_JA_STIMMEN": 42
}
,
{
"GEMEINDE": "Truttikon",
"BEZIRK": "Andelfingen",
"STIMMBETEILIGUNG": "   85.23",
"AZ_GÜLTIGE_STIMMZETTEL": 67,
"AZ_JA_STIMMEN": 11
}
,
{
"GEMEINDE": "Unterstammheim",
"BEZIRK": "Andelfingen",
"STIMMBETEILIGUNG": "   79.29",
"AZ_GÜLTIGE_STIMMZETTEL": 141,
"AZ_JA_STIMMEN": 35
}
,
{
"GEMEINDE": "Volken",
"BEZIRK": "Andelfingen",
"STIMMBETEILIGUNG": "   62.67",
"AZ_GÜLTIGE_STIMMZETTEL": 39,
"AZ_JA_STIMMEN": 17
}
,
{
"GEMEINDE": "Waltalingen",
"BEZIRK": "Andelfingen",
"STIMMBETEILIGUNG": "   85.54",
"AZ_GÜLTIGE_STIMMZETTEL": 125,
"AZ_JA_STIMMEN": 20
}
,
{
"GEMEINDE": "Bachenbülach",
"BEZIRK": "Bülach",
"STIMMBETEILIGUNG": "   75.00",
"AZ_GÜLTIGE_STIMMZETTEL": 137,
"AZ_JA_STIMMEN": 43
}
,
{
"GEMEINDE": "Bassersdorf",
"BEZIRK": "Bülach",
"STIMMBETEILIGUNG": "   73.51",
"AZ_GÜLTIGE_STIMMZETTEL": 473,
"AZ_JA_STIMMEN": 162
}
,
{
"GEMEINDE": "Bülach",
"BEZIRK": "Bülach",
"STIMMBETEILIGUNG": "   72.29",
"AZ_GÜLTIGE_STIMMZETTEL": 910,
"AZ_JA_STIMMEN": 405
}
,
{
"GEMEINDE": "Dietlikon",
"BEZIRK": "Bülach",
"STIMMBETEILIGUNG": "   68.37",
"AZ_GÜLTIGE_STIMMZETTEL": 258,
"AZ_JA_STIMMEN": 115
}
,
{
"GEMEINDE": "Eglisau",
"BEZIRK": "Bülach",
"STIMMBETEILIGUNG": "   68.84",
"AZ_GÜLTIGE_STIMMZETTEL": 306,
"AZ_JA_STIMMEN": 118
}
,
{
"GEMEINDE": "Embrach",
"BEZIRK": "Bülach",
"STIMMBETEILIGUNG": "   75.58",
"AZ_GÜLTIGE_STIMMZETTEL": 403,
"AZ_JA_STIMMEN": 139
}
,
{
"GEMEINDE": "Freienstein-Teufen",
"BEZIRK": "Bülach",
"STIMMBETEILIGUNG": "   80.55",
"AZ_GÜLTIGE_STIMMZETTEL": 243,
"AZ_JA_STIMMEN": 92
}
,
{
"GEMEINDE": "Glattfelden",
"BEZIRK": "Bülach",
"STIMMBETEILIGUNG": "   75.52",
"AZ_GÜLTIGE_STIMMZETTEL": 444,
"AZ_JA_STIMMEN": 202
}
,
{
"GEMEINDE": "Hochfelden",
"BEZIRK": "Bülach",
"STIMMBETEILIGUNG": "   71.71",
"AZ_GÜLTIGE_STIMMZETTEL": 93,
"AZ_JA_STIMMEN": 43
}
,
{
"GEMEINDE": "Höri",
"BEZIRK": "Bülach",
"STIMMBETEILIGUNG": "   73.96",
"AZ_GÜLTIGE_STIMMZETTEL": 110,
"AZ_JA_STIMMEN": 44
}
,
{
"GEMEINDE": "Hüntwangen",
"BEZIRK": "Bülach",
"STIMMBETEILIGUNG": "   74.25",
"AZ_GÜLTIGE_STIMMZETTEL": 114,
"AZ_JA_STIMMEN": 33
}
,
{
"GEMEINDE": "Kloten",
"BEZIRK": "Bülach",
"STIMMBETEILIGUNG": "   64.50",
"AZ_GÜLTIGE_STIMMZETTEL": 678,
"AZ_JA_STIMMEN": 283
}
,
{
"GEMEINDE": "Lufingen",
"BEZIRK": "Bülach",
"STIMMBETEILIGUNG": "   72.07",
"AZ_GÜLTIGE_STIMMZETTEL": 65,
"AZ_JA_STIMMEN": 21
}
,
{
"GEMEINDE": "Nürensdorf",
"BEZIRK": "Bülach",
"STIMMBETEILIGUNG": "   79.49",
"AZ_GÜLTIGE_STIMMZETTEL": 169,
"AZ_JA_STIMMEN": 42
}
,
{
"GEMEINDE": "Oberembrach",
"BEZIRK": "Bülach",
"STIMMBETEILIGUNG": "   78.80",
"AZ_GÜLTIGE_STIMMZETTEL": 133,
"AZ_JA_STIMMEN": 26
}
,
{
"GEMEINDE": "Opfikon",
"BEZIRK": "Bülach",
"STIMMBETEILIGUNG": "   54.73",
"AZ_GÜLTIGE_STIMMZETTEL": 567,
"AZ_JA_STIMMEN": 282
}
,
{
"GEMEINDE": "Rafz",
"BEZIRK": "Bülach",
"STIMMBETEILIGUNG": "   65.06",
"AZ_GÜLTIGE_STIMMZETTEL": 317,
"AZ_JA_STIMMEN": 111
}
,
{
"GEMEINDE": "Rorbas",
"BEZIRK": "Bülach",
"STIMMBETEILIGUNG": "   84.64",
"AZ_GÜLTIGE_STIMMZETTEL": 271,
"AZ_JA_STIMMEN": 111
}
,
{
"GEMEINDE": "Wallisellen",
"BEZIRK": "Bülach",
"STIMMBETEILIGUNG": "   71.71",
"AZ_GÜLTIGE_STIMMZETTEL": 1231,
"AZ_JA_STIMMEN": 430
}
,
{
"GEMEINDE": "Wasterkingen",
"BEZIRK": "Bülach",
"STIMMBETEILIGUNG": "   78.82",
"AZ_GÜLTIGE_STIMMZETTEL": 57,
"AZ_JA_STIMMEN": 13
}
,
{
"GEMEINDE": "Wil",
"BEZIRK": "Bülach",
"STIMMBETEILIGUNG": "   79.31",
"AZ_GÜLTIGE_STIMMZETTEL": 159,
"AZ_JA_STIMMEN": 39
}
,
{
"GEMEINDE": "Winkel",
"BEZIRK": "Bülach",
"STIMMBETEILIGUNG": "   82.80",
"AZ_GÜLTIGE_STIMMZETTEL": 114,
"AZ_JA_STIMMEN": 14
}
,
{
"GEMEINDE": "Bachs",
"BEZIRK": "Dielsdorf",
"STIMMBETEILIGUNG": "   79.10",
"AZ_GÜLTIGE_STIMMZETTEL": 102,
"AZ_JA_STIMMEN": 23
}
,
{
"GEMEINDE": "Boppelsen",
"BEZIRK": "Dielsdorf",
"STIMMBETEILIGUNG": "   77.22",
"AZ_GÜLTIGE_STIMMZETTEL": 53,
"AZ_JA_STIMMEN": 12
}
,
{
"GEMEINDE": "Buchs",
"BEZIRK": "Dielsdorf",
"STIMMBETEILIGUNG": "   64.44",
"AZ_GÜLTIGE_STIMMZETTEL": 109,
"AZ_JA_STIMMEN": 23
}
,
{
"GEMEINDE": "Dällikon",
"BEZIRK": "Dielsdorf",
"STIMMBETEILIGUNG": "   63.78",
"AZ_GÜLTIGE_STIMMZETTEL": 79,
"AZ_JA_STIMMEN": 16
}
,
{
"GEMEINDE": "Dänikon",
"BEZIRK": "Dielsdorf",
"STIMMBETEILIGUNG": "   86.67",
"AZ_GÜLTIGE_STIMMZETTEL": 48,
"AZ_JA_STIMMEN": 13
}
,
{
"GEMEINDE": "Dielsdorf",
"BEZIRK": "Dielsdorf",
"STIMMBETEILIGUNG": "   72.56",
"AZ_GÜLTIGE_STIMMZETTEL": 228,
"AZ_JA_STIMMEN": 57
}
,
{
"GEMEINDE": "Hüttikon",
"BEZIRK": "Dielsdorf",
"STIMMBETEILIGUNG": "   59.09",
"AZ_GÜLTIGE_STIMMZETTEL": 23,
"AZ_JA_STIMMEN": 3
}
,
{
"GEMEINDE": "Neerach",
"BEZIRK": "Dielsdorf",
"STIMMBETEILIGUNG": "   69.27",
"AZ_GÜLTIGE_STIMMZETTEL": 116,
"AZ_JA_STIMMEN": 32
}
,
{
"GEMEINDE": "Niederglatt",
"BEZIRK": "Dielsdorf",
"STIMMBETEILIGUNG": "   65.29",
"AZ_GÜLTIGE_STIMMZETTEL": 174,
"AZ_JA_STIMMEN": 60
}
,
{
"GEMEINDE": "Niederhasli",
"BEZIRK": "Dielsdorf",
"STIMMBETEILIGUNG": "   74.93",
"AZ_GÜLTIGE_STIMMZETTEL": 228,
"AZ_JA_STIMMEN": 77
}
,
{
"GEMEINDE": "Niederweningen",
"BEZIRK": "Dielsdorf",
"STIMMBETEILIGUNG": "   70.43",
"AZ_GÜLTIGE_STIMMZETTEL": 173,
"AZ_JA_STIMMEN": 38
}
,
{
"GEMEINDE": "Oberglatt",
"BEZIRK": "Dielsdorf",
"STIMMBETEILIGUNG": "   67.32",
"AZ_GÜLTIGE_STIMMZETTEL": 257,
"AZ_JA_STIMMEN": 80
}
,
{
"GEMEINDE": "Oberweningen",
"BEZIRK": "Dielsdorf",
"STIMMBETEILIGUNG": "   66.35",
"AZ_GÜLTIGE_STIMMZETTEL": 63,
"AZ_JA_STIMMEN": 24
}
,
{
"GEMEINDE": "Otelfingen",
"BEZIRK": "Dielsdorf",
"STIMMBETEILIGUNG": "   56.07",
"AZ_GÜLTIGE_STIMMZETTEL": 108,
"AZ_JA_STIMMEN": 26
}
,
{
"GEMEINDE": "Regensberg",
"BEZIRK": "Dielsdorf",
"STIMMBETEILIGUNG": "   80.56",
"AZ_GÜLTIGE_STIMMZETTEL": 50,
"AZ_JA_STIMMEN": 19
}
,
{
"GEMEINDE": "Regensdorf",
"BEZIRK": "Dielsdorf",
"STIMMBETEILIGUNG": "   66.22",
"AZ_GÜLTIGE_STIMMZETTEL": 374,
"AZ_JA_STIMMEN": 145
}
,
{
"GEMEINDE": "Rümlang",
"BEZIRK": "Dielsdorf",
"STIMMBETEILIGUNG": "   70.04",
"AZ_GÜLTIGE_STIMMZETTEL": 366,
"AZ_JA_STIMMEN": 129
}
,
{
"GEMEINDE": "Schleinikon",
"BEZIRK": "Dielsdorf",
"STIMMBETEILIGUNG": "   62.71",
"AZ_GÜLTIGE_STIMMZETTEL": 65,
"AZ_JA_STIMMEN": 22
}
,
{
"GEMEINDE": "Schöfflisdorf",
"BEZIRK": "Dielsdorf",
"STIMMBETEILIGUNG": "   75.89",
"AZ_GÜLTIGE_STIMMZETTEL": 76,
"AZ_JA_STIMMEN": 21
}
,
{
"GEMEINDE": "Stadel",
"BEZIRK": "Dielsdorf",
"STIMMBETEILIGUNG": "   67.75",
"AZ_GÜLTIGE_STIMMZETTEL": 174,
"AZ_JA_STIMMEN": 31
}
,
{
"GEMEINDE": "Steinmaur",
"BEZIRK": "Dielsdorf",
"STIMMBETEILIGUNG": "   66.28",
"AZ_GÜLTIGE_STIMMZETTEL": 164,
"AZ_JA_STIMMEN": 45
}
,
{
"GEMEINDE": "Weiach",
"BEZIRK": "Dielsdorf",
"STIMMBETEILIGUNG": "   68.54",
"AZ_GÜLTIGE_STIMMZETTEL": 117,
"AZ_JA_STIMMEN": 34
}
,
{
"GEMEINDE": "Aesch",
"BEZIRK": "Dietikon",
"STIMMBETEILIGUNG": "   69.70",
"AZ_GÜLTIGE_STIMMZETTEL": 59,
"AZ_JA_STIMMEN": 12
}
,
{
"GEMEINDE": "Birmensdorf",
"BEZIRK": "Dietikon",
"STIMMBETEILIGUNG": "   65.21",
"AZ_GÜLTIGE_STIMMZETTEL": 304,
"AZ_JA_STIMMEN": 114
}
,
{
"GEMEINDE": "Dietikon",
"BEZIRK": "Dietikon",
"STIMMBETEILIGUNG": "   63.32",
"AZ_GÜLTIGE_STIMMZETTEL": 1470,
"AZ_JA_STIMMEN": 624
}
,
{
"GEMEINDE": "Geroldswil",
"BEZIRK": "Dietikon",
"STIMMBETEILIGUNG": "   53.19",
"AZ_GÜLTIGE_STIMMZETTEL": 69,
"AZ_JA_STIMMEN": 28
}
,
{
"GEMEINDE": "Oberengstringen",
"BEZIRK": "Dietikon",
"STIMMBETEILIGUNG": "   52.38",
"AZ_GÜLTIGE_STIMMZETTEL": 232,
"AZ_JA_STIMMEN": 127
}
,
{
"GEMEINDE": "Oetwil a.d.L",
"BEZIRK": "Dietikon",
"STIMMBETEILIGUNG": "   62.50",
"AZ_GÜLTIGE_STIMMZETTEL": 48,
"AZ_JA_STIMMEN": 10
}
,
{
"GEMEINDE": "Schlieren",
"BEZIRK": "Dietikon",
"STIMMBETEILIGUNG": "   65.57",
"AZ_GÜLTIGE_STIMMZETTEL": 1299,
"AZ_JA_STIMMEN": 753
}
,
{
"GEMEINDE": "Uitikon",
"BEZIRK": "Dietikon",
"STIMMBETEILIGUNG": "   57.14",
"AZ_GÜLTIGE_STIMMZETTEL": 161,
"AZ_JA_STIMMEN": 38
}
,
{
"GEMEINDE": "Unterengstringen",
"BEZIRK": "Dietikon",
"STIMMBETEILIGUNG": "   62.72",
"AZ_GÜLTIGE_STIMMZETTEL": 166,
"AZ_JA_STIMMEN": 60
}
,
{
"GEMEINDE": "Urdorf",
"BEZIRK": "Dietikon",
"STIMMBETEILIGUNG": "   61.61",
"AZ_GÜLTIGE_STIMMZETTEL": 386,
"AZ_JA_STIMMEN": 201
}
,
{
"GEMEINDE": "Weiningen",
"BEZIRK": "Dietikon",
"STIMMBETEILIGUNG": "   67.06",
"AZ_GÜLTIGE_STIMMZETTEL": 212,
"AZ_JA_STIMMEN": 68
}
,
{
"GEMEINDE": "Bäretswil",
"BEZIRK": "Hinwil",
"STIMMBETEILIGUNG": "   73.76",
"AZ_GÜLTIGE_STIMMZETTEL": 468,
"AZ_JA_STIMMEN": 123
}
,
{
"GEMEINDE": "Bubikon",
"BEZIRK": "Hinwil",
"STIMMBETEILIGUNG": "   73.98",
"AZ_GÜLTIGE_STIMMZETTEL": 473,
"AZ_JA_STIMMEN": 163
}
,
{
"GEMEINDE": "Dürnten",
"BEZIRK": "Hinwil",
"STIMMBETEILIGUNG": "   70.67",
"AZ_GÜLTIGE_STIMMZETTEL": 697,
"AZ_JA_STIMMEN": 210
}
,
{
"GEMEINDE": "Fischenthal",
"BEZIRK": "Hinwil",
"STIMMBETEILIGUNG": "   77.86",
"AZ_GÜLTIGE_STIMMZETTEL": 402,
"AZ_JA_STIMMEN": 137
}
,
{
"GEMEINDE": "Gossau",
"BEZIRK": "Hinwil",
"STIMMBETEILIGUNG": "   74.44",
"AZ_GÜLTIGE_STIMMZETTEL": 633,
"AZ_JA_STIMMEN": 195
}
,
{
"GEMEINDE": "Grüningen",
"BEZIRK": "Hinwil",
"STIMMBETEILIGUNG": "   66.74",
"AZ_GÜLTIGE_STIMMZETTEL": 283,
"AZ_JA_STIMMEN": 77
}
,
{
"GEMEINDE": "Hinwil",
"BEZIRK": "Hinwil",
"STIMMBETEILIGUNG": "   77.55",
"AZ_GÜLTIGE_STIMMZETTEL": 829,
"AZ_JA_STIMMEN": 226
}
,
{
"GEMEINDE": "Rüti",
"BEZIRK": "Hinwil",
"STIMMBETEILIGUNG": "   77.65",
"AZ_GÜLTIGE_STIMMZETTEL": 1587,
"AZ_JA_STIMMEN": 545
}
,
{
"GEMEINDE": "Seegräben",
"BEZIRK": "Hinwil",
"STIMMBETEILIGUNG": "   80.56",
"AZ_GÜLTIGE_STIMMZETTEL": 160,
"AZ_JA_STIMMEN": 54
}
,
{
"GEMEINDE": "Wald",
"BEZIRK": "Hinwil",
"STIMMBETEILIGUNG": "   69.89",
"AZ_GÜLTIGE_STIMMZETTEL": 1373,
"AZ_JA_STIMMEN": 585
}
,
{
"GEMEINDE": "Wetzikon",
"BEZIRK": "Hinwil",
"STIMMBETEILIGUNG": "   79.41",
"AZ_GÜLTIGE_STIMMZETTEL": 1848,
"AZ_JA_STIMMEN": 749
}
,
{
"GEMEINDE": "Adliswil",
"BEZIRK": "Horgen",
"STIMMBETEILIGUNG": "   70.26",
"AZ_GÜLTIGE_STIMMZETTEL": 1325,
"AZ_JA_STIMMEN": 560
}
,
{
"GEMEINDE": "Hirzel",
"BEZIRK": "Horgen",
"STIMMBETEILIGUNG": "   59.71",
"AZ_GÜLTIGE_STIMMZETTEL": 192,
"AZ_JA_STIMMEN": 46
}
,
{
"GEMEINDE": "Horgen",
"BEZIRK": "Horgen",
"STIMMBETEILIGUNG": "   71.38",
"AZ_GÜLTIGE_STIMMZETTEL": 2202,
"AZ_JA_STIMMEN": 1042
}
,
{
"GEMEINDE": "Hütten",
"BEZIRK": "Horgen",
"STIMMBETEILIGUNG": "   49.76",
"AZ_GÜLTIGE_STIMMZETTEL": 94,
"AZ_JA_STIMMEN": 27
}
,
{
"GEMEINDE": "Kilchberg",
"BEZIRK": "Horgen",
"STIMMBETEILIGUNG": "   69.51",
"AZ_GÜLTIGE_STIMMZETTEL": 1082,
"AZ_JA_STIMMEN": 337
}
,
{
"GEMEINDE": "Langnau a.A.",
"BEZIRK": "Horgen",
"STIMMBETEILIGUNG": "   52.96",
"AZ_GÜLTIGE_STIMMZETTEL": 366,
"AZ_JA_STIMMEN": 153
}
,
{
"GEMEINDE": "Oberrieden",
"BEZIRK": "Horgen",
"STIMMBETEILIGUNG": "   64.15",
"AZ_GÜLTIGE_STIMMZETTEL": 386,
"AZ_JA_STIMMEN": 141
}
,
{
"GEMEINDE": "Richterswil",
"BEZIRK": "Horgen",
"STIMMBETEILIGUNG": "   80.23",
"AZ_GÜLTIGE_STIMMZETTEL": 1077,
"AZ_JA_STIMMEN": 569
}
,
{
"GEMEINDE": "Rüschlikon",
"BEZIRK": "Horgen",
"STIMMBETEILIGUNG": "   70.99",
"AZ_GÜLTIGE_STIMMZETTEL": 698,
"AZ_JA_STIMMEN": 217
}
,
{
"GEMEINDE": "Schönenberg",
"BEZIRK": "Horgen",
"STIMMBETEILIGUNG": "   58.02",
"AZ_GÜLTIGE_STIMMZETTEL": 197,
"AZ_JA_STIMMEN": 45
}
,
{
"GEMEINDE": "Thalwil",
"BEZIRK": "Horgen",
"STIMMBETEILIGUNG": "   70.18",
"AZ_GÜLTIGE_STIMMZETTEL": 1864,
"AZ_JA_STIMMEN": 801
}
,
{
"GEMEINDE": "Wädenswil",
"BEZIRK": "Horgen",
"STIMMBETEILIGUNG": "   71.82",
"AZ_GÜLTIGE_STIMMZETTEL": 2010,
"AZ_JA_STIMMEN": 1044
}
,
{
"GEMEINDE": "Erlenbach",
"BEZIRK": "Meilen",
"STIMMBETEILIGUNG": "   63.55",
"AZ_GÜLTIGE_STIMMZETTEL": 630,
"AZ_JA_STIMMEN": 252
}
,
{
"GEMEINDE": "Herrliberg",
"BEZIRK": "Meilen",
"STIMMBETEILIGUNG": "   65.81",
"AZ_GÜLTIGE_STIMMZETTEL": 409,
"AZ_JA_STIMMEN": 122
}
,
{
"GEMEINDE": "Hombrechtikon",
"BEZIRK": "Meilen",
"STIMMBETEILIGUNG": "   75.57",
"AZ_GÜLTIGE_STIMMZETTEL": 629,
"AZ_JA_STIMMEN": 247
}
,
{
"GEMEINDE": "Küsnacht",
"BEZIRK": "Meilen",
"STIMMBETEILIGUNG": "   66.72",
"AZ_GÜLTIGE_STIMMZETTEL": 1742,
"AZ_JA_STIMMEN": 631
}
,
{
"GEMEINDE": "Männedorf",
"BEZIRK": "Meilen",
"STIMMBETEILIGUNG": "   66.75",
"AZ_GÜLTIGE_STIMMZETTEL": 802,
"AZ_JA_STIMMEN": 332
}
,
{
"GEMEINDE": "Meilen",
"BEZIRK": "Meilen",
"STIMMBETEILIGUNG": "   64.73",
"AZ_GÜLTIGE_STIMMZETTEL": 1120,
"AZ_JA_STIMMEN": 395
}
,
{
"GEMEINDE": "Oetwil a.S.",
"BEZIRK": "Meilen",
"STIMMBETEILIGUNG": "   72.76",
"AZ_GÜLTIGE_STIMMZETTEL": 202,
"AZ_JA_STIMMEN": 46
}
,
{
"GEMEINDE": "Stäfa",
"BEZIRK": "Meilen",
"STIMMBETEILIGUNG": "   66.92",
"AZ_GÜLTIGE_STIMMZETTEL": 1013,
"AZ_JA_STIMMEN": 402
}
,
{
"GEMEINDE": "Uetikon a.S.",
"BEZIRK": "Meilen",
"STIMMBETEILIGUNG": "   67.63",
"AZ_GÜLTIGE_STIMMZETTEL": 459,
"AZ_JA_STIMMEN": 169
}
,
{
"GEMEINDE": "Zollikon",
"BEZIRK": "Meilen",
"STIMMBETEILIGUNG": "   63.43",
"AZ_GÜLTIGE_STIMMZETTEL": 1236,
"AZ_JA_STIMMEN": 359
}
,
{
"GEMEINDE": "Zumikon",
"BEZIRK": "Meilen",
"STIMMBETEILIGUNG": "   71.55",
"AZ_GÜLTIGE_STIMMZETTEL": 245,
"AZ_JA_STIMMEN": 89
}
,
{
"GEMEINDE": "Bauma",
"BEZIRK": "Pfäffikon",
"STIMMBETEILIGUNG": "   66.87",
"AZ_GÜLTIGE_STIMMZETTEL": 605,
"AZ_JA_STIMMEN": 274
}
,
{
"GEMEINDE": "Fehraltorf",
"BEZIRK": "Pfäffikon",
"STIMMBETEILIGUNG": "   72.21",
"AZ_GÜLTIGE_STIMMZETTEL": 251,
"AZ_JA_STIMMEN": 74
}
,
{
"GEMEINDE": "Hittnau",
"BEZIRK": "Pfäffikon",
"STIMMBETEILIGUNG": "   80.68",
"AZ_GÜLTIGE_STIMMZETTEL": 308,
"AZ_JA_STIMMEN": 107
}
,
{
"GEMEINDE": "Illnau-Effretikon",
"BEZIRK": "Pfäffikon",
"STIMMBETEILIGUNG": "   77.01",
"AZ_GÜLTIGE_STIMMZETTEL": 1087,
"AZ_JA_STIMMEN": 344
}
,
{
"GEMEINDE": "Lindau",
"BEZIRK": "Pfäffikon",
"STIMMBETEILIGUNG": "   75.87",
"AZ_GÜLTIGE_STIMMZETTEL": 390,
"AZ_JA_STIMMEN": 171
}
,
{
"GEMEINDE": "Pfäffikon",
"BEZIRK": "Pfäffikon",
"STIMMBETEILIGUNG": "   79.20",
"AZ_GÜLTIGE_STIMMZETTEL": 1015,
"AZ_JA_STIMMEN": 396
}
,
{
"GEMEINDE": "Russikon",
"BEZIRK": "Pfäffikon",
"STIMMBETEILIGUNG": "   73.35",
"AZ_GÜLTIGE_STIMMZETTEL": 296,
"AZ_JA_STIMMEN": 82
}
,
{
"GEMEINDE": "Weisslingen",
"BEZIRK": "Pfäffikon",
"STIMMBETEILIGUNG": "   82.25",
"AZ_GÜLTIGE_STIMMZETTEL": 300,
"AZ_JA_STIMMEN": 69
}
,
{
"GEMEINDE": "Wila",
"BEZIRK": "Pfäffikon",
"STIMMBETEILIGUNG": "   70.65",
"AZ_GÜLTIGE_STIMMZETTEL": 177,
"AZ_JA_STIMMEN": 50
}
,
{
"GEMEINDE": "Wildberg",
"BEZIRK": "Pfäffikon",
"STIMMBETEILIGUNG": "   71.20",
"AZ_GÜLTIGE_STIMMZETTEL": 111,
"AZ_JA_STIMMEN": 28
}
,
{
"GEMEINDE": "Dübendorf",
"BEZIRK": "Uster",
"STIMMBETEILIGUNG": "   66.88",
"AZ_GÜLTIGE_STIMMZETTEL": 1397,
"AZ_JA_STIMMEN": 554
}
,
{
"GEMEINDE": "Egg",
"BEZIRK": "Uster",
"STIMMBETEILIGUNG": "   69.68",
"AZ_GÜLTIGE_STIMMZETTEL": 450,
"AZ_JA_STIMMEN": 148
}
,
{
"GEMEINDE": "Fällanden",
"BEZIRK": "Uster",
"STIMMBETEILIGUNG": "   63.77",
"AZ_GÜLTIGE_STIMMZETTEL": 159,
"AZ_JA_STIMMEN": 60
}
,
{
"GEMEINDE": "Greifensee",
"BEZIRK": "Uster",
"STIMMBETEILIGUNG": "   72.16",
"AZ_GÜLTIGE_STIMMZETTEL": 68,
"AZ_JA_STIMMEN": 16
}
,
{
"GEMEINDE": "Maur",
"BEZIRK": "Uster",
"STIMMBETEILIGUNG": "   70.62",
"AZ_GÜLTIGE_STIMMZETTEL": 319,
"AZ_JA_STIMMEN": 88
}
,
{
"GEMEINDE": "Mönchaltorf",
"BEZIRK": "Uster",
"STIMMBETEILIGUNG": "   70.66",
"AZ_GÜLTIGE_STIMMZETTEL": 157,
"AZ_JA_STIMMEN": 40
}
,
{
"GEMEINDE": "Schwerzenbach",
"BEZIRK": "Uster",
"STIMMBETEILIGUNG": "   58.65",
"AZ_GÜLTIGE_STIMMZETTEL": 70,
"AZ_JA_STIMMEN": 27
}
,
{
"GEMEINDE": "Uster",
"BEZIRK": "Uster",
"STIMMBETEILIGUNG": "   75.51",
"AZ_GÜLTIGE_STIMMZETTEL": 2586,
"AZ_JA_STIMMEN": 968
}
,
{
"GEMEINDE": "Volketswil",
"BEZIRK": "Uster",
"STIMMBETEILIGUNG": "   72.70",
"AZ_GÜLTIGE_STIMMZETTEL": 384,
"AZ_JA_STIMMEN": 106
}
,
{
"GEMEINDE": "Wangen-Brüttisellen",
"BEZIRK": "Uster",
"STIMMBETEILIGUNG": "   66.36",
"AZ_GÜLTIGE_STIMMZETTEL": 331,
"AZ_JA_STIMMEN": 140
}
,
{
"GEMEINDE": "Altikon",
"BEZIRK": "Winterthur",
"STIMMBETEILIGUNG": "   74.15",
"AZ_GÜLTIGE_STIMMZETTEL": 104,
"AZ_JA_STIMMEN": 18
}
,
{
"GEMEINDE": "Brütten",
"BEZIRK": "Winterthur",
"STIMMBETEILIGUNG": "   74.21",
"AZ_GÜLTIGE_STIMMZETTEL": 105,
"AZ_JA_STIMMEN": 28
}
,
{
"GEMEINDE": "Dägerlen",
"BEZIRK": "Winterthur",
"STIMMBETEILIGUNG": "   87.73",
"AZ_GÜLTIGE_STIMMZETTEL": 128,
"AZ_JA_STIMMEN": 29
}
,
{
"GEMEINDE": "Dättlikon",
"BEZIRK": "Winterthur",
"STIMMBETEILIGUNG": "   73.83",
"AZ_GÜLTIGE_STIMMZETTEL": 72,
"AZ_JA_STIMMEN": 24
}
,
{
"GEMEINDE": "Dinhard",
"BEZIRK": "Winterthur",
"STIMMBETEILIGUNG": "   85.80",
"AZ_GÜLTIGE_STIMMZETTEL": 141,
"AZ_JA_STIMMEN": 37
}
,
{
"GEMEINDE": "Elgg",
"BEZIRK": "Winterthur",
"STIMMBETEILIGUNG": "   72.52",
"AZ_GÜLTIGE_STIMMZETTEL": 448,
"AZ_JA_STIMMEN": 156
}
,
{
"GEMEINDE": "Ellikon a.d.Th.",
"BEZIRK": "Winterthur",
"STIMMBETEILIGUNG": "   74.40",
"AZ_GÜLTIGE_STIMMZETTEL": 83,
"AZ_JA_STIMMEN": 36
}
,
{
"GEMEINDE": "Elsau",
"BEZIRK": "Winterthur",
"STIMMBETEILIGUNG": "   73.06",
"AZ_GÜLTIGE_STIMMZETTEL": 304,
"AZ_JA_STIMMEN": 139
}
,
{
"GEMEINDE": "Hagenbuch",
"BEZIRK": "Winterthur",
"STIMMBETEILIGUNG": "   79.19",
"AZ_GÜLTIGE_STIMMZETTEL": 106,
"AZ_JA_STIMMEN": 23
}
,
{
"GEMEINDE": "Hettlingen",
"BEZIRK": "Winterthur",
"STIMMBETEILIGUNG": "   71.27",
"AZ_GÜLTIGE_STIMMZETTEL": 121,
"AZ_JA_STIMMEN": 48
}
,
{
"GEMEINDE": "Hofstetten",
"BEZIRK": "Winterthur",
"STIMMBETEILIGUNG": "   82.19",
"AZ_GÜLTIGE_STIMMZETTEL": 100,
"AZ_JA_STIMMEN": 24
}
,
{
"GEMEINDE": "Neftenbach",
"BEZIRK": "Winterthur",
"STIMMBETEILIGUNG": "   69.35",
"AZ_GÜLTIGE_STIMMZETTEL": 368,
"AZ_JA_STIMMEN": 153
}
,
{
"GEMEINDE": "Pfungen",
"BEZIRK": "Winterthur",
"STIMMBETEILIGUNG": "   68.16",
"AZ_GÜLTIGE_STIMMZETTEL": 232,
"AZ_JA_STIMMEN": 103
}
,
{
"GEMEINDE": "Rickenbach",
"BEZIRK": "Winterthur",
"STIMMBETEILIGUNG": "   78.41",
"AZ_GÜLTIGE_STIMMZETTEL": 165,
"AZ_JA_STIMMEN": 54
}
,
{
"GEMEINDE": "Schlatt",
"BEZIRK": "Winterthur",
"STIMMBETEILIGUNG": "   72.48",
"AZ_GÜLTIGE_STIMMZETTEL": 95,
"AZ_JA_STIMMEN": 24
}
,
{
"GEMEINDE": "Seuzach",
"BEZIRK": "Winterthur",
"STIMMBETEILIGUNG": "   74.75",
"AZ_GÜLTIGE_STIMMZETTEL": 350,
"AZ_JA_STIMMEN": 163
}
,
{
"GEMEINDE": "Turbenthal",
"BEZIRK": "Winterthur",
"STIMMBETEILIGUNG": "   67.67",
"AZ_GÜLTIGE_STIMMZETTEL": 481,
"AZ_JA_STIMMEN": 162
}
,
{
"GEMEINDE": "Wiesendangen",
"BEZIRK": "Winterthur",
"STIMMBETEILIGUNG": "   77.22",
"AZ_GÜLTIGE_STIMMZETTEL": 467,
"AZ_JA_STIMMEN": 126
}
,
{
"GEMEINDE": "Winterthur",
"BEZIRK": "Winterthur",
"STIMMBETEILIGUNG": "   80.12",
"AZ_GÜLTIGE_STIMMZETTEL": 15894,
"AZ_JA_STIMMEN": 8522
}
,
{
"GEMEINDE": "Zell",
"BEZIRK": "Winterthur",
"STIMMBETEILIGUNG": "   77.84",
"AZ_GÜLTIGE_STIMMZETTEL": 631,
"AZ_JA_STIMMEN": 260
}
,
{
"GEMEINDE": "Zürich",
"BEZIRK": "Zürich",
"STIMMBETEILIGUNG": "   63.53",
"AZ_GÜLTIGE_STIMMZETTEL": 75835,
"AZ_JA_STIMMEN": 45324
}
]
