[
{
"GEMEINDE": "Aeugst a.A.",
"BEZIRK": "Affoltern",
"STIMMBETEILIGUNG": "   48.94",
"AZ_GÜLTIGE_STIMMZETTEL": 76,
"AZ_JA_STIMMEN": 49
}
,
{
"GEMEINDE": "Affoltern a.A.",
"BEZIRK": "Affoltern",
"STIMMBETEILIGUNG": "   59.82",
"AZ_GÜLTIGE_STIMMZETTEL": 584,
"AZ_JA_STIMMEN": 407
}
,
{
"GEMEINDE": "Bonstetten",
"BEZIRK": "Affoltern",
"STIMMBETEILIGUNG": "   65.84",
"AZ_GÜLTIGE_STIMMZETTEL": 181,
"AZ_JA_STIMMEN": 116
}
,
{
"GEMEINDE": "Hausen a.A.",
"BEZIRK": "Affoltern",
"STIMMBETEILIGUNG": "   60.63",
"AZ_GÜLTIGE_STIMMZETTEL": 240,
"AZ_JA_STIMMEN": 160
}
,
{
"GEMEINDE": "Hedingen",
"BEZIRK": "Affoltern",
"STIMMBETEILIGUNG": "   55.81",
"AZ_GÜLTIGE_STIMMZETTEL": 234,
"AZ_JA_STIMMEN": 182
}
,
{
"GEMEINDE": "Kappel a.A.",
"BEZIRK": "Affoltern",
"STIMMBETEILIGUNG": "   64.90",
"AZ_GÜLTIGE_STIMMZETTEL": 79,
"AZ_JA_STIMMEN": 47
}
,
{
"GEMEINDE": "Knonau",
"BEZIRK": "Affoltern",
"STIMMBETEILIGUNG": "   52.38",
"AZ_GÜLTIGE_STIMMZETTEL": 84,
"AZ_JA_STIMMEN": 53
}
,
{
"GEMEINDE": "Maschwanden",
"BEZIRK": "Affoltern",
"STIMMBETEILIGUNG": "   66.14",
"AZ_GÜLTIGE_STIMMZETTEL": 68,
"AZ_JA_STIMMEN": 43
}
,
{
"GEMEINDE": "Mettmenstetten",
"BEZIRK": "Affoltern",
"STIMMBETEILIGUNG": "   57.78",
"AZ_GÜLTIGE_STIMMZETTEL": 224,
"AZ_JA_STIMMEN": 154
}
,
{
"GEMEINDE": "Obfelden",
"BEZIRK": "Affoltern",
"STIMMBETEILIGUNG": "   63.82",
"AZ_GÜLTIGE_STIMMZETTEL": 253,
"AZ_JA_STIMMEN": 162
}
,
{
"GEMEINDE": "Ottenbach",
"BEZIRK": "Affoltern",
"STIMMBETEILIGUNG": "   56.83",
"AZ_GÜLTIGE_STIMMZETTEL": 148,
"AZ_JA_STIMMEN": 97
}
,
{
"GEMEINDE": "Rifferswil",
"BEZIRK": "Affoltern",
"STIMMBETEILIGUNG": "   54.79",
"AZ_GÜLTIGE_STIMMZETTEL": 67,
"AZ_JA_STIMMEN": 52
}
,
{
"GEMEINDE": "Stallikon",
"BEZIRK": "Affoltern",
"STIMMBETEILIGUNG": "   49.51",
"AZ_GÜLTIGE_STIMMZETTEL": 84,
"AZ_JA_STIMMEN": 39
}
,
{
"GEMEINDE": "Wettswil a.A.",
"BEZIRK": "Affoltern",
"STIMMBETEILIGUNG": "   56.52",
"AZ_GÜLTIGE_STIMMZETTEL": 68,
"AZ_JA_STIMMEN": 48
}
,
{
"GEMEINDE": "Adlikon",
"BEZIRK": "Andelfingen",
"STIMMBETEILIGUNG": "   86.40",
"AZ_GÜLTIGE_STIMMZETTEL": 81,
"AZ_JA_STIMMEN": 36
}
,
{
"GEMEINDE": "Andelfingen",
"BEZIRK": "Andelfingen",
"STIMMBETEILIGUNG": "   73.38",
"AZ_GÜLTIGE_STIMMZETTEL": 174,
"AZ_JA_STIMMEN": 101
}
,
{
"GEMEINDE": "Benken",
"BEZIRK": "Andelfingen",
"STIMMBETEILIGUNG": "   82.64",
"AZ_GÜLTIGE_STIMMZETTEL": 98,
"AZ_JA_STIMMEN": 59
}
,
{
"GEMEINDE": "Berg a.I.",
"BEZIRK": "Andelfingen",
"STIMMBETEILIGUNG": "   73.64",
"AZ_GÜLTIGE_STIMMZETTEL": 69,
"AZ_JA_STIMMEN": 34
}
,
{
"GEMEINDE": "Buch a.I.",
"BEZIRK": "Andelfingen",
"STIMMBETEILIGUNG": "   73.39",
"AZ_GÜLTIGE_STIMMZETTEL": 63,
"AZ_JA_STIMMEN": 32
}
,
{
"GEMEINDE": "Dachsen",
"BEZIRK": "Andelfingen",
"STIMMBETEILIGUNG": "   71.83",
"AZ_GÜLTIGE_STIMMZETTEL": 124,
"AZ_JA_STIMMEN": 85
}
,
{
"GEMEINDE": "Dorf",
"BEZIRK": "Andelfingen",
"STIMMBETEILIGUNG": "   64.00",
"AZ_GÜLTIGE_STIMMZETTEL": 35,
"AZ_JA_STIMMEN": 27
}
,
{
"GEMEINDE": "Feuerthalen",
"BEZIRK": "Andelfingen",
"STIMMBETEILIGUNG": "   61.78",
"AZ_GÜLTIGE_STIMMZETTEL": 428,
"AZ_JA_STIMMEN": 297
}
,
{
"GEMEINDE": "Flaach",
"BEZIRK": "Andelfingen",
"STIMMBETEILIGUNG": "   73.25",
"AZ_GÜLTIGE_STIMMZETTEL": 138,
"AZ_JA_STIMMEN": 83
}
,
{
"GEMEINDE": "Flurlingen",
"BEZIRK": "Andelfingen",
"STIMMBETEILIGUNG": "   68.59",
"AZ_GÜLTIGE_STIMMZETTEL": 175,
"AZ_JA_STIMMEN": 147
}
,
{
"GEMEINDE": "Henggart",
"BEZIRK": "Andelfingen",
"STIMMBETEILIGUNG": "   78.31",
"AZ_GÜLTIGE_STIMMZETTEL": 114,
"AZ_JA_STIMMEN": 83
}
,
{
"GEMEINDE": "Humlikon",
"BEZIRK": "Andelfingen",
"STIMMBETEILIGUNG": "   72.86",
"AZ_GÜLTIGE_STIMMZETTEL": 42,
"AZ_JA_STIMMEN": 22
}
,
{
"GEMEINDE": "Kleinandelfingen",
"BEZIRK": "Andelfingen",
"STIMMBETEILIGUNG": "   65.05",
"AZ_GÜLTIGE_STIMMZETTEL": 160,
"AZ_JA_STIMMEN": 95
}
,
{
"GEMEINDE": "Laufen-Uhwiesen",
"BEZIRK": "Andelfingen",
"STIMMBETEILIGUNG": "   69.40",
"AZ_GÜLTIGE_STIMMZETTEL": 127,
"AZ_JA_STIMMEN": 76
}
,
{
"GEMEINDE": "Marthalen",
"BEZIRK": "Andelfingen",
"STIMMBETEILIGUNG": "   71.12",
"AZ_GÜLTIGE_STIMMZETTEL": 226,
"AZ_JA_STIMMEN": 132
}
,
{
"GEMEINDE": "Oberstammheim",
"BEZIRK": "Andelfingen",
"STIMMBETEILIGUNG": "   73.62",
"AZ_GÜLTIGE_STIMMZETTEL": 143,
"AZ_JA_STIMMEN": 90
}
,
{
"GEMEINDE": "Ossingen",
"BEZIRK": "Andelfingen",
"STIMMBETEILIGUNG": "   77.86",
"AZ_GÜLTIGE_STIMMZETTEL": 175,
"AZ_JA_STIMMEN": 104
}
,
{
"GEMEINDE": "Rheinau",
"BEZIRK": "Andelfingen",
"STIMMBETEILIGUNG": "   57.93",
"AZ_GÜLTIGE_STIMMZETTEL": 178,
"AZ_JA_STIMMEN": 118
}
,
{
"GEMEINDE": "Thalheim a.d.Th.",
"BEZIRK": "Andelfingen",
"STIMMBETEILIGUNG": "   69.47",
"AZ_GÜLTIGE_STIMMZETTEL": 64,
"AZ_JA_STIMMEN": 45
}
,
{
"GEMEINDE": "Trüllikon",
"BEZIRK": "Andelfingen",
"STIMMBETEILIGUNG": "   73.03",
"AZ_GÜLTIGE_STIMMZETTEL": 147,
"AZ_JA_STIMMEN": 92
}
,
{
"GEMEINDE": "Truttikon",
"BEZIRK": "Andelfingen",
"STIMMBETEILIGUNG": "   89.41",
"AZ_GÜLTIGE_STIMMZETTEL": 58,
"AZ_JA_STIMMEN": 33
}
,
{
"GEMEINDE": "Unterstammheim",
"BEZIRK": "Andelfingen",
"STIMMBETEILIGUNG": "   81.91",
"AZ_GÜLTIGE_STIMMZETTEL": 129,
"AZ_JA_STIMMEN": 88
}
,
{
"GEMEINDE": "Volken",
"BEZIRK": "Andelfingen",
"STIMMBETEILIGUNG": "   69.14",
"AZ_GÜLTIGE_STIMMZETTEL": 47,
"AZ_JA_STIMMEN": 17
}
,
{
"GEMEINDE": "Waltalingen",
"BEZIRK": "Andelfingen",
"STIMMBETEILIGUNG": "   82.82",
"AZ_GÜLTIGE_STIMMZETTEL": 110,
"AZ_JA_STIMMEN": 72
}
,
{
"GEMEINDE": "Bachenbülach",
"BEZIRK": "Bülach",
"STIMMBETEILIGUNG": "   66.67",
"AZ_GÜLTIGE_STIMMZETTEL": 131,
"AZ_JA_STIMMEN": 96
}
,
{
"GEMEINDE": "Bassersdorf",
"BEZIRK": "Bülach",
"STIMMBETEILIGUNG": "   53.59",
"AZ_GÜLTIGE_STIMMZETTEL": 352,
"AZ_JA_STIMMEN": 258
}
,
{
"GEMEINDE": "Bülach",
"BEZIRK": "Bülach",
"STIMMBETEILIGUNG": "   55.47",
"AZ_GÜLTIGE_STIMMZETTEL": 732,
"AZ_JA_STIMMEN": 528
}
,
{
"GEMEINDE": "Dietlikon",
"BEZIRK": "Bülach",
"STIMMBETEILIGUNG": "   51.54",
"AZ_GÜLTIGE_STIMMZETTEL": 192,
"AZ_JA_STIMMEN": 146
}
,
{
"GEMEINDE": "Eglisau",
"BEZIRK": "Bülach",
"STIMMBETEILIGUNG": "   60.24",
"AZ_GÜLTIGE_STIMMZETTEL": 266,
"AZ_JA_STIMMEN": 156
}
,
{
"GEMEINDE": "Embrach",
"BEZIRK": "Bülach",
"STIMMBETEILIGUNG": "   66.91",
"AZ_GÜLTIGE_STIMMZETTEL": 326,
"AZ_JA_STIMMEN": 201
}
,
{
"GEMEINDE": "Freienstein-Teufen",
"BEZIRK": "Bülach",
"STIMMBETEILIGUNG": "   64.56",
"AZ_GÜLTIGE_STIMMZETTEL": 174,
"AZ_JA_STIMMEN": 110
}
,
{
"GEMEINDE": "Glattfelden",
"BEZIRK": "Bülach",
"STIMMBETEILIGUNG": "   62.48",
"AZ_GÜLTIGE_STIMMZETTEL": 348,
"AZ_JA_STIMMEN": 234
}
,
{
"GEMEINDE": "Hochfelden",
"BEZIRK": "Bülach",
"STIMMBETEILIGUNG": "   71.21",
"AZ_GÜLTIGE_STIMMZETTEL": 75,
"AZ_JA_STIMMEN": 42
}
,
{
"GEMEINDE": "Höri",
"BEZIRK": "Bülach",
"STIMMBETEILIGUNG": "   72.00",
"AZ_GÜLTIGE_STIMMZETTEL": 105,
"AZ_JA_STIMMEN": 72
}
,
{
"GEMEINDE": "Hüntwangen",
"BEZIRK": "Bülach",
"STIMMBETEILIGUNG": "   75.84",
"AZ_GÜLTIGE_STIMMZETTEL": 83,
"AZ_JA_STIMMEN": 43
}
,
{
"GEMEINDE": "Kloten",
"BEZIRK": "Bülach",
"STIMMBETEILIGUNG": "   40.44",
"AZ_GÜLTIGE_STIMMZETTEL": 529,
"AZ_JA_STIMMEN": 371
}
,
{
"GEMEINDE": "Lufingen",
"BEZIRK": "Bülach",
"STIMMBETEILIGUNG": "   65.69",
"AZ_GÜLTIGE_STIMMZETTEL": 60,
"AZ_JA_STIMMEN": 33
}
,
{
"GEMEINDE": "Nürensdorf",
"BEZIRK": "Bülach",
"STIMMBETEILIGUNG": "   67.66",
"AZ_GÜLTIGE_STIMMZETTEL": 138,
"AZ_JA_STIMMEN": 84
}
,
{
"GEMEINDE": "Oberembrach",
"BEZIRK": "Bülach",
"STIMMBETEILIGUNG": "   71.60",
"AZ_GÜLTIGE_STIMMZETTEL": 94,
"AZ_JA_STIMMEN": 60
}
,
{
"GEMEINDE": "Opfikon",
"BEZIRK": "Bülach",
"STIMMBETEILIGUNG": "   36.32",
"AZ_GÜLTIGE_STIMMZETTEL": 549,
"AZ_JA_STIMMEN": 423
}
,
{
"GEMEINDE": "Rafz",
"BEZIRK": "Bülach",
"STIMMBETEILIGUNG": "   65.65",
"AZ_GÜLTIGE_STIMMZETTEL": 290,
"AZ_JA_STIMMEN": 181
}
,
{
"GEMEINDE": "Rorbas",
"BEZIRK": "Bülach",
"STIMMBETEILIGUNG": "   82.35",
"AZ_GÜLTIGE_STIMMZETTEL": 240,
"AZ_JA_STIMMEN": 142
}
,
{
"GEMEINDE": "Wallisellen",
"BEZIRK": "Bülach",
"STIMMBETEILIGUNG": "   53.08",
"AZ_GÜLTIGE_STIMMZETTEL": 985,
"AZ_JA_STIMMEN": 796
}
,
{
"GEMEINDE": "Wasterkingen",
"BEZIRK": "Bülach",
"STIMMBETEILIGUNG": "   75.64",
"AZ_GÜLTIGE_STIMMZETTEL": 47,
"AZ_JA_STIMMEN": 26
}
,
{
"GEMEINDE": "Wil",
"BEZIRK": "Bülach",
"STIMMBETEILIGUNG": "   76.32",
"AZ_GÜLTIGE_STIMMZETTEL": 149,
"AZ_JA_STIMMEN": 85
}
,
{
"GEMEINDE": "Winkel",
"BEZIRK": "Bülach",
"STIMMBETEILIGUNG": "   70.30",
"AZ_GÜLTIGE_STIMMZETTEL": 95,
"AZ_JA_STIMMEN": 57
}
,
{
"GEMEINDE": "Bachs",
"BEZIRK": "Dielsdorf",
"STIMMBETEILIGUNG": "   64.18",
"AZ_GÜLTIGE_STIMMZETTEL": 76,
"AZ_JA_STIMMEN": 45
}
,
{
"GEMEINDE": "Boppelsen",
"BEZIRK": "Dielsdorf",
"STIMMBETEILIGUNG": "   74.03",
"AZ_GÜLTIGE_STIMMZETTEL": 47,
"AZ_JA_STIMMEN": 37
}
,
{
"GEMEINDE": "Buchs",
"BEZIRK": "Dielsdorf",
"STIMMBETEILIGUNG": "   52.81",
"AZ_GÜLTIGE_STIMMZETTEL": 85,
"AZ_JA_STIMMEN": 56
}
,
{
"GEMEINDE": "Dällikon",
"BEZIRK": "Dielsdorf",
"STIMMBETEILIGUNG": "   76.56",
"AZ_GÜLTIGE_STIMMZETTEL": 35,
"AZ_JA_STIMMEN": 27
}
,
{
"GEMEINDE": "Dänikon",
"BEZIRK": "Dielsdorf",
"STIMMBETEILIGUNG": "   47.75",
"AZ_GÜLTIGE_STIMMZETTEL": 47,
"AZ_JA_STIMMEN": 28
}
,
{
"GEMEINDE": "Dielsdorf",
"BEZIRK": "Dielsdorf",
"STIMMBETEILIGUNG": "   54.84",
"AZ_GÜLTIGE_STIMMZETTEL": 167,
"AZ_JA_STIMMEN": 112
}
,
{
"GEMEINDE": "Hüttikon",
"BEZIRK": "Dielsdorf",
"STIMMBETEILIGUNG": "   62.79",
"AZ_GÜLTIGE_STIMMZETTEL": 20,
"AZ_JA_STIMMEN": 13
}
,
{
"GEMEINDE": "Neerach",
"BEZIRK": "Dielsdorf",
"STIMMBETEILIGUNG": "   58.19",
"AZ_GÜLTIGE_STIMMZETTEL": 85,
"AZ_JA_STIMMEN": 59
}
,
{
"GEMEINDE": "Niederglatt",
"BEZIRK": "Dielsdorf",
"STIMMBETEILIGUNG": "   50.59",
"AZ_GÜLTIGE_STIMMZETTEL": 152,
"AZ_JA_STIMMEN": 89
}
,
{
"GEMEINDE": "Niederhasli",
"BEZIRK": "Dielsdorf",
"STIMMBETEILIGUNG": "   70.18",
"AZ_GÜLTIGE_STIMMZETTEL": 184,
"AZ_JA_STIMMEN": 124
}
,
{
"GEMEINDE": "Niederweningen",
"BEZIRK": "Dielsdorf",
"STIMMBETEILIGUNG": "   65.47",
"AZ_GÜLTIGE_STIMMZETTEL": 162,
"AZ_JA_STIMMEN": 103
}
,
{
"GEMEINDE": "Oberglatt",
"BEZIRK": "Dielsdorf",
"STIMMBETEILIGUNG": "   59.15",
"AZ_GÜLTIGE_STIMMZETTEL": 193,
"AZ_JA_STIMMEN": 138
}
,
{
"GEMEINDE": "Oberweningen",
"BEZIRK": "Dielsdorf",
"STIMMBETEILIGUNG": "   73.53",
"AZ_GÜLTIGE_STIMMZETTEL": 61,
"AZ_JA_STIMMEN": 28
}
,
{
"GEMEINDE": "Otelfingen",
"BEZIRK": "Dielsdorf",
"STIMMBETEILIGUNG": "   37.21",
"AZ_GÜLTIGE_STIMMZETTEL": 77,
"AZ_JA_STIMMEN": 34
}
,
{
"GEMEINDE": "Regensberg",
"BEZIRK": "Dielsdorf",
"STIMMBETEILIGUNG": "   59.72",
"AZ_GÜLTIGE_STIMMZETTEL": 39,
"AZ_JA_STIMMEN": 26
}
,
{
"GEMEINDE": "Regensdorf",
"BEZIRK": "Dielsdorf",
"STIMMBETEILIGUNG": "   48.65",
"AZ_GÜLTIGE_STIMMZETTEL": 306,
"AZ_JA_STIMMEN": 197
}
,
{
"GEMEINDE": "Rümlang",
"BEZIRK": "Dielsdorf",
"STIMMBETEILIGUNG": "   56.14",
"AZ_GÜLTIGE_STIMMZETTEL": 353,
"AZ_JA_STIMMEN": 245
}
,
{
"GEMEINDE": "Schleinikon",
"BEZIRK": "Dielsdorf",
"STIMMBETEILIGUNG": "   55.45",
"AZ_GÜLTIGE_STIMMZETTEL": 52,
"AZ_JA_STIMMEN": 32
}
,
{
"GEMEINDE": "Schöfflisdorf",
"BEZIRK": "Dielsdorf",
"STIMMBETEILIGUNG": "   57.85",
"AZ_GÜLTIGE_STIMMZETTEL": 51,
"AZ_JA_STIMMEN": 23
}
,
{
"GEMEINDE": "Stadel",
"BEZIRK": "Dielsdorf",
"STIMMBETEILIGUNG": "   76.33",
"AZ_GÜLTIGE_STIMMZETTEL": 187,
"AZ_JA_STIMMEN": 102
}
,
{
"GEMEINDE": "Steinmaur",
"BEZIRK": "Dielsdorf",
"STIMMBETEILIGUNG": "   68.09",
"AZ_GÜLTIGE_STIMMZETTEL": 141,
"AZ_JA_STIMMEN": 79
}
,
{
"GEMEINDE": "Weiach",
"BEZIRK": "Dielsdorf",
"STIMMBETEILIGUNG": "   60.12",
"AZ_GÜLTIGE_STIMMZETTEL": 85,
"AZ_JA_STIMMEN": 59
}
,
{
"GEMEINDE": "Aesch",
"BEZIRK": "Dietikon",
"STIMMBETEILIGUNG": "   71.28",
"AZ_GÜLTIGE_STIMMZETTEL": 58,
"AZ_JA_STIMMEN": 40
}
,
{
"GEMEINDE": "Birmensdorf",
"BEZIRK": "Dietikon",
"STIMMBETEILIGUNG": "   50.80",
"AZ_GÜLTIGE_STIMMZETTEL": 228,
"AZ_JA_STIMMEN": 157
}
,
{
"GEMEINDE": "Dietikon",
"BEZIRK": "Dietikon",
"STIMMBETEILIGUNG": "   43.36",
"AZ_GÜLTIGE_STIMMZETTEL": 1160,
"AZ_JA_STIMMEN": 910
}
,
{
"GEMEINDE": "Geroldswil",
"BEZIRK": "Dietikon",
"STIMMBETEILIGUNG": "   47.49",
"AZ_GÜLTIGE_STIMMZETTEL": 72,
"AZ_JA_STIMMEN": 45
}
,
{
"GEMEINDE": "Oberengstringen",
"BEZIRK": "Dietikon",
"STIMMBETEILIGUNG": "   36.65",
"AZ_GÜLTIGE_STIMMZETTEL": 216,
"AZ_JA_STIMMEN": 174
}
,
{
"GEMEINDE": "Oetwil a.d.L",
"BEZIRK": "Dietikon",
"STIMMBETEILIGUNG": "   65.77",
"AZ_GÜLTIGE_STIMMZETTEL": 65,
"AZ_JA_STIMMEN": 46
}
,
{
"GEMEINDE": "Schlieren",
"BEZIRK": "Dietikon",
"STIMMBETEILIGUNG": "   45.69",
"AZ_GÜLTIGE_STIMMZETTEL": 986,
"AZ_JA_STIMMEN": 815
}
,
{
"GEMEINDE": "Uitikon",
"BEZIRK": "Dietikon",
"STIMMBETEILIGUNG": "   52.46",
"AZ_GÜLTIGE_STIMMZETTEL": 178,
"AZ_JA_STIMMEN": 145
}
,
{
"GEMEINDE": "Unterengstringen",
"BEZIRK": "Dietikon",
"STIMMBETEILIGUNG": "   45.77",
"AZ_GÜLTIGE_STIMMZETTEL": 118,
"AZ_JA_STIMMEN": 90
}
,
{
"GEMEINDE": "Urdorf",
"BEZIRK": "Dietikon",
"STIMMBETEILIGUNG": "   44.54",
"AZ_GÜLTIGE_STIMMZETTEL": 293,
"AZ_JA_STIMMEN": 215
}
,
{
"GEMEINDE": "Weiningen",
"BEZIRK": "Dietikon",
"STIMMBETEILIGUNG": "   55.31",
"AZ_GÜLTIGE_STIMMZETTEL": 172,
"AZ_JA_STIMMEN": 106
}
,
{
"GEMEINDE": "Bäretswil",
"BEZIRK": "Hinwil",
"STIMMBETEILIGUNG": "   63.23",
"AZ_GÜLTIGE_STIMMZETTEL": 364,
"AZ_JA_STIMMEN": 207
}
,
{
"GEMEINDE": "Bubikon",
"BEZIRK": "Hinwil",
"STIMMBETEILIGUNG": "   60.03",
"AZ_GÜLTIGE_STIMMZETTEL": 355,
"AZ_JA_STIMMEN": 241
}
,
{
"GEMEINDE": "Dürnten",
"BEZIRK": "Hinwil",
"STIMMBETEILIGUNG": "   58.36",
"AZ_GÜLTIGE_STIMMZETTEL": 587,
"AZ_JA_STIMMEN": 395
}
,
{
"GEMEINDE": "Fischenthal",
"BEZIRK": "Hinwil",
"STIMMBETEILIGUNG": "   57.04",
"AZ_GÜLTIGE_STIMMZETTEL": 258,
"AZ_JA_STIMMEN": 147
}
,
{
"GEMEINDE": "Gossau",
"BEZIRK": "Hinwil",
"STIMMBETEILIGUNG": "   61.39",
"AZ_GÜLTIGE_STIMMZETTEL": 492,
"AZ_JA_STIMMEN": 285
}
,
{
"GEMEINDE": "Grüningen",
"BEZIRK": "Hinwil",
"STIMMBETEILIGUNG": "   60.32",
"AZ_GÜLTIGE_STIMMZETTEL": 223,
"AZ_JA_STIMMEN": 114
}
,
{
"GEMEINDE": "Hinwil",
"BEZIRK": "Hinwil",
"STIMMBETEILIGUNG": "   60.13",
"AZ_GÜLTIGE_STIMMZETTEL": 608,
"AZ_JA_STIMMEN": 381
}
,
{
"GEMEINDE": "Rüti",
"BEZIRK": "Hinwil",
"STIMMBETEILIGUNG": "   68.47",
"AZ_GÜLTIGE_STIMMZETTEL": 1368,
"AZ_JA_STIMMEN": 929
}
,
{
"GEMEINDE": "Seegräben",
"BEZIRK": "Hinwil",
"STIMMBETEILIGUNG": "   60.53",
"AZ_GÜLTIGE_STIMMZETTEL": 100,
"AZ_JA_STIMMEN": 79
}
,
{
"GEMEINDE": "Wald",
"BEZIRK": "Hinwil",
"STIMMBETEILIGUNG": "   67.66",
"AZ_GÜLTIGE_STIMMZETTEL": 1193,
"AZ_JA_STIMMEN": 726
}
,
{
"GEMEINDE": "Wetzikon",
"BEZIRK": "Hinwil",
"STIMMBETEILIGUNG": "   66.04",
"AZ_GÜLTIGE_STIMMZETTEL": 1432,
"AZ_JA_STIMMEN": 930
}
,
{
"GEMEINDE": "Adliswil",
"BEZIRK": "Horgen",
"STIMMBETEILIGUNG": "   45.10",
"AZ_GÜLTIGE_STIMMZETTEL": 874,
"AZ_JA_STIMMEN": 627
}
,
{
"GEMEINDE": "Hirzel",
"BEZIRK": "Horgen",
"STIMMBETEILIGUNG": "   53.20",
"AZ_GÜLTIGE_STIMMZETTEL": 165,
"AZ_JA_STIMMEN": 70
}
,
{
"GEMEINDE": "Horgen",
"BEZIRK": "Horgen",
"STIMMBETEILIGUNG": "   53.93",
"AZ_GÜLTIGE_STIMMZETTEL": 1581,
"AZ_JA_STIMMEN": 1132
}
,
{
"GEMEINDE": "Hütten",
"BEZIRK": "Horgen",
"STIMMBETEILIGUNG": "   43.96",
"AZ_GÜLTIGE_STIMMZETTEL": 64,
"AZ_JA_STIMMEN": 31
}
,
{
"GEMEINDE": "Kilchberg",
"BEZIRK": "Horgen",
"STIMMBETEILIGUNG": "   52.57",
"AZ_GÜLTIGE_STIMMZETTEL": 825,
"AZ_JA_STIMMEN": 650
}
,
{
"GEMEINDE": "Langnau a.A.",
"BEZIRK": "Horgen",
"STIMMBETEILIGUNG": "   42.69",
"AZ_GÜLTIGE_STIMMZETTEL": 294,
"AZ_JA_STIMMEN": 208
}
,
{
"GEMEINDE": "Oberrieden",
"BEZIRK": "Horgen",
"STIMMBETEILIGUNG": "   51.10",
"AZ_GÜLTIGE_STIMMZETTEL": 336,
"AZ_JA_STIMMEN": 250
}
,
{
"GEMEINDE": "Richterswil",
"BEZIRK": "Horgen",
"STIMMBETEILIGUNG": "   58.89",
"AZ_GÜLTIGE_STIMMZETTEL": 750,
"AZ_JA_STIMMEN": 527
}
,
{
"GEMEINDE": "Rüschlikon",
"BEZIRK": "Horgen",
"STIMMBETEILIGUNG": "   51.64",
"AZ_GÜLTIGE_STIMMZETTEL": 469,
"AZ_JA_STIMMEN": 375
}
,
{
"GEMEINDE": "Schönenberg",
"BEZIRK": "Horgen",
"STIMMBETEILIGUNG": "   50.82",
"AZ_GÜLTIGE_STIMMZETTEL": 155,
"AZ_JA_STIMMEN": 74
}
,
{
"GEMEINDE": "Thalwil",
"BEZIRK": "Horgen",
"STIMMBETEILIGUNG": "   54.39",
"AZ_GÜLTIGE_STIMMZETTEL": 1445,
"AZ_JA_STIMMEN": 1104
}
,
{
"GEMEINDE": "Wädenswil",
"BEZIRK": "Horgen",
"STIMMBETEILIGUNG": "   54.39",
"AZ_GÜLTIGE_STIMMZETTEL": 1464,
"AZ_JA_STIMMEN": 1124
}
,
{
"GEMEINDE": "Erlenbach",
"BEZIRK": "Meilen",
"STIMMBETEILIGUNG": "   44.49",
"AZ_GÜLTIGE_STIMMZETTEL": 437,
"AZ_JA_STIMMEN": 347
}
,
{
"GEMEINDE": "Herrliberg",
"BEZIRK": "Meilen",
"STIMMBETEILIGUNG": "   43.30",
"AZ_GÜLTIGE_STIMMZETTEL": 285,
"AZ_JA_STIMMEN": 210
}
,
{
"GEMEINDE": "Hombrechtikon",
"BEZIRK": "Meilen",
"STIMMBETEILIGUNG": "   63.39",
"AZ_GÜLTIGE_STIMMZETTEL": 493,
"AZ_JA_STIMMEN": 318
}
,
{
"GEMEINDE": "Küsnacht",
"BEZIRK": "Meilen",
"STIMMBETEILIGUNG": "   50.93",
"AZ_GÜLTIGE_STIMMZETTEL": 1331,
"AZ_JA_STIMMEN": 1093
}
,
{
"GEMEINDE": "Männedorf",
"BEZIRK": "Meilen",
"STIMMBETEILIGUNG": "   51.88",
"AZ_GÜLTIGE_STIMMZETTEL": 580,
"AZ_JA_STIMMEN": 447
}
,
{
"GEMEINDE": "Meilen",
"BEZIRK": "Meilen",
"STIMMBETEILIGUNG": "   51.57",
"AZ_GÜLTIGE_STIMMZETTEL": 890,
"AZ_JA_STIMMEN": 660
}
,
{
"GEMEINDE": "Oetwil a.S.",
"BEZIRK": "Meilen",
"STIMMBETEILIGUNG": "   61.61",
"AZ_GÜLTIGE_STIMMZETTEL": 170,
"AZ_JA_STIMMEN": 113
}
,
{
"GEMEINDE": "Stäfa",
"BEZIRK": "Meilen",
"STIMMBETEILIGUNG": "   60.07",
"AZ_GÜLTIGE_STIMMZETTEL": 888,
"AZ_JA_STIMMEN": 655
}
,
{
"GEMEINDE": "Uetikon a.S.",
"BEZIRK": "Meilen",
"STIMMBETEILIGUNG": "   53.71",
"AZ_GÜLTIGE_STIMMZETTEL": 348,
"AZ_JA_STIMMEN": 266
}
,
{
"GEMEINDE": "Zollikon",
"BEZIRK": "Meilen",
"STIMMBETEILIGUNG": "   51.43",
"AZ_GÜLTIGE_STIMMZETTEL": 1119,
"AZ_JA_STIMMEN": 919
}
,
{
"GEMEINDE": "Zumikon",
"BEZIRK": "Meilen",
"STIMMBETEILIGUNG": "   52.07",
"AZ_GÜLTIGE_STIMMZETTEL": 191,
"AZ_JA_STIMMEN": 150
}
,
{
"GEMEINDE": "Bauma",
"BEZIRK": "Pfäffikon",
"STIMMBETEILIGUNG": "   59.01",
"AZ_GÜLTIGE_STIMMZETTEL": 481,
"AZ_JA_STIMMEN": 276
}
,
{
"GEMEINDE": "Fehraltorf",
"BEZIRK": "Pfäffikon",
"STIMMBETEILIGUNG": "   55.21",
"AZ_GÜLTIGE_STIMMZETTEL": 187,
"AZ_JA_STIMMEN": 123
}
,
{
"GEMEINDE": "Hittnau",
"BEZIRK": "Pfäffikon",
"STIMMBETEILIGUNG": "   73.61",
"AZ_GÜLTIGE_STIMMZETTEL": 262,
"AZ_JA_STIMMEN": 165
}
,
{
"GEMEINDE": "Illnau-Effretikon",
"BEZIRK": "Pfäffikon",
"STIMMBETEILIGUNG": "   65.42",
"AZ_GÜLTIGE_STIMMZETTEL": 877,
"AZ_JA_STIMMEN": 579
}
,
{
"GEMEINDE": "Lindau",
"BEZIRK": "Pfäffikon",
"STIMMBETEILIGUNG": "   70.74",
"AZ_GÜLTIGE_STIMMZETTEL": 340,
"AZ_JA_STIMMEN": 242
}
,
{
"GEMEINDE": "Pfäffikon",
"BEZIRK": "Pfäffikon",
"STIMMBETEILIGUNG": "   65.77",
"AZ_GÜLTIGE_STIMMZETTEL": 810,
"AZ_JA_STIMMEN": 541
}
,
{
"GEMEINDE": "Russikon",
"BEZIRK": "Pfäffikon",
"STIMMBETEILIGUNG": "   67.15",
"AZ_GÜLTIGE_STIMMZETTEL": 234,
"AZ_JA_STIMMEN": 150
}
,
{
"GEMEINDE": "Weisslingen",
"BEZIRK": "Pfäffikon",
"STIMMBETEILIGUNG": "   72.71",
"AZ_GÜLTIGE_STIMMZETTEL": 266,
"AZ_JA_STIMMEN": 167
}
,
{
"GEMEINDE": "Wila",
"BEZIRK": "Pfäffikon",
"STIMMBETEILIGUNG": "   67.52",
"AZ_GÜLTIGE_STIMMZETTEL": 155,
"AZ_JA_STIMMEN": 84
}
,
{
"GEMEINDE": "Wildberg",
"BEZIRK": "Pfäffikon",
"STIMMBETEILIGUNG": "   65.79",
"AZ_GÜLTIGE_STIMMZETTEL": 99,
"AZ_JA_STIMMEN": 62
}
,
{
"GEMEINDE": "Dübendorf",
"BEZIRK": "Uster",
"STIMMBETEILIGUNG": "   41.23",
"AZ_GÜLTIGE_STIMMZETTEL": 941,
"AZ_JA_STIMMEN": 700
}
,
{
"GEMEINDE": "Egg",
"BEZIRK": "Uster",
"STIMMBETEILIGUNG": "   61.84",
"AZ_GÜLTIGE_STIMMZETTEL": 379,
"AZ_JA_STIMMEN": 217
}
,
{
"GEMEINDE": "Fällanden",
"BEZIRK": "Uster",
"STIMMBETEILIGUNG": "   56.62",
"AZ_GÜLTIGE_STIMMZETTEL": 127,
"AZ_JA_STIMMEN": 78
}
,
{
"GEMEINDE": "Greifensee",
"BEZIRK": "Uster",
"STIMMBETEILIGUNG": "   74.76",
"AZ_GÜLTIGE_STIMMZETTEL": 72,
"AZ_JA_STIMMEN": 42
}
,
{
"GEMEINDE": "Maur",
"BEZIRK": "Uster",
"STIMMBETEILIGUNG": "   60.39",
"AZ_GÜLTIGE_STIMMZETTEL": 268,
"AZ_JA_STIMMEN": 170
}
,
{
"GEMEINDE": "Mönchaltorf",
"BEZIRK": "Uster",
"STIMMBETEILIGUNG": "   60.89",
"AZ_GÜLTIGE_STIMMZETTEL": 125,
"AZ_JA_STIMMEN": 80
}
,
{
"GEMEINDE": "Schwerzenbach",
"BEZIRK": "Uster",
"STIMMBETEILIGUNG": "   42.76",
"AZ_GÜLTIGE_STIMMZETTEL": 59,
"AZ_JA_STIMMEN": 46
}
,
{
"GEMEINDE": "Uster",
"BEZIRK": "Uster",
"STIMMBETEILIGUNG": "   63.50",
"AZ_GÜLTIGE_STIMMZETTEL": 2217,
"AZ_JA_STIMMEN": 1578
}
,
{
"GEMEINDE": "Volketswil",
"BEZIRK": "Uster",
"STIMMBETEILIGUNG": "   59.93",
"AZ_GÜLTIGE_STIMMZETTEL": 313,
"AZ_JA_STIMMEN": 187
}
,
{
"GEMEINDE": "Wangen-Brüttisellen",
"BEZIRK": "Uster",
"STIMMBETEILIGUNG": "   54.69",
"AZ_GÜLTIGE_STIMMZETTEL": 254,
"AZ_JA_STIMMEN": 176
}
,
{
"GEMEINDE": "Altikon",
"BEZIRK": "Winterthur",
"STIMMBETEILIGUNG": "   63.38",
"AZ_GÜLTIGE_STIMMZETTEL": 79,
"AZ_JA_STIMMEN": 40
}
,
{
"GEMEINDE": "Brütten",
"BEZIRK": "Winterthur",
"STIMMBETEILIGUNG": "   66.23",
"AZ_GÜLTIGE_STIMMZETTEL": 88,
"AZ_JA_STIMMEN": 57
}
,
{
"GEMEINDE": "Dägerlen",
"BEZIRK": "Winterthur",
"STIMMBETEILIGUNG": "   85.06",
"AZ_GÜLTIGE_STIMMZETTEL": 102,
"AZ_JA_STIMMEN": 66
}
,
{
"GEMEINDE": "Dättlikon",
"BEZIRK": "Winterthur",
"STIMMBETEILIGUNG": "   67.35",
"AZ_GÜLTIGE_STIMMZETTEL": 54,
"AZ_JA_STIMMEN": 32
}
,
{
"GEMEINDE": "Dinhard",
"BEZIRK": "Winterthur",
"STIMMBETEILIGUNG": "   85.03",
"AZ_GÜLTIGE_STIMMZETTEL": 113,
"AZ_JA_STIMMEN": 92
}
,
{
"GEMEINDE": "Elgg",
"BEZIRK": "Winterthur",
"STIMMBETEILIGUNG": "   62.58",
"AZ_GÜLTIGE_STIMMZETTEL": 381,
"AZ_JA_STIMMEN": 227
}
,
{
"GEMEINDE": "Ellikon a.d.Th.",
"BEZIRK": "Winterthur",
"STIMMBETEILIGUNG": "   73.73",
"AZ_GÜLTIGE_STIMMZETTEL": 73,
"AZ_JA_STIMMEN": 49
}
,
{
"GEMEINDE": "Elsau",
"BEZIRK": "Winterthur",
"STIMMBETEILIGUNG": "   65.36",
"AZ_GÜLTIGE_STIMMZETTEL": 292,
"AZ_JA_STIMMEN": 188
}
,
{
"GEMEINDE": "Hagenbuch",
"BEZIRK": "Winterthur",
"STIMMBETEILIGUNG": "   72.94",
"AZ_GÜLTIGE_STIMMZETTEL": 109,
"AZ_JA_STIMMEN": 65
}
,
{
"GEMEINDE": "Hettlingen",
"BEZIRK": "Winterthur",
"STIMMBETEILIGUNG": "   62.01",
"AZ_GÜLTIGE_STIMMZETTEL": 98,
"AZ_JA_STIMMEN": 59
}
,
{
"GEMEINDE": "Hofstetten",
"BEZIRK": "Winterthur",
"STIMMBETEILIGUNG": "   72.92",
"AZ_GÜLTIGE_STIMMZETTEL": 78,
"AZ_JA_STIMMEN": 44
}
,
{
"GEMEINDE": "Neftenbach",
"BEZIRK": "Winterthur",
"STIMMBETEILIGUNG": "   57.32",
"AZ_GÜLTIGE_STIMMZETTEL": 287,
"AZ_JA_STIMMEN": 187
}
,
{
"GEMEINDE": "Pfungen",
"BEZIRK": "Winterthur",
"STIMMBETEILIGUNG": "   57.34",
"AZ_GÜLTIGE_STIMMZETTEL": 191,
"AZ_JA_STIMMEN": 114
}
,
{
"GEMEINDE": "Rickenbach",
"BEZIRK": "Winterthur",
"STIMMBETEILIGUNG": "   65.09",
"AZ_GÜLTIGE_STIMMZETTEL": 130,
"AZ_JA_STIMMEN": 95
}
,
{
"GEMEINDE": "Schlatt",
"BEZIRK": "Winterthur",
"STIMMBETEILIGUNG": "   71.23",
"AZ_GÜLTIGE_STIMMZETTEL": 76,
"AZ_JA_STIMMEN": 41
}
,
{
"GEMEINDE": "Seuzach",
"BEZIRK": "Winterthur",
"STIMMBETEILIGUNG": "   63.21",
"AZ_GÜLTIGE_STIMMZETTEL": 331,
"AZ_JA_STIMMEN": 212
}
,
{
"GEMEINDE": "Turbenthal",
"BEZIRK": "Winterthur",
"STIMMBETEILIGUNG": "   66.13",
"AZ_GÜLTIGE_STIMMZETTEL": 442,
"AZ_JA_STIMMEN": 254
}
,
{
"GEMEINDE": "Wiesendangen",
"BEZIRK": "Winterthur",
"STIMMBETEILIGUNG": "   74.48",
"AZ_GÜLTIGE_STIMMZETTEL": 438,
"AZ_JA_STIMMEN": 262
}
,
{
"GEMEINDE": "Winterthur",
"BEZIRK": "Winterthur",
"STIMMBETEILIGUNG": "   73.31",
"AZ_GÜLTIGE_STIMMZETTEL": 13747,
"AZ_JA_STIMMEN": 10314
}
,
{
"GEMEINDE": "Zell",
"BEZIRK": "Winterthur",
"STIMMBETEILIGUNG": "   70.69",
"AZ_GÜLTIGE_STIMMZETTEL": 558,
"AZ_JA_STIMMEN": 304
}
,
{
"GEMEINDE": "Zürich",
"BEZIRK": "Zürich",
"STIMMBETEILIGUNG": "   49.36",
"AZ_GÜLTIGE_STIMMZETTEL": 58370,
"AZ_JA_STIMMEN": 48723
}
]
