[
{
"GEMEINDE": "Aeugst a.A.",
"BEZIRK": "Affoltern",
"STIMMBETEILIGUNG": "   47.24",
"AZ_GÜLTIGE_STIMMZETTEL": 89,
"AZ_JA_STIMMEN": 57
}
,
{
"GEMEINDE": "Affoltern a.A.",
"BEZIRK": "Affoltern",
"STIMMBETEILIGUNG": "   62.19",
"AZ_GÜLTIGE_STIMMZETTEL": 629,
"AZ_JA_STIMMEN": 376
}
,
{
"GEMEINDE": "Bonstetten",
"BEZIRK": "Affoltern",
"STIMMBETEILIGUNG": "   62.69",
"AZ_GÜLTIGE_STIMMZETTEL": 191,
"AZ_JA_STIMMEN": 105
}
,
{
"GEMEINDE": "Hausen a.A.",
"BEZIRK": "Affoltern",
"STIMMBETEILIGUNG": "   65.99",
"AZ_GÜLTIGE_STIMMZETTEL": 272,
"AZ_JA_STIMMEN": 173
}
,
{
"GEMEINDE": "Hedingen",
"BEZIRK": "Affoltern",
"STIMMBETEILIGUNG": "   52.93",
"AZ_GÜLTIGE_STIMMZETTEL": 237,
"AZ_JA_STIMMEN": 141
}
,
{
"GEMEINDE": "Kappel a.A.",
"BEZIRK": "Affoltern",
"STIMMBETEILIGUNG": "   72.97",
"AZ_GÜLTIGE_STIMMZETTEL": 92,
"AZ_JA_STIMMEN": 41
}
,
{
"GEMEINDE": "Knonau",
"BEZIRK": "Affoltern",
"STIMMBETEILIGUNG": "   55.91",
"AZ_GÜLTIGE_STIMMZETTEL": 97,
"AZ_JA_STIMMEN": 52
}
,
{
"GEMEINDE": "Maschwanden",
"BEZIRK": "Affoltern",
"STIMMBETEILIGUNG": "   77.78",
"AZ_GÜLTIGE_STIMMZETTEL": 91,
"AZ_JA_STIMMEN": 40
}
,
{
"GEMEINDE": "Mettmenstetten",
"BEZIRK": "Affoltern",
"STIMMBETEILIGUNG": "   62.36",
"AZ_GÜLTIGE_STIMMZETTEL": 271,
"AZ_JA_STIMMEN": 161
}
,
{
"GEMEINDE": "Obfelden",
"BEZIRK": "Affoltern",
"STIMMBETEILIGUNG": "   56.49",
"AZ_GÜLTIGE_STIMMZETTEL": 230,
"AZ_JA_STIMMEN": 130
}
,
{
"GEMEINDE": "Ottenbach",
"BEZIRK": "Affoltern",
"STIMMBETEILIGUNG": "   52.23",
"AZ_GÜLTIGE_STIMMZETTEL": 142,
"AZ_JA_STIMMEN": 76
}
,
{
"GEMEINDE": "Rifferswil",
"BEZIRK": "Affoltern",
"STIMMBETEILIGUNG": "   49.64",
"AZ_GÜLTIGE_STIMMZETTEL": 64,
"AZ_JA_STIMMEN": 41
}
,
{
"GEMEINDE": "Stallikon",
"BEZIRK": "Affoltern",
"STIMMBETEILIGUNG": "   53.81",
"AZ_GÜLTIGE_STIMMZETTEL": 107,
"AZ_JA_STIMMEN": 56
}
,
{
"GEMEINDE": "Wettswil a.A.",
"BEZIRK": "Affoltern",
"STIMMBETEILIGUNG": "   56.03",
"AZ_GÜLTIGE_STIMMZETTEL": 71,
"AZ_JA_STIMMEN": 47
}
,
{
"GEMEINDE": "Adlikon",
"BEZIRK": "Andelfingen",
"STIMMBETEILIGUNG": "   80.49",
"AZ_GÜLTIGE_STIMMZETTEL": 85,
"AZ_JA_STIMMEN": 34
}
,
{
"GEMEINDE": "Andelfingen",
"BEZIRK": "Andelfingen",
"STIMMBETEILIGUNG": "   59.57",
"AZ_GÜLTIGE_STIMMZETTEL": 152,
"AZ_JA_STIMMEN": 82
}
,
{
"GEMEINDE": "Benken",
"BEZIRK": "Andelfingen",
"STIMMBETEILIGUNG": "   79.29",
"AZ_GÜLTIGE_STIMMZETTEL": 98,
"AZ_JA_STIMMEN": 35
}
,
{
"GEMEINDE": "Berg a.I.",
"BEZIRK": "Andelfingen",
"STIMMBETEILIGUNG": "   79.83",
"AZ_GÜLTIGE_STIMMZETTEL": 82,
"AZ_JA_STIMMEN": 48
}
,
{
"GEMEINDE": "Buch a.I.",
"BEZIRK": "Andelfingen",
"STIMMBETEILIGUNG": "   75.83",
"AZ_GÜLTIGE_STIMMZETTEL": 77,
"AZ_JA_STIMMEN": 30
}
,
{
"GEMEINDE": "Dachsen",
"BEZIRK": "Andelfingen",
"STIMMBETEILIGUNG": "   68.08",
"AZ_GÜLTIGE_STIMMZETTEL": 123,
"AZ_JA_STIMMEN": 97
}
,
{
"GEMEINDE": "Dorf",
"BEZIRK": "Andelfingen",
"STIMMBETEILIGUNG": "   78.95",
"AZ_GÜLTIGE_STIMMZETTEL": 51,
"AZ_JA_STIMMEN": 24
}
,
{
"GEMEINDE": "Feuerthalen",
"BEZIRK": "Andelfingen",
"STIMMBETEILIGUNG": "   60.62",
"AZ_GÜLTIGE_STIMMZETTEL": 440,
"AZ_JA_STIMMEN": 290
}
,
{
"GEMEINDE": "Flaach",
"BEZIRK": "Andelfingen",
"STIMMBETEILIGUNG": "   65.22",
"AZ_GÜLTIGE_STIMMZETTEL": 142,
"AZ_JA_STIMMEN": 74
}
,
{
"GEMEINDE": "Flurlingen",
"BEZIRK": "Andelfingen",
"STIMMBETEILIGUNG": "   62.23",
"AZ_GÜLTIGE_STIMMZETTEL": 151,
"AZ_JA_STIMMEN": 119
}
,
{
"GEMEINDE": "Henggart",
"BEZIRK": "Andelfingen",
"STIMMBETEILIGUNG": "   70.68",
"AZ_GÜLTIGE_STIMMZETTEL": 117,
"AZ_JA_STIMMEN": 75
}
,
{
"GEMEINDE": "Humlikon",
"BEZIRK": "Andelfingen",
"STIMMBETEILIGUNG": "   75.00",
"AZ_GÜLTIGE_STIMMZETTEL": 44,
"AZ_JA_STIMMEN": 18
}
,
{
"GEMEINDE": "Kleinandelfingen",
"BEZIRK": "Andelfingen",
"STIMMBETEILIGUNG": "   65.59",
"AZ_GÜLTIGE_STIMMZETTEL": 161,
"AZ_JA_STIMMEN": 83
}
,
{
"GEMEINDE": "Laufen-Uhwiesen",
"BEZIRK": "Andelfingen",
"STIMMBETEILIGUNG": "   62.76",
"AZ_GÜLTIGE_STIMMZETTEL": 130,
"AZ_JA_STIMMEN": 95
}
,
{
"GEMEINDE": "Marthalen",
"BEZIRK": "Andelfingen",
"STIMMBETEILIGUNG": "   68.26",
"AZ_GÜLTIGE_STIMMZETTEL": 221,
"AZ_JA_STIMMEN": 114
}
,
{
"GEMEINDE": "Oberstammheim",
"BEZIRK": "Andelfingen",
"STIMMBETEILIGUNG": "   66.37",
"AZ_GÜLTIGE_STIMMZETTEL": 134,
"AZ_JA_STIMMEN": 74
}
,
{
"GEMEINDE": "Ossingen",
"BEZIRK": "Andelfingen",
"STIMMBETEILIGUNG": "   69.80",
"AZ_GÜLTIGE_STIMMZETTEL": 158,
"AZ_JA_STIMMEN": 79
}
,
{
"GEMEINDE": "Rheinau",
"BEZIRK": "Andelfingen",
"STIMMBETEILIGUNG": "   62.14",
"AZ_GÜLTIGE_STIMMZETTEL": 209,
"AZ_JA_STIMMEN": 157
}
,
{
"GEMEINDE": "Thalheim a.d.Th.",
"BEZIRK": "Andelfingen",
"STIMMBETEILIGUNG": "   81.34",
"AZ_GÜLTIGE_STIMMZETTEL": 84,
"AZ_JA_STIMMEN": 40
}
,
{
"GEMEINDE": "Trüllikon",
"BEZIRK": "Andelfingen",
"STIMMBETEILIGUNG": "   70.08",
"AZ_GÜLTIGE_STIMMZETTEL": 149,
"AZ_JA_STIMMEN": 79
}
,
{
"GEMEINDE": "Truttikon",
"BEZIRK": "Andelfingen",
"STIMMBETEILIGUNG": "   82.76",
"AZ_GÜLTIGE_STIMMZETTEL": 66,
"AZ_JA_STIMMEN": 26
}
,
{
"GEMEINDE": "Unterstammheim",
"BEZIRK": "Andelfingen",
"STIMMBETEILIGUNG": "   72.00",
"AZ_GÜLTIGE_STIMMZETTEL": 106,
"AZ_JA_STIMMEN": 62
}
,
{
"GEMEINDE": "Volken",
"BEZIRK": "Andelfingen",
"STIMMBETEILIGUNG": "   67.11",
"AZ_GÜLTIGE_STIMMZETTEL": 50,
"AZ_JA_STIMMEN": 21
}
,
{
"GEMEINDE": "Waltalingen",
"BEZIRK": "Andelfingen",
"STIMMBETEILIGUNG": "   77.02",
"AZ_GÜLTIGE_STIMMZETTEL": 102,
"AZ_JA_STIMMEN": 54
}
,
{
"GEMEINDE": "Bachenbülach",
"BEZIRK": "Bülach",
"STIMMBETEILIGUNG": "   74.00",
"AZ_GÜLTIGE_STIMMZETTEL": 170,
"AZ_JA_STIMMEN": 103
}
,
{
"GEMEINDE": "Bassersdorf",
"BEZIRK": "Bülach",
"STIMMBETEILIGUNG": "   54.91",
"AZ_GÜLTIGE_STIMMZETTEL": 431,
"AZ_JA_STIMMEN": 291
}
,
{
"GEMEINDE": "Bülach",
"BEZIRK": "Bülach",
"STIMMBETEILIGUNG": "   60.73",
"AZ_GÜLTIGE_STIMMZETTEL": 894,
"AZ_JA_STIMMEN": 587
}
,
{
"GEMEINDE": "Dietlikon",
"BEZIRK": "Bülach",
"STIMMBETEILIGUNG": "   51.43",
"AZ_GÜLTIGE_STIMMZETTEL": 224,
"AZ_JA_STIMMEN": 144
}
,
{
"GEMEINDE": "Eglisau",
"BEZIRK": "Bülach",
"STIMMBETEILIGUNG": "   61.85",
"AZ_GÜLTIGE_STIMMZETTEL": 296,
"AZ_JA_STIMMEN": 176
}
,
{
"GEMEINDE": "Embrach",
"BEZIRK": "Bülach",
"STIMMBETEILIGUNG": "   63.80",
"AZ_GÜLTIGE_STIMMZETTEL": 337,
"AZ_JA_STIMMEN": 192
}
,
{
"GEMEINDE": "Freienstein-Teufen",
"BEZIRK": "Bülach",
"STIMMBETEILIGUNG": "   68.08",
"AZ_GÜLTIGE_STIMMZETTEL": 191,
"AZ_JA_STIMMEN": 99
}
,
{
"GEMEINDE": "Glattfelden",
"BEZIRK": "Bülach",
"STIMMBETEILIGUNG": "   63.92",
"AZ_GÜLTIGE_STIMMZETTEL": 374,
"AZ_JA_STIMMEN": 243
}
,
{
"GEMEINDE": "Hochfelden",
"BEZIRK": "Bülach",
"STIMMBETEILIGUNG": "   72.66",
"AZ_GÜLTIGE_STIMMZETTEL": 85,
"AZ_JA_STIMMEN": 46
}
,
{
"GEMEINDE": "Höri",
"BEZIRK": "Bülach",
"STIMMBETEILIGUNG": "   57.61",
"AZ_GÜLTIGE_STIMMZETTEL": 90,
"AZ_JA_STIMMEN": 42
}
,
{
"GEMEINDE": "Hüntwangen",
"BEZIRK": "Bülach",
"STIMMBETEILIGUNG": "   77.85",
"AZ_GÜLTIGE_STIMMZETTEL": 109,
"AZ_JA_STIMMEN": 56
}
,
{
"GEMEINDE": "Kloten",
"BEZIRK": "Bülach",
"STIMMBETEILIGUNG": "   39.34",
"AZ_GÜLTIGE_STIMMZETTEL": 643,
"AZ_JA_STIMMEN": 477
}
,
{
"GEMEINDE": "Lufingen",
"BEZIRK": "Bülach",
"STIMMBETEILIGUNG": "   54.55",
"AZ_GÜLTIGE_STIMMZETTEL": 55,
"AZ_JA_STIMMEN": 31
}
,
{
"GEMEINDE": "Nürensdorf",
"BEZIRK": "Bülach",
"STIMMBETEILIGUNG": "   65.70",
"AZ_GÜLTIGE_STIMMZETTEL": 144,
"AZ_JA_STIMMEN": 62
}
,
{
"GEMEINDE": "Oberembrach",
"BEZIRK": "Bülach",
"STIMMBETEILIGUNG": "   73.99",
"AZ_GÜLTIGE_STIMMZETTEL": 106,
"AZ_JA_STIMMEN": 40
}
,
{
"GEMEINDE": "Opfikon",
"BEZIRK": "Bülach",
"STIMMBETEILIGUNG": "   39.54",
"AZ_GÜLTIGE_STIMMZETTEL": 704,
"AZ_JA_STIMMEN": 546
}
,
{
"GEMEINDE": "Rafz",
"BEZIRK": "Bülach",
"STIMMBETEILIGUNG": "   70.55",
"AZ_GÜLTIGE_STIMMZETTEL": 347,
"AZ_JA_STIMMEN": 193
}
,
{
"GEMEINDE": "Rorbas",
"BEZIRK": "Bülach",
"STIMMBETEILIGUNG": "   69.21",
"AZ_GÜLTIGE_STIMMZETTEL": 213,
"AZ_JA_STIMMEN": 143
}
,
{
"GEMEINDE": "Wallisellen",
"BEZIRK": "Bülach",
"STIMMBETEILIGUNG": "   50.24",
"AZ_GÜLTIGE_STIMMZETTEL": 1010,
"AZ_JA_STIMMEN": 645
}
,
{
"GEMEINDE": "Wasterkingen",
"BEZIRK": "Bülach",
"STIMMBETEILIGUNG": "   83.12",
"AZ_GÜLTIGE_STIMMZETTEL": 58,
"AZ_JA_STIMMEN": 29
}
,
{
"GEMEINDE": "Wil",
"BEZIRK": "Bülach",
"STIMMBETEILIGUNG": "   78.63",
"AZ_GÜLTIGE_STIMMZETTEL": 162,
"AZ_JA_STIMMEN": 72
}
,
{
"GEMEINDE": "Winkel",
"BEZIRK": "Bülach",
"STIMMBETEILIGUNG": "   71.52",
"AZ_GÜLTIGE_STIMMZETTEL": 103,
"AZ_JA_STIMMEN": 42
}
,
{
"GEMEINDE": "Bachs",
"BEZIRK": "Dielsdorf",
"STIMMBETEILIGUNG": "   63.57",
"AZ_GÜLTIGE_STIMMZETTEL": 76,
"AZ_JA_STIMMEN": 31
}
,
{
"GEMEINDE": "Boppelsen",
"BEZIRK": "Dielsdorf",
"STIMMBETEILIGUNG": "   65.82",
"AZ_GÜLTIGE_STIMMZETTEL": 44,
"AZ_JA_STIMMEN": 26
}
,
{
"GEMEINDE": "Buchs",
"BEZIRK": "Dielsdorf",
"STIMMBETEILIGUNG": "   45.36",
"AZ_GÜLTIGE_STIMMZETTEL": 86,
"AZ_JA_STIMMEN": 47
}
,
{
"GEMEINDE": "Dällikon",
"BEZIRK": "Dielsdorf",
"STIMMBETEILIGUNG": "   62.61",
"AZ_GÜLTIGE_STIMMZETTEL": 67,
"AZ_JA_STIMMEN": 36
}
,
{
"GEMEINDE": "Dänikon",
"BEZIRK": "Dielsdorf",
"STIMMBETEILIGUNG": "   61.67",
"AZ_GÜLTIGE_STIMMZETTEL": 31,
"AZ_JA_STIMMEN": 21
}
,
{
"GEMEINDE": "Dielsdorf",
"BEZIRK": "Dielsdorf",
"STIMMBETEILIGUNG": "   71.79",
"AZ_GÜLTIGE_STIMMZETTEL": 243,
"AZ_JA_STIMMEN": 149
}
,
{
"GEMEINDE": "Hüttikon",
"BEZIRK": "Dielsdorf",
"STIMMBETEILIGUNG": "   51.28",
"AZ_GÜLTIGE_STIMMZETTEL": 15,
"AZ_JA_STIMMEN": 7
}
,
{
"GEMEINDE": "Neerach",
"BEZIRK": "Dielsdorf",
"STIMMBETEILIGUNG": "   71.34",
"AZ_GÜLTIGE_STIMMZETTEL": 103,
"AZ_JA_STIMMEN": 52
}
,
{
"GEMEINDE": "Niederglatt",
"BEZIRK": "Dielsdorf",
"STIMMBETEILIGUNG": "   58.44",
"AZ_GÜLTIGE_STIMMZETTEL": 212,
"AZ_JA_STIMMEN": 153
}
,
{
"GEMEINDE": "Niederhasli",
"BEZIRK": "Dielsdorf",
"STIMMBETEILIGUNG": "   59.38",
"AZ_GÜLTIGE_STIMMZETTEL": 191,
"AZ_JA_STIMMEN": 104
}
,
{
"GEMEINDE": "Niederweningen",
"BEZIRK": "Dielsdorf",
"STIMMBETEILIGUNG": "   61.60",
"AZ_GÜLTIGE_STIMMZETTEL": 153,
"AZ_JA_STIMMEN": 88
}
,
{
"GEMEINDE": "Oberglatt",
"BEZIRK": "Dielsdorf",
"STIMMBETEILIGUNG": "   64.93",
"AZ_GÜLTIGE_STIMMZETTEL": 242,
"AZ_JA_STIMMEN": 167
}
,
{
"GEMEINDE": "Oberweningen",
"BEZIRK": "Dielsdorf",
"STIMMBETEILIGUNG": "   74.51",
"AZ_GÜLTIGE_STIMMZETTEL": 73,
"AZ_JA_STIMMEN": 40
}
,
{
"GEMEINDE": "Otelfingen",
"BEZIRK": "Dielsdorf",
"STIMMBETEILIGUNG": "   49.53",
"AZ_GÜLTIGE_STIMMZETTEL": 98,
"AZ_JA_STIMMEN": 51
}
,
{
"GEMEINDE": "Regensberg",
"BEZIRK": "Dielsdorf",
"STIMMBETEILIGUNG": "   75.00",
"AZ_GÜLTIGE_STIMMZETTEL": 51,
"AZ_JA_STIMMEN": 31
}
,
{
"GEMEINDE": "Regensdorf",
"BEZIRK": "Dielsdorf",
"STIMMBETEILIGUNG": "   51.20",
"AZ_GÜLTIGE_STIMMZETTEL": 461,
"AZ_JA_STIMMEN": 316
}
,
{
"GEMEINDE": "Rümlang",
"BEZIRK": "Dielsdorf",
"STIMMBETEILIGUNG": "   53.55",
"AZ_GÜLTIGE_STIMMZETTEL": 421,
"AZ_JA_STIMMEN": 285
}
,
{
"GEMEINDE": "Schleinikon",
"BEZIRK": "Dielsdorf",
"STIMMBETEILIGUNG": "   47.06",
"AZ_GÜLTIGE_STIMMZETTEL": 53,
"AZ_JA_STIMMEN": 27
}
,
{
"GEMEINDE": "Schöfflisdorf",
"BEZIRK": "Dielsdorf",
"STIMMBETEILIGUNG": "   66.95",
"AZ_GÜLTIGE_STIMMZETTEL": 76,
"AZ_JA_STIMMEN": 39
}
,
{
"GEMEINDE": "Stadel",
"BEZIRK": "Dielsdorf",
"STIMMBETEILIGUNG": "   75.27",
"AZ_GÜLTIGE_STIMMZETTEL": 189,
"AZ_JA_STIMMEN": 96
}
,
{
"GEMEINDE": "Steinmaur",
"BEZIRK": "Dielsdorf",
"STIMMBETEILIGUNG": "   68.20",
"AZ_GÜLTIGE_STIMMZETTEL": 159,
"AZ_JA_STIMMEN": 87
}
,
{
"GEMEINDE": "Weiach",
"BEZIRK": "Dielsdorf",
"STIMMBETEILIGUNG": "   57.47",
"AZ_GÜLTIGE_STIMMZETTEL": 93,
"AZ_JA_STIMMEN": 57
}
,
{
"GEMEINDE": "Aesch",
"BEZIRK": "Dietikon",
"STIMMBETEILIGUNG": "   69.89",
"AZ_GÜLTIGE_STIMMZETTEL": 56,
"AZ_JA_STIMMEN": 20
}
,
{
"GEMEINDE": "Birmensdorf",
"BEZIRK": "Dietikon",
"STIMMBETEILIGUNG": "   53.52",
"AZ_GÜLTIGE_STIMMZETTEL": 263,
"AZ_JA_STIMMEN": 148
}
,
{
"GEMEINDE": "Dietikon",
"BEZIRK": "Dietikon",
"STIMMBETEILIGUNG": "   58.15",
"AZ_GÜLTIGE_STIMMZETTEL": 1932,
"AZ_JA_STIMMEN": 1449
}
,
{
"GEMEINDE": "Geroldswil",
"BEZIRK": "Dietikon",
"STIMMBETEILIGUNG": "   52.75",
"AZ_GÜLTIGE_STIMMZETTEL": 94,
"AZ_JA_STIMMEN": 59
}
,
{
"GEMEINDE": "Oberengstringen",
"BEZIRK": "Dietikon",
"STIMMBETEILIGUNG": "   39.04",
"AZ_GÜLTIGE_STIMMZETTEL": 315,
"AZ_JA_STIMMEN": 221
}
,
{
"GEMEINDE": "Oetwil a.d.L",
"BEZIRK": "Dietikon",
"STIMMBETEILIGUNG": "   65.14",
"AZ_GÜLTIGE_STIMMZETTEL": 67,
"AZ_JA_STIMMEN": 40
}
,
{
"GEMEINDE": "Schlieren",
"BEZIRK": "Dietikon",
"STIMMBETEILIGUNG": "   47.77",
"AZ_GÜLTIGE_STIMMZETTEL": 1250,
"AZ_JA_STIMMEN": 916
}
,
{
"GEMEINDE": "Uitikon",
"BEZIRK": "Dietikon",
"STIMMBETEILIGUNG": "   44.58",
"AZ_GÜLTIGE_STIMMZETTEL": 166,
"AZ_JA_STIMMEN": 81
}
,
{
"GEMEINDE": "Unterengstringen",
"BEZIRK": "Dietikon",
"STIMMBETEILIGUNG": "   61.35",
"AZ_GÜLTIGE_STIMMZETTEL": 166,
"AZ_JA_STIMMEN": 88
}
,
{
"GEMEINDE": "Urdorf",
"BEZIRK": "Dietikon",
"STIMMBETEILIGUNG": "   46.78",
"AZ_GÜLTIGE_STIMMZETTEL": 355,
"AZ_JA_STIMMEN": 232
}
,
{
"GEMEINDE": "Weiningen",
"BEZIRK": "Dietikon",
"STIMMBETEILIGUNG": "   49.87",
"AZ_GÜLTIGE_STIMMZETTEL": 167,
"AZ_JA_STIMMEN": 102
}
,
{
"GEMEINDE": "Bäretswil",
"BEZIRK": "Hinwil",
"STIMMBETEILIGUNG": "   64.78",
"AZ_GÜLTIGE_STIMMZETTEL": 378,
"AZ_JA_STIMMEN": 202
}
,
{
"GEMEINDE": "Bubikon",
"BEZIRK": "Hinwil",
"STIMMBETEILIGUNG": "   57.29",
"AZ_GÜLTIGE_STIMMZETTEL": 359,
"AZ_JA_STIMMEN": 182
}
,
{
"GEMEINDE": "Dürnten",
"BEZIRK": "Hinwil",
"STIMMBETEILIGUNG": "   60.62",
"AZ_GÜLTIGE_STIMMZETTEL": 620,
"AZ_JA_STIMMEN": 382
}
,
{
"GEMEINDE": "Fischenthal",
"BEZIRK": "Hinwil",
"STIMMBETEILIGUNG": "   60.98",
"AZ_GÜLTIGE_STIMMZETTEL": 288,
"AZ_JA_STIMMEN": 184
}
,
{
"GEMEINDE": "Gossau",
"BEZIRK": "Hinwil",
"STIMMBETEILIGUNG": "   59.76",
"AZ_GÜLTIGE_STIMMZETTEL": 518,
"AZ_JA_STIMMEN": 284
}
,
{
"GEMEINDE": "Grüningen",
"BEZIRK": "Hinwil",
"STIMMBETEILIGUNG": "   61.07",
"AZ_GÜLTIGE_STIMMZETTEL": 238,
"AZ_JA_STIMMEN": 130
}
,
{
"GEMEINDE": "Hinwil",
"BEZIRK": "Hinwil",
"STIMMBETEILIGUNG": "   59.14",
"AZ_GÜLTIGE_STIMMZETTEL": 692,
"AZ_JA_STIMMEN": 399
}
,
{
"GEMEINDE": "Rüti",
"BEZIRK": "Hinwil",
"STIMMBETEILIGUNG": "   65.10",
"AZ_GÜLTIGE_STIMMZETTEL": 1338,
"AZ_JA_STIMMEN": 881
}
,
{
"GEMEINDE": "Seegräben",
"BEZIRK": "Hinwil",
"STIMMBETEILIGUNG": "   67.57",
"AZ_GÜLTIGE_STIMMZETTEL": 112,
"AZ_JA_STIMMEN": 75
}
,
{
"GEMEINDE": "Wald",
"BEZIRK": "Hinwil",
"STIMMBETEILIGUNG": "   59.23",
"AZ_GÜLTIGE_STIMMZETTEL": 1082,
"AZ_JA_STIMMEN": 766
}
,
{
"GEMEINDE": "Wetzikon",
"BEZIRK": "Hinwil",
"STIMMBETEILIGUNG": "   65.54",
"AZ_GÜLTIGE_STIMMZETTEL": 1545,
"AZ_JA_STIMMEN": 987
}
,
{
"GEMEINDE": "Adliswil",
"BEZIRK": "Horgen",
"STIMMBETEILIGUNG": "   49.25",
"AZ_GÜLTIGE_STIMMZETTEL": 1110,
"AZ_JA_STIMMEN": 767
}
,
{
"GEMEINDE": "Hirzel",
"BEZIRK": "Horgen",
"STIMMBETEILIGUNG": "   50.75",
"AZ_GÜLTIGE_STIMMZETTEL": 162,
"AZ_JA_STIMMEN": 82
}
,
{
"GEMEINDE": "Horgen",
"BEZIRK": "Horgen",
"STIMMBETEILIGUNG": "   56.49",
"AZ_GÜLTIGE_STIMMZETTEL": 1762,
"AZ_JA_STIMMEN": 1156
}
,
{
"GEMEINDE": "Hütten",
"BEZIRK": "Horgen",
"STIMMBETEILIGUNG": "   50.84",
"AZ_GÜLTIGE_STIMMZETTEL": 80,
"AZ_JA_STIMMEN": 36
}
,
{
"GEMEINDE": "Kilchberg",
"BEZIRK": "Horgen",
"STIMMBETEILIGUNG": "   50.71",
"AZ_GÜLTIGE_STIMMZETTEL": 867,
"AZ_JA_STIMMEN": 474
}
,
{
"GEMEINDE": "Langnau a.A.",
"BEZIRK": "Horgen",
"STIMMBETEILIGUNG": "   45.50",
"AZ_GÜLTIGE_STIMMZETTEL": 339,
"AZ_JA_STIMMEN": 231
}
,
{
"GEMEINDE": "Oberrieden",
"BEZIRK": "Horgen",
"STIMMBETEILIGUNG": "   49.21",
"AZ_GÜLTIGE_STIMMZETTEL": 384,
"AZ_JA_STIMMEN": 250
}
,
{
"GEMEINDE": "Richterswil",
"BEZIRK": "Horgen",
"STIMMBETEILIGUNG": "   58.04",
"AZ_GÜLTIGE_STIMMZETTEL": 777,
"AZ_JA_STIMMEN": 474
}
,
{
"GEMEINDE": "Rüschlikon",
"BEZIRK": "Horgen",
"STIMMBETEILIGUNG": "   47.65",
"AZ_GÜLTIGE_STIMMZETTEL": 516,
"AZ_JA_STIMMEN": 295
}
,
{
"GEMEINDE": "Schönenberg",
"BEZIRK": "Horgen",
"STIMMBETEILIGUNG": "   50.51",
"AZ_GÜLTIGE_STIMMZETTEL": 190,
"AZ_JA_STIMMEN": 115
}
,
{
"GEMEINDE": "Thalwil",
"BEZIRK": "Horgen",
"STIMMBETEILIGUNG": "   54.82",
"AZ_GÜLTIGE_STIMMZETTEL": 1552,
"AZ_JA_STIMMEN": 1021
}
,
{
"GEMEINDE": "Wädenswil",
"BEZIRK": "Horgen",
"STIMMBETEILIGUNG": "   53.23",
"AZ_GÜLTIGE_STIMMZETTEL": 1447,
"AZ_JA_STIMMEN": 876
}
,
{
"GEMEINDE": "Erlenbach",
"BEZIRK": "Meilen",
"STIMMBETEILIGUNG": "   47.84",
"AZ_GÜLTIGE_STIMMZETTEL": 478,
"AZ_JA_STIMMEN": 307
}
,
{
"GEMEINDE": "Herrliberg",
"BEZIRK": "Meilen",
"STIMMBETEILIGUNG": "   47.57",
"AZ_GÜLTIGE_STIMMZETTEL": 328,
"AZ_JA_STIMMEN": 201
}
,
{
"GEMEINDE": "Hombrechtikon",
"BEZIRK": "Meilen",
"STIMMBETEILIGUNG": "   61.43",
"AZ_GÜLTIGE_STIMMZETTEL": 490,
"AZ_JA_STIMMEN": 291
}
,
{
"GEMEINDE": "Küsnacht",
"BEZIRK": "Meilen",
"STIMMBETEILIGUNG": "   50.93",
"AZ_GÜLTIGE_STIMMZETTEL": 1455,
"AZ_JA_STIMMEN": 836
}
,
{
"GEMEINDE": "Männedorf",
"BEZIRK": "Meilen",
"STIMMBETEILIGUNG": "   54.44",
"AZ_GÜLTIGE_STIMMZETTEL": 670,
"AZ_JA_STIMMEN": 435
}
,
{
"GEMEINDE": "Meilen",
"BEZIRK": "Meilen",
"STIMMBETEILIGUNG": "   52.61",
"AZ_GÜLTIGE_STIMMZETTEL": 1013,
"AZ_JA_STIMMEN": 610
}
,
{
"GEMEINDE": "Oetwil a.S.",
"BEZIRK": "Meilen",
"STIMMBETEILIGUNG": "   65.31",
"AZ_GÜLTIGE_STIMMZETTEL": 194,
"AZ_JA_STIMMEN": 117
}
,
{
"GEMEINDE": "Stäfa",
"BEZIRK": "Meilen",
"STIMMBETEILIGUNG": "   55.31",
"AZ_GÜLTIGE_STIMMZETTEL": 862,
"AZ_JA_STIMMEN": 506
}
,
{
"GEMEINDE": "Uetikon a.S.",
"BEZIRK": "Meilen",
"STIMMBETEILIGUNG": "   60.88",
"AZ_GÜLTIGE_STIMMZETTEL": 422,
"AZ_JA_STIMMEN": 295
}
,
{
"GEMEINDE": "Zollikon",
"BEZIRK": "Meilen",
"STIMMBETEILIGUNG": "   40.93",
"AZ_GÜLTIGE_STIMMZETTEL": 998,
"AZ_JA_STIMMEN": 525
}
,
{
"GEMEINDE": "Zumikon",
"BEZIRK": "Meilen",
"STIMMBETEILIGUNG": "   53.39",
"AZ_GÜLTIGE_STIMMZETTEL": 230,
"AZ_JA_STIMMEN": 133
}
,
{
"GEMEINDE": "Bauma",
"BEZIRK": "Pfäffikon",
"STIMMBETEILIGUNG": "   63.91",
"AZ_GÜLTIGE_STIMMZETTEL": 580,
"AZ_JA_STIMMEN": 326
}
,
{
"GEMEINDE": "Fehraltorf",
"BEZIRK": "Pfäffikon",
"STIMMBETEILIGUNG": "   59.08",
"AZ_GÜLTIGE_STIMMZETTEL": 198,
"AZ_JA_STIMMEN": 87
}
,
{
"GEMEINDE": "Hittnau",
"BEZIRK": "Pfäffikon",
"STIMMBETEILIGUNG": "   72.82",
"AZ_GÜLTIGE_STIMMZETTEL": 256,
"AZ_JA_STIMMEN": 127
}
,
{
"GEMEINDE": "Illnau-Effretikon",
"BEZIRK": "Pfäffikon",
"STIMMBETEILIGUNG": "   64.43",
"AZ_GÜLTIGE_STIMMZETTEL": 966,
"AZ_JA_STIMMEN": 541
}
,
{
"GEMEINDE": "Lindau",
"BEZIRK": "Pfäffikon",
"STIMMBETEILIGUNG": "   70.53",
"AZ_GÜLTIGE_STIMMZETTEL": 360,
"AZ_JA_STIMMEN": 236
}
,
{
"GEMEINDE": "Pfäffikon",
"BEZIRK": "Pfäffikon",
"STIMMBETEILIGUNG": "   67.74",
"AZ_GÜLTIGE_STIMMZETTEL": 901,
"AZ_JA_STIMMEN": 538
}
,
{
"GEMEINDE": "Russikon",
"BEZIRK": "Pfäffikon",
"STIMMBETEILIGUNG": "   67.73",
"AZ_GÜLTIGE_STIMMZETTEL": 255,
"AZ_JA_STIMMEN": 104
}
,
{
"GEMEINDE": "Weisslingen",
"BEZIRK": "Pfäffikon",
"STIMMBETEILIGUNG": "   74.34",
"AZ_GÜLTIGE_STIMMZETTEL": 290,
"AZ_JA_STIMMEN": 170
}
,
{
"GEMEINDE": "Wila",
"BEZIRK": "Pfäffikon",
"STIMMBETEILIGUNG": "   70.08",
"AZ_GÜLTIGE_STIMMZETTEL": 174,
"AZ_JA_STIMMEN": 96
}
,
{
"GEMEINDE": "Wildberg",
"BEZIRK": "Pfäffikon",
"STIMMBETEILIGUNG": "   71.81",
"AZ_GÜLTIGE_STIMMZETTEL": 125,
"AZ_JA_STIMMEN": 57
}
,
{
"GEMEINDE": "Dübendorf",
"BEZIRK": "Uster",
"STIMMBETEILIGUNG": "   42.98",
"AZ_GÜLTIGE_STIMMZETTEL": 1252,
"AZ_JA_STIMMEN": 958
}
,
{
"GEMEINDE": "Egg",
"BEZIRK": "Uster",
"STIMMBETEILIGUNG": "   57.16",
"AZ_GÜLTIGE_STIMMZETTEL": 380,
"AZ_JA_STIMMEN": 193
}
,
{
"GEMEINDE": "Fällanden",
"BEZIRK": "Uster",
"STIMMBETEILIGUNG": "   57.04",
"AZ_GÜLTIGE_STIMMZETTEL": 147,
"AZ_JA_STIMMEN": 90
}
,
{
"GEMEINDE": "Greifensee",
"BEZIRK": "Uster",
"STIMMBETEILIGUNG": "   67.29",
"AZ_GÜLTIGE_STIMMZETTEL": 71,
"AZ_JA_STIMMEN": 38
}
,
{
"GEMEINDE": "Maur",
"BEZIRK": "Uster",
"STIMMBETEILIGUNG": "   62.25",
"AZ_GÜLTIGE_STIMMZETTEL": 300,
"AZ_JA_STIMMEN": 163
}
,
{
"GEMEINDE": "Mönchaltorf",
"BEZIRK": "Uster",
"STIMMBETEILIGUNG": "   62.55",
"AZ_GÜLTIGE_STIMMZETTEL": 156,
"AZ_JA_STIMMEN": 77
}
,
{
"GEMEINDE": "Schwerzenbach",
"BEZIRK": "Uster",
"STIMMBETEILIGUNG": "   45.22",
"AZ_GÜLTIGE_STIMMZETTEL": 63,
"AZ_JA_STIMMEN": 46
}
,
{
"GEMEINDE": "Uster",
"BEZIRK": "Uster",
"STIMMBETEILIGUNG": "   64.67",
"AZ_GÜLTIGE_STIMMZETTEL": 2363,
"AZ_JA_STIMMEN": 1459
}
,
{
"GEMEINDE": "Volketswil",
"BEZIRK": "Uster",
"STIMMBETEILIGUNG": "   61.91",
"AZ_GÜLTIGE_STIMMZETTEL": 344,
"AZ_JA_STIMMEN": 168
}
,
{
"GEMEINDE": "Wangen-Brüttisellen",
"BEZIRK": "Uster",
"STIMMBETEILIGUNG": "   58.38",
"AZ_GÜLTIGE_STIMMZETTEL": 310,
"AZ_JA_STIMMEN": 216
}
,
{
"GEMEINDE": "Altikon",
"BEZIRK": "Winterthur",
"STIMMBETEILIGUNG": "   53.85",
"AZ_GÜLTIGE_STIMMZETTEL": 72,
"AZ_JA_STIMMEN": 39
}
,
{
"GEMEINDE": "Brütten",
"BEZIRK": "Winterthur",
"STIMMBETEILIGUNG": "   63.12",
"AZ_GÜLTIGE_STIMMZETTEL": 86,
"AZ_JA_STIMMEN": 47
}
,
{
"GEMEINDE": "Dägerlen",
"BEZIRK": "Winterthur",
"STIMMBETEILIGUNG": "   83.45",
"AZ_GÜLTIGE_STIMMZETTEL": 99,
"AZ_JA_STIMMEN": 43
}
,
{
"GEMEINDE": "Dättlikon",
"BEZIRK": "Winterthur",
"STIMMBETEILIGUNG": "   67.31",
"AZ_GÜLTIGE_STIMMZETTEL": 63,
"AZ_JA_STIMMEN": 45
}
,
{
"GEMEINDE": "Dinhard",
"BEZIRK": "Winterthur",
"STIMMBETEILIGUNG": "   76.58",
"AZ_GÜLTIGE_STIMMZETTEL": 100,
"AZ_JA_STIMMEN": 55
}
,
{
"GEMEINDE": "Elgg",
"BEZIRK": "Winterthur",
"STIMMBETEILIGUNG": "   62.18",
"AZ_GÜLTIGE_STIMMZETTEL": 392,
"AZ_JA_STIMMEN": 230
}
,
{
"GEMEINDE": "Ellikon a.d.Th.",
"BEZIRK": "Winterthur",
"STIMMBETEILIGUNG": "   77.39",
"AZ_GÜLTIGE_STIMMZETTEL": 83,
"AZ_JA_STIMMEN": 55
}
,
{
"GEMEINDE": "Elsau",
"BEZIRK": "Winterthur",
"STIMMBETEILIGUNG": "   62.48",
"AZ_GÜLTIGE_STIMMZETTEL": 329,
"AZ_JA_STIMMEN": 233
}
,
{
"GEMEINDE": "Hagenbuch",
"BEZIRK": "Winterthur",
"STIMMBETEILIGUNG": "   76.02",
"AZ_GÜLTIGE_STIMMZETTEL": 105,
"AZ_JA_STIMMEN": 50
}
,
{
"GEMEINDE": "Hettlingen",
"BEZIRK": "Winterthur",
"STIMMBETEILIGUNG": "   55.88",
"AZ_GÜLTIGE_STIMMZETTEL": 108,
"AZ_JA_STIMMEN": 66
}
,
{
"GEMEINDE": "Hofstetten",
"BEZIRK": "Winterthur",
"STIMMBETEILIGUNG": "   80.43",
"AZ_GÜLTIGE_STIMMZETTEL": 103,
"AZ_JA_STIMMEN": 45
}
,
{
"GEMEINDE": "Neftenbach",
"BEZIRK": "Winterthur",
"STIMMBETEILIGUNG": "   62.43",
"AZ_GÜLTIGE_STIMMZETTEL": 321,
"AZ_JA_STIMMEN": 194
}
,
{
"GEMEINDE": "Pfungen",
"BEZIRK": "Winterthur",
"STIMMBETEILIGUNG": "   50.55",
"AZ_GÜLTIGE_STIMMZETTEL": 175,
"AZ_JA_STIMMEN": 135
}
,
{
"GEMEINDE": "Rickenbach",
"BEZIRK": "Winterthur",
"STIMMBETEILIGUNG": "   62.88",
"AZ_GÜLTIGE_STIMMZETTEL": 127,
"AZ_JA_STIMMEN": 84
}
,
{
"GEMEINDE": "Schlatt",
"BEZIRK": "Winterthur",
"STIMMBETEILIGUNG": "   63.36",
"AZ_GÜLTIGE_STIMMZETTEL": 70,
"AZ_JA_STIMMEN": 39
}
,
{
"GEMEINDE": "Seuzach",
"BEZIRK": "Winterthur",
"STIMMBETEILIGUNG": "   67.52",
"AZ_GÜLTIGE_STIMMZETTEL": 402,
"AZ_JA_STIMMEN": 287
}
,
{
"GEMEINDE": "Turbenthal",
"BEZIRK": "Winterthur",
"STIMMBETEILIGUNG": "   66.62",
"AZ_GÜLTIGE_STIMMZETTEL": 472,
"AZ_JA_STIMMEN": 265
}
,
{
"GEMEINDE": "Wiesendangen",
"BEZIRK": "Winterthur",
"STIMMBETEILIGUNG": "   72.92",
"AZ_GÜLTIGE_STIMMZETTEL": 469,
"AZ_JA_STIMMEN": 279
}
,
{
"GEMEINDE": "Winterthur",
"BEZIRK": "Winterthur",
"STIMMBETEILIGUNG": "   69.89",
"AZ_GÜLTIGE_STIMMZETTEL": 14251,
"AZ_JA_STIMMEN": 10373
}
,
{
"GEMEINDE": "Zell",
"BEZIRK": "Winterthur",
"STIMMBETEILIGUNG": "   68.59",
"AZ_GÜLTIGE_STIMMZETTEL": 548,
"AZ_JA_STIMMEN": 363
}
,
{
"GEMEINDE": "Zürich",
"BEZIRK": "Zürich",
"STIMMBETEILIGUNG": "   46.05",
"AZ_GÜLTIGE_STIMMZETTEL": 56269,
"AZ_JA_STIMMEN": 39398
}
]
