[
{
"GEMEINDE": "Aeugst a.A.",
"BEZIRK": "Affoltern",
"STIMMBETEILIGUNG": "   58.73",
"AZ_GÜLTIGE_STIMMZETTEL": 100,
"AZ_JA_STIMMEN": 47
}
,
{
"GEMEINDE": "Affoltern a.A.",
"BEZIRK": "Affoltern",
"STIMMBETEILIGUNG": "   59.96",
"AZ_GÜLTIGE_STIMMZETTEL": 653,
"AZ_JA_STIMMEN": 360
}
,
{
"GEMEINDE": "Bonstetten",
"BEZIRK": "Affoltern",
"STIMMBETEILIGUNG": "   68.25",
"AZ_GÜLTIGE_STIMMZETTEL": 197,
"AZ_JA_STIMMEN": 100
}
,
{
"GEMEINDE": "Hausen a.A.",
"BEZIRK": "Affoltern",
"STIMMBETEILIGUNG": "   66.07",
"AZ_GÜLTIGE_STIMMZETTEL": 276,
"AZ_JA_STIMMEN": 136
}
,
{
"GEMEINDE": "Hedingen",
"BEZIRK": "Affoltern",
"STIMMBETEILIGUNG": "   66.59",
"AZ_GÜLTIGE_STIMMZETTEL": 276,
"AZ_JA_STIMMEN": 161
}
,
{
"GEMEINDE": "Kappel a.A.",
"BEZIRK": "Affoltern",
"STIMMBETEILIGUNG": "   79.19",
"AZ_GÜLTIGE_STIMMZETTEL": 108,
"AZ_JA_STIMMEN": 46
}
,
{
"GEMEINDE": "Knonau",
"BEZIRK": "Affoltern",
"STIMMBETEILIGUNG": "   62.23",
"AZ_GÜLTIGE_STIMMZETTEL": 111,
"AZ_JA_STIMMEN": 43
}
,
{
"GEMEINDE": "Maschwanden",
"BEZIRK": "Affoltern",
"STIMMBETEILIGUNG": "   84.96",
"AZ_GÜLTIGE_STIMMZETTEL": 103,
"AZ_JA_STIMMEN": 58
}
,
{
"GEMEINDE": "Mettmenstetten",
"BEZIRK": "Affoltern",
"STIMMBETEILIGUNG": "   65.56",
"AZ_GÜLTIGE_STIMMZETTEL": 281,
"AZ_JA_STIMMEN": 163
}
,
{
"GEMEINDE": "Obfelden",
"BEZIRK": "Affoltern",
"STIMMBETEILIGUNG": "   67.48",
"AZ_GÜLTIGE_STIMMZETTEL": 294,
"AZ_JA_STIMMEN": 126
}
,
{
"GEMEINDE": "Ottenbach",
"BEZIRK": "Affoltern",
"STIMMBETEILIGUNG": "   63.51",
"AZ_GÜLTIGE_STIMMZETTEL": 176,
"AZ_JA_STIMMEN": 88
}
,
{
"GEMEINDE": "Rifferswil",
"BEZIRK": "Affoltern",
"STIMMBETEILIGUNG": "   60.43",
"AZ_GÜLTIGE_STIMMZETTEL": 75,
"AZ_JA_STIMMEN": 38
}
,
{
"GEMEINDE": "Stallikon",
"BEZIRK": "Affoltern",
"STIMMBETEILIGUNG": "   57.82",
"AZ_GÜLTIGE_STIMMZETTEL": 110,
"AZ_JA_STIMMEN": 52
}
,
{
"GEMEINDE": "Wettswil a.A.",
"BEZIRK": "Affoltern",
"STIMMBETEILIGUNG": "   65.81",
"AZ_GÜLTIGE_STIMMZETTEL": 99,
"AZ_JA_STIMMEN": 58
}
,
{
"GEMEINDE": "Adlikon",
"BEZIRK": "Andelfingen",
"STIMMBETEILIGUNG": "   86.51",
"AZ_GÜLTIGE_STIMMZETTEL": 95,
"AZ_JA_STIMMEN": 36
}
,
{
"GEMEINDE": "Andelfingen",
"BEZIRK": "Andelfingen",
"STIMMBETEILIGUNG": "   67.63",
"AZ_GÜLTIGE_STIMMZETTEL": 182,
"AZ_JA_STIMMEN": 123
}
,
{
"GEMEINDE": "Benken",
"BEZIRK": "Andelfingen",
"STIMMBETEILIGUNG": "   76.26",
"AZ_GÜLTIGE_STIMMZETTEL": 98,
"AZ_JA_STIMMEN": 52
}
,
{
"GEMEINDE": "Berg a.I.",
"BEZIRK": "Andelfingen",
"STIMMBETEILIGUNG": "   78.26",
"AZ_GÜLTIGE_STIMMZETTEL": 82,
"AZ_JA_STIMMEN": 47
}
,
{
"GEMEINDE": "Buch a.I.",
"BEZIRK": "Andelfingen",
"STIMMBETEILIGUNG": "   85.37",
"AZ_GÜLTIGE_STIMMZETTEL": 98,
"AZ_JA_STIMMEN": 57
}
,
{
"GEMEINDE": "Dachsen",
"BEZIRK": "Andelfingen",
"STIMMBETEILIGUNG": "   75.58",
"AZ_GÜLTIGE_STIMMZETTEL": 150,
"AZ_JA_STIMMEN": 92
}
,
{
"GEMEINDE": "Dorf",
"BEZIRK": "Andelfingen",
"STIMMBETEILIGUNG": "   83.33",
"AZ_GÜLTIGE_STIMMZETTEL": 60,
"AZ_JA_STIMMEN": 37
}
,
{
"GEMEINDE": "Feuerthalen",
"BEZIRK": "Andelfingen",
"STIMMBETEILIGUNG": "   62.35",
"AZ_GÜLTIGE_STIMMZETTEL": 478,
"AZ_JA_STIMMEN": 258
}
,
{
"GEMEINDE": "Flaach",
"BEZIRK": "Andelfingen",
"STIMMBETEILIGUNG": "   72.65",
"AZ_GÜLTIGE_STIMMZETTEL": 149,
"AZ_JA_STIMMEN": 91
}
,
{
"GEMEINDE": "Flurlingen",
"BEZIRK": "Andelfingen",
"STIMMBETEILIGUNG": "   60.14",
"AZ_GÜLTIGE_STIMMZETTEL": 152,
"AZ_JA_STIMMEN": 93
}
,
{
"GEMEINDE": "Henggart",
"BEZIRK": "Andelfingen",
"STIMMBETEILIGUNG": "   77.04",
"AZ_GÜLTIGE_STIMMZETTEL": 147,
"AZ_JA_STIMMEN": 92
}
,
{
"GEMEINDE": "Humlikon",
"BEZIRK": "Andelfingen",
"STIMMBETEILIGUNG": "   82.81",
"AZ_GÜLTIGE_STIMMZETTEL": 52,
"AZ_JA_STIMMEN": 31
}
,
{
"GEMEINDE": "Kleinandelfingen",
"BEZIRK": "Andelfingen",
"STIMMBETEILIGUNG": "   74.65",
"AZ_GÜLTIGE_STIMMZETTEL": 202,
"AZ_JA_STIMMEN": 116
}
,
{
"GEMEINDE": "Laufen-Uhwiesen",
"BEZIRK": "Andelfingen",
"STIMMBETEILIGUNG": "   67.51",
"AZ_GÜLTIGE_STIMMZETTEL": 143,
"AZ_JA_STIMMEN": 79
}
,
{
"GEMEINDE": "Marthalen",
"BEZIRK": "Andelfingen",
"STIMMBETEILIGUNG": "   71.90",
"AZ_GÜLTIGE_STIMMZETTEL": 252,
"AZ_JA_STIMMEN": 134
}
,
{
"GEMEINDE": "Oberstammheim",
"BEZIRK": "Andelfingen",
"STIMMBETEILIGUNG": "   81.36",
"AZ_GÜLTIGE_STIMMZETTEL": 168,
"AZ_JA_STIMMEN": 93
}
,
{
"GEMEINDE": "Ossingen",
"BEZIRK": "Andelfingen",
"STIMMBETEILIGUNG": "   84.03",
"AZ_GÜLTIGE_STIMMZETTEL": 207,
"AZ_JA_STIMMEN": 139
}
,
{
"GEMEINDE": "Rheinau",
"BEZIRK": "Andelfingen",
"STIMMBETEILIGUNG": "   63.56",
"AZ_GÜLTIGE_STIMMZETTEL": 204,
"AZ_JA_STIMMEN": 144
}
,
{
"GEMEINDE": "Thalheim a.d.Th.",
"BEZIRK": "Andelfingen",
"STIMMBETEILIGUNG": "   85.19",
"AZ_GÜLTIGE_STIMMZETTEL": 102,
"AZ_JA_STIMMEN": 64
}
,
{
"GEMEINDE": "Trüllikon",
"BEZIRK": "Andelfingen",
"STIMMBETEILIGUNG": "   80.00",
"AZ_GÜLTIGE_STIMMZETTEL": 184,
"AZ_JA_STIMMEN": 120
}
,
{
"GEMEINDE": "Truttikon",
"BEZIRK": "Andelfingen",
"STIMMBETEILIGUNG": "   85.23",
"AZ_GÜLTIGE_STIMMZETTEL": 67,
"AZ_JA_STIMMEN": 31
}
,
{
"GEMEINDE": "Unterstammheim",
"BEZIRK": "Andelfingen",
"STIMMBETEILIGUNG": "   82.58",
"AZ_GÜLTIGE_STIMMZETTEL": 138,
"AZ_JA_STIMMEN": 101
}
,
{
"GEMEINDE": "Volken",
"BEZIRK": "Andelfingen",
"STIMMBETEILIGUNG": "   72.22",
"AZ_GÜLTIGE_STIMMZETTEL": 47,
"AZ_JA_STIMMEN": 28
}
,
{
"GEMEINDE": "Waltalingen",
"BEZIRK": "Andelfingen",
"STIMMBETEILIGUNG": "   86.36",
"AZ_GÜLTIGE_STIMMZETTEL": 124,
"AZ_JA_STIMMEN": 70
}
,
{
"GEMEINDE": "Bachenbülach",
"BEZIRK": "Bülach",
"STIMMBETEILIGUNG": "   69.17",
"AZ_GÜLTIGE_STIMMZETTEL": 160,
"AZ_JA_STIMMEN": 101
}
,
{
"GEMEINDE": "Bassersdorf",
"BEZIRK": "Bülach",
"STIMMBETEILIGUNG": "   66.63",
"AZ_GÜLTIGE_STIMMZETTEL": 503,
"AZ_JA_STIMMEN": 331
}
,
{
"GEMEINDE": "Bülach",
"BEZIRK": "Bülach",
"STIMMBETEILIGUNG": "   63.46",
"AZ_GÜLTIGE_STIMMZETTEL": 994,
"AZ_JA_STIMMEN": 601
}
,
{
"GEMEINDE": "Dietlikon",
"BEZIRK": "Bülach",
"STIMMBETEILIGUNG": "   51.39",
"AZ_GÜLTIGE_STIMMZETTEL": 227,
"AZ_JA_STIMMEN": 161
}
,
{
"GEMEINDE": "Eglisau",
"BEZIRK": "Bülach",
"STIMMBETEILIGUNG": "   64.98",
"AZ_GÜLTIGE_STIMMZETTEL": 320,
"AZ_JA_STIMMEN": 164
}
,
{
"GEMEINDE": "Embrach",
"BEZIRK": "Bülach",
"STIMMBETEILIGUNG": "   71.68",
"AZ_GÜLTIGE_STIMMZETTEL": 387,
"AZ_JA_STIMMEN": 173
}
,
{
"GEMEINDE": "Freienstein-Teufen",
"BEZIRK": "Bülach",
"STIMMBETEILIGUNG": "   69.03",
"AZ_GÜLTIGE_STIMMZETTEL": 198,
"AZ_JA_STIMMEN": 94
}
,
{
"GEMEINDE": "Glattfelden",
"BEZIRK": "Bülach",
"STIMMBETEILIGUNG": "   69.43",
"AZ_GÜLTIGE_STIMMZETTEL": 408,
"AZ_JA_STIMMEN": 197
}
,
{
"GEMEINDE": "Hochfelden",
"BEZIRK": "Bülach",
"STIMMBETEILIGUNG": "   69.92",
"AZ_GÜLTIGE_STIMMZETTEL": 80,
"AZ_JA_STIMMEN": 30
}
,
{
"GEMEINDE": "Höri",
"BEZIRK": "Bülach",
"STIMMBETEILIGUNG": "   68.68",
"AZ_GÜLTIGE_STIMMZETTEL": 114,
"AZ_JA_STIMMEN": 52
}
,
{
"GEMEINDE": "Hüntwangen",
"BEZIRK": "Bülach",
"STIMMBETEILIGUNG": "   79.74",
"AZ_GÜLTIGE_STIMMZETTEL": 112,
"AZ_JA_STIMMEN": 49
}
,
{
"GEMEINDE": "Kloten",
"BEZIRK": "Bülach",
"STIMMBETEILIGUNG": "   50.84",
"AZ_GÜLTIGE_STIMMZETTEL": 884,
"AZ_JA_STIMMEN": 586
}
,
{
"GEMEINDE": "Lufingen",
"BEZIRK": "Bülach",
"STIMMBETEILIGUNG": "   70.00",
"AZ_GÜLTIGE_STIMMZETTEL": 74,
"AZ_JA_STIMMEN": 29
}
,
{
"GEMEINDE": "Nürensdorf",
"BEZIRK": "Bülach",
"STIMMBETEILIGUNG": "   70.33",
"AZ_GÜLTIGE_STIMMZETTEL": 152,
"AZ_JA_STIMMEN": 79
}
,
{
"GEMEINDE": "Oberembrach",
"BEZIRK": "Bülach",
"STIMMBETEILIGUNG": "   73.26",
"AZ_GÜLTIGE_STIMMZETTEL": 114,
"AZ_JA_STIMMEN": 54
}
,
{
"GEMEINDE": "Opfikon",
"BEZIRK": "Bülach",
"STIMMBETEILIGUNG": "   43.34",
"AZ_GÜLTIGE_STIMMZETTEL": 785,
"AZ_JA_STIMMEN": 525
}
,
{
"GEMEINDE": "Rafz",
"BEZIRK": "Bülach",
"STIMMBETEILIGUNG": "   69.08",
"AZ_GÜLTIGE_STIMMZETTEL": 346,
"AZ_JA_STIMMEN": 197
}
,
{
"GEMEINDE": "Rorbas",
"BEZIRK": "Bülach",
"STIMMBETEILIGUNG": "   68.50",
"AZ_GÜLTIGE_STIMMZETTEL": 211,
"AZ_JA_STIMMEN": 107
}
,
{
"GEMEINDE": "Wallisellen",
"BEZIRK": "Bülach",
"STIMMBETEILIGUNG": "   59.82",
"AZ_GÜLTIGE_STIMMZETTEL": 1227,
"AZ_JA_STIMMEN": 912
}
,
{
"GEMEINDE": "Wasterkingen",
"BEZIRK": "Bülach",
"STIMMBETEILIGUNG": "   83.33",
"AZ_GÜLTIGE_STIMMZETTEL": 60,
"AZ_JA_STIMMEN": 23
}
,
{
"GEMEINDE": "Wil",
"BEZIRK": "Bülach",
"STIMMBETEILIGUNG": "   75.32",
"AZ_GÜLTIGE_STIMMZETTEL": 163,
"AZ_JA_STIMMEN": 83
}
,
{
"GEMEINDE": "Winkel",
"BEZIRK": "Bülach",
"STIMMBETEILIGUNG": "   75.15",
"AZ_GÜLTIGE_STIMMZETTEL": 113,
"AZ_JA_STIMMEN": 45
}
,
{
"GEMEINDE": "Bachs",
"BEZIRK": "Dielsdorf",
"STIMMBETEILIGUNG": "   85.04",
"AZ_GÜLTIGE_STIMMZETTEL": 100,
"AZ_JA_STIMMEN": 52
}
,
{
"GEMEINDE": "Boppelsen",
"BEZIRK": "Dielsdorf",
"STIMMBETEILIGUNG": "   77.63",
"AZ_GÜLTIGE_STIMMZETTEL": 56,
"AZ_JA_STIMMEN": 35
}
,
{
"GEMEINDE": "Buchs",
"BEZIRK": "Dielsdorf",
"STIMMBETEILIGUNG": "   53.09",
"AZ_GÜLTIGE_STIMMZETTEL": 95,
"AZ_JA_STIMMEN": 54
}
,
{
"GEMEINDE": "Dällikon",
"BEZIRK": "Dielsdorf",
"STIMMBETEILIGUNG": "   66.96",
"AZ_GÜLTIGE_STIMMZETTEL": 76,
"AZ_JA_STIMMEN": 48
}
,
{
"GEMEINDE": "Dänikon",
"BEZIRK": "Dielsdorf",
"STIMMBETEILIGUNG": "   69.84",
"AZ_GÜLTIGE_STIMMZETTEL": 36,
"AZ_JA_STIMMEN": 17
}
,
{
"GEMEINDE": "Dielsdorf",
"BEZIRK": "Dielsdorf",
"STIMMBETEILIGUNG": "   69.71",
"AZ_GÜLTIGE_STIMMZETTEL": 250,
"AZ_JA_STIMMEN": 156
}
,
{
"GEMEINDE": "Hüttikon",
"BEZIRK": "Dielsdorf",
"STIMMBETEILIGUNG": "   60.53",
"AZ_GÜLTIGE_STIMMZETTEL": 20,
"AZ_JA_STIMMEN": 11
}
,
{
"GEMEINDE": "Neerach",
"BEZIRK": "Dielsdorf",
"STIMMBETEILIGUNG": "   63.69",
"AZ_GÜLTIGE_STIMMZETTEL": 92,
"AZ_JA_STIMMEN": 49
}
,
{
"GEMEINDE": "Niederglatt",
"BEZIRK": "Dielsdorf",
"STIMMBETEILIGUNG": "   64.71",
"AZ_GÜLTIGE_STIMMZETTEL": 243,
"AZ_JA_STIMMEN": 135
}
,
{
"GEMEINDE": "Niederhasli",
"BEZIRK": "Dielsdorf",
"STIMMBETEILIGUNG": "   65.00",
"AZ_GÜLTIGE_STIMMZETTEL": 213,
"AZ_JA_STIMMEN": 104
}
,
{
"GEMEINDE": "Niederweningen",
"BEZIRK": "Dielsdorf",
"STIMMBETEILIGUNG": "   75.84",
"AZ_GÜLTIGE_STIMMZETTEL": 194,
"AZ_JA_STIMMEN": 113
}
,
{
"GEMEINDE": "Oberglatt",
"BEZIRK": "Dielsdorf",
"STIMMBETEILIGUNG": "   63.95",
"AZ_GÜLTIGE_STIMMZETTEL": 250,
"AZ_JA_STIMMEN": 136
}
,
{
"GEMEINDE": "Oberweningen",
"BEZIRK": "Dielsdorf",
"STIMMBETEILIGUNG": "   65.05",
"AZ_GÜLTIGE_STIMMZETTEL": 62,
"AZ_JA_STIMMEN": 26
}
,
{
"GEMEINDE": "Otelfingen",
"BEZIRK": "Dielsdorf",
"STIMMBETEILIGUNG": "   54.17",
"AZ_GÜLTIGE_STIMMZETTEL": 110,
"AZ_JA_STIMMEN": 60
}
,
{
"GEMEINDE": "Regensberg",
"BEZIRK": "Dielsdorf",
"STIMMBETEILIGUNG": "   72.00",
"AZ_GÜLTIGE_STIMMZETTEL": 52,
"AZ_JA_STIMMEN": 32
}
,
{
"GEMEINDE": "Regensdorf",
"BEZIRK": "Dielsdorf",
"STIMMBETEILIGUNG": "   54.82",
"AZ_GÜLTIGE_STIMMZETTEL": 495,
"AZ_JA_STIMMEN": 317
}
,
{
"GEMEINDE": "Rümlang",
"BEZIRK": "Dielsdorf",
"STIMMBETEILIGUNG": "   54.68",
"AZ_GÜLTIGE_STIMMZETTEL": 427,
"AZ_JA_STIMMEN": 255
}
,
{
"GEMEINDE": "Schleinikon",
"BEZIRK": "Dielsdorf",
"STIMMBETEILIGUNG": "   58.68",
"AZ_GÜLTIGE_STIMMZETTEL": 64,
"AZ_JA_STIMMEN": 29
}
,
{
"GEMEINDE": "Schöfflisdorf",
"BEZIRK": "Dielsdorf",
"STIMMBETEILIGUNG": "   61.67",
"AZ_GÜLTIGE_STIMMZETTEL": 73,
"AZ_JA_STIMMEN": 29
}
,
{
"GEMEINDE": "Stadel",
"BEZIRK": "Dielsdorf",
"STIMMBETEILIGUNG": "   85.57",
"AZ_GÜLTIGE_STIMMZETTEL": 238,
"AZ_JA_STIMMEN": 76
}
,
{
"GEMEINDE": "Steinmaur",
"BEZIRK": "Dielsdorf",
"STIMMBETEILIGUNG": "   69.60",
"AZ_GÜLTIGE_STIMMZETTEL": 164,
"AZ_JA_STIMMEN": 95
}
,
{
"GEMEINDE": "Weiach",
"BEZIRK": "Dielsdorf",
"STIMMBETEILIGUNG": "   61.40",
"AZ_GÜLTIGE_STIMMZETTEL": 94,
"AZ_JA_STIMMEN": 61
}
,
{
"GEMEINDE": "Aesch",
"BEZIRK": "Dietikon",
"STIMMBETEILIGUNG": "   77.89",
"AZ_GÜLTIGE_STIMMZETTEL": 62,
"AZ_JA_STIMMEN": 38
}
,
{
"GEMEINDE": "Birmensdorf",
"BEZIRK": "Dietikon",
"STIMMBETEILIGUNG": "   53.83",
"AZ_GÜLTIGE_STIMMZETTEL": 263,
"AZ_JA_STIMMEN": 191
}
,
{
"GEMEINDE": "Dietikon",
"BEZIRK": "Dietikon",
"STIMMBETEILIGUNG": "   61.72",
"AZ_GÜLTIGE_STIMMZETTEL": 2082,
"AZ_JA_STIMMEN": 1267
}
,
{
"GEMEINDE": "Geroldswil",
"BEZIRK": "Dietikon",
"STIMMBETEILIGUNG": "   64.17",
"AZ_GÜLTIGE_STIMMZETTEL": 115,
"AZ_JA_STIMMEN": 64
}
,
{
"GEMEINDE": "Oberengstringen",
"BEZIRK": "Dietikon",
"STIMMBETEILIGUNG": "   44.76",
"AZ_GÜLTIGE_STIMMZETTEL": 368,
"AZ_JA_STIMMEN": 260
}
,
{
"GEMEINDE": "Oetwil a.d.L",
"BEZIRK": "Dietikon",
"STIMMBETEILIGUNG": "   72.50",
"AZ_GÜLTIGE_STIMMZETTEL": 85,
"AZ_JA_STIMMEN": 49
}
,
{
"GEMEINDE": "Schlieren",
"BEZIRK": "Dietikon",
"STIMMBETEILIGUNG": "   51.40",
"AZ_GÜLTIGE_STIMMZETTEL": 1328,
"AZ_JA_STIMMEN": 916
}
,
{
"GEMEINDE": "Uitikon",
"BEZIRK": "Dietikon",
"STIMMBETEILIGUNG": "   54.00",
"AZ_GÜLTIGE_STIMMZETTEL": 216,
"AZ_JA_STIMMEN": 174
}
,
{
"GEMEINDE": "Unterengstringen",
"BEZIRK": "Dietikon",
"STIMMBETEILIGUNG": "   49.65",
"AZ_GÜLTIGE_STIMMZETTEL": 131,
"AZ_JA_STIMMEN": 94
}
,
{
"GEMEINDE": "Urdorf",
"BEZIRK": "Dietikon",
"STIMMBETEILIGUNG": "   46.55",
"AZ_GÜLTIGE_STIMMZETTEL": 371,
"AZ_JA_STIMMEN": 260
}
,
{
"GEMEINDE": "Weiningen",
"BEZIRK": "Dietikon",
"STIMMBETEILIGUNG": "   53.91",
"AZ_GÜLTIGE_STIMMZETTEL": 185,
"AZ_JA_STIMMEN": 113
}
,
{
"GEMEINDE": "Bäretswil",
"BEZIRK": "Hinwil",
"STIMMBETEILIGUNG": "   73.31",
"AZ_GÜLTIGE_STIMMZETTEL": 454,
"AZ_JA_STIMMEN": 206
}
,
{
"GEMEINDE": "Bubikon",
"BEZIRK": "Hinwil",
"STIMMBETEILIGUNG": "   64.92",
"AZ_GÜLTIGE_STIMMZETTEL": 419,
"AZ_JA_STIMMEN": 197
}
,
{
"GEMEINDE": "Dürnten",
"BEZIRK": "Hinwil",
"STIMMBETEILIGUNG": "   63.56",
"AZ_GÜLTIGE_STIMMZETTEL": 660,
"AZ_JA_STIMMEN": 350
}
,
{
"GEMEINDE": "Fischenthal",
"BEZIRK": "Hinwil",
"STIMMBETEILIGUNG": "   66.48",
"AZ_GÜLTIGE_STIMMZETTEL": 335,
"AZ_JA_STIMMEN": 173
}
,
{
"GEMEINDE": "Gossau",
"BEZIRK": "Hinwil",
"STIMMBETEILIGUNG": "   69.05",
"AZ_GÜLTIGE_STIMMZETTEL": 586,
"AZ_JA_STIMMEN": 343
}
,
{
"GEMEINDE": "Grüningen",
"BEZIRK": "Hinwil",
"STIMMBETEILIGUNG": "   68.16",
"AZ_GÜLTIGE_STIMMZETTEL": 269,
"AZ_JA_STIMMEN": 127
}
,
{
"GEMEINDE": "Hinwil",
"BEZIRK": "Hinwil",
"STIMMBETEILIGUNG": "   67.61",
"AZ_GÜLTIGE_STIMMZETTEL": 825,
"AZ_JA_STIMMEN": 442
}
,
{
"GEMEINDE": "Rüti",
"BEZIRK": "Hinwil",
"STIMMBETEILIGUNG": "   71.06",
"AZ_GÜLTIGE_STIMMZETTEL": 1502,
"AZ_JA_STIMMEN": 890
}
,
{
"GEMEINDE": "Seegräben",
"BEZIRK": "Hinwil",
"STIMMBETEILIGUNG": "   75.00",
"AZ_GÜLTIGE_STIMMZETTEL": 130,
"AZ_JA_STIMMEN": 81
}
,
{
"GEMEINDE": "Wald",
"BEZIRK": "Hinwil",
"STIMMBETEILIGUNG": "   67.08",
"AZ_GÜLTIGE_STIMMZETTEL": 1232,
"AZ_JA_STIMMEN": 620
}
,
{
"GEMEINDE": "Wetzikon",
"BEZIRK": "Hinwil",
"STIMMBETEILIGUNG": "   68.81",
"AZ_GÜLTIGE_STIMMZETTEL": 1667,
"AZ_JA_STIMMEN": 1023
}
,
{
"GEMEINDE": "Adliswil",
"BEZIRK": "Horgen",
"STIMMBETEILIGUNG": "   54.89",
"AZ_GÜLTIGE_STIMMZETTEL": 1228,
"AZ_JA_STIMMEN": 771
}
,
{
"GEMEINDE": "Hirzel",
"BEZIRK": "Horgen",
"STIMMBETEILIGUNG": "   60.47",
"AZ_GÜLTIGE_STIMMZETTEL": 196,
"AZ_JA_STIMMEN": 68
}
,
{
"GEMEINDE": "Horgen",
"BEZIRK": "Horgen",
"STIMMBETEILIGUNG": "   59.93",
"AZ_GÜLTIGE_STIMMZETTEL": 1887,
"AZ_JA_STIMMEN": 1078
}
,
{
"GEMEINDE": "Hütten",
"BEZIRK": "Horgen",
"STIMMBETEILIGUNG": "   48.33",
"AZ_GÜLTIGE_STIMMZETTEL": 78,
"AZ_JA_STIMMEN": 30
}
,
{
"GEMEINDE": "Kilchberg",
"BEZIRK": "Horgen",
"STIMMBETEILIGUNG": "   67.78",
"AZ_GÜLTIGE_STIMMZETTEL": 1201,
"AZ_JA_STIMMEN": 817
}
,
{
"GEMEINDE": "Langnau a.A.",
"BEZIRK": "Horgen",
"STIMMBETEILIGUNG": "   50.27",
"AZ_GÜLTIGE_STIMMZETTEL": 357,
"AZ_JA_STIMMEN": 201
}
,
{
"GEMEINDE": "Oberrieden",
"BEZIRK": "Horgen",
"STIMMBETEILIGUNG": "   52.76",
"AZ_GÜLTIGE_STIMMZETTEL": 424,
"AZ_JA_STIMMEN": 268
}
,
{
"GEMEINDE": "Richterswil",
"BEZIRK": "Horgen",
"STIMMBETEILIGUNG": "   65.27",
"AZ_GÜLTIGE_STIMMZETTEL": 917,
"AZ_JA_STIMMEN": 466
}
,
{
"GEMEINDE": "Rüschlikon",
"BEZIRK": "Horgen",
"STIMMBETEILIGUNG": "   55.55",
"AZ_GÜLTIGE_STIMMZETTEL": 616,
"AZ_JA_STIMMEN": 456
}
,
{
"GEMEINDE": "Schönenberg",
"BEZIRK": "Horgen",
"STIMMBETEILIGUNG": "   63.21",
"AZ_GÜLTIGE_STIMMZETTEL": 228,
"AZ_JA_STIMMEN": 90
}
,
{
"GEMEINDE": "Thalwil",
"BEZIRK": "Horgen",
"STIMMBETEILIGUNG": "   57.64",
"AZ_GÜLTIGE_STIMMZETTEL": 1656,
"AZ_JA_STIMMEN": 1076
}
,
{
"GEMEINDE": "Wädenswil",
"BEZIRK": "Horgen",
"STIMMBETEILIGUNG": "   63.69",
"AZ_GÜLTIGE_STIMMZETTEL": 1738,
"AZ_JA_STIMMEN": 983
}
,
{
"GEMEINDE": "Erlenbach",
"BEZIRK": "Meilen",
"STIMMBETEILIGUNG": "   61.31",
"AZ_GÜLTIGE_STIMMZETTEL": 626,
"AZ_JA_STIMMEN": 443
}
,
{
"GEMEINDE": "Herrliberg",
"BEZIRK": "Meilen",
"STIMMBETEILIGUNG": "   57.61",
"AZ_GÜLTIGE_STIMMZETTEL": 412,
"AZ_JA_STIMMEN": 285
}
,
{
"GEMEINDE": "Hombrechtikon",
"BEZIRK": "Meilen",
"STIMMBETEILIGUNG": "   67.32",
"AZ_GÜLTIGE_STIMMZETTEL": 555,
"AZ_JA_STIMMEN": 320
}
,
{
"GEMEINDE": "Küsnacht",
"BEZIRK": "Meilen",
"STIMMBETEILIGUNG": "   63.01",
"AZ_GÜLTIGE_STIMMZETTEL": 1826,
"AZ_JA_STIMMEN": 1411
}
,
{
"GEMEINDE": "Männedorf",
"BEZIRK": "Meilen",
"STIMMBETEILIGUNG": "   64.85",
"AZ_GÜLTIGE_STIMMZETTEL": 837,
"AZ_JA_STIMMEN": 523
}
,
{
"GEMEINDE": "Meilen",
"BEZIRK": "Meilen",
"STIMMBETEILIGUNG": "   65.14",
"AZ_GÜLTIGE_STIMMZETTEL": 1272,
"AZ_JA_STIMMEN": 826
}
,
{
"GEMEINDE": "Oetwil a.S.",
"BEZIRK": "Meilen",
"STIMMBETEILIGUNG": "   71.38",
"AZ_GÜLTIGE_STIMMZETTEL": 223,
"AZ_JA_STIMMEN": 115
}
,
{
"GEMEINDE": "Stäfa",
"BEZIRK": "Meilen",
"STIMMBETEILIGUNG": "   66.01",
"AZ_GÜLTIGE_STIMMZETTEL": 1028,
"AZ_JA_STIMMEN": 627
}
,
{
"GEMEINDE": "Uetikon a.S.",
"BEZIRK": "Meilen",
"STIMMBETEILIGUNG": "   68.07",
"AZ_GÜLTIGE_STIMMZETTEL": 465,
"AZ_JA_STIMMEN": 282
}
,
{
"GEMEINDE": "Zollikon",
"BEZIRK": "Meilen",
"STIMMBETEILIGUNG": "   52.28",
"AZ_GÜLTIGE_STIMMZETTEL": 1347,
"AZ_JA_STIMMEN": 1114
}
,
{
"GEMEINDE": "Zumikon",
"BEZIRK": "Meilen",
"STIMMBETEILIGUNG": "   61.23",
"AZ_GÜLTIGE_STIMMZETTEL": 263,
"AZ_JA_STIMMEN": 181
}
,
{
"GEMEINDE": "Bauma",
"BEZIRK": "Pfäffikon",
"STIMMBETEILIGUNG": "   70.76",
"AZ_GÜLTIGE_STIMMZETTEL": 620,
"AZ_JA_STIMMEN": 288
}
,
{
"GEMEINDE": "Fehraltorf",
"BEZIRK": "Pfäffikon",
"STIMMBETEILIGUNG": "   68.25",
"AZ_GÜLTIGE_STIMMZETTEL": 226,
"AZ_JA_STIMMEN": 122
}
,
{
"GEMEINDE": "Hittnau",
"BEZIRK": "Pfäffikon",
"STIMMBETEILIGUNG": "   77.64",
"AZ_GÜLTIGE_STIMMZETTEL": 296,
"AZ_JA_STIMMEN": 144
}
,
{
"GEMEINDE": "Illnau-Effretikon",
"BEZIRK": "Pfäffikon",
"STIMMBETEILIGUNG": "   69.53",
"AZ_GÜLTIGE_STIMMZETTEL": 1078,
"AZ_JA_STIMMEN": 593
}
,
{
"GEMEINDE": "Lindau",
"BEZIRK": "Pfäffikon",
"STIMMBETEILIGUNG": "   74.51",
"AZ_GÜLTIGE_STIMMZETTEL": 391,
"AZ_JA_STIMMEN": 248
}
,
{
"GEMEINDE": "Pfäffikon",
"BEZIRK": "Pfäffikon",
"STIMMBETEILIGUNG": "   68.61",
"AZ_GÜLTIGE_STIMMZETTEL": 937,
"AZ_JA_STIMMEN": 521
}
,
{
"GEMEINDE": "Russikon",
"BEZIRK": "Pfäffikon",
"STIMMBETEILIGUNG": "   72.68",
"AZ_GÜLTIGE_STIMMZETTEL": 283,
"AZ_JA_STIMMEN": 125
}
,
{
"GEMEINDE": "Weisslingen",
"BEZIRK": "Pfäffikon",
"STIMMBETEILIGUNG": "   82.89",
"AZ_GÜLTIGE_STIMMZETTEL": 325,
"AZ_JA_STIMMEN": 144
}
,
{
"GEMEINDE": "Wila",
"BEZIRK": "Pfäffikon",
"STIMMBETEILIGUNG": "   72.49",
"AZ_GÜLTIGE_STIMMZETTEL": 184,
"AZ_JA_STIMMEN": 79
}
,
{
"GEMEINDE": "Wildberg",
"BEZIRK": "Pfäffikon",
"STIMMBETEILIGUNG": "   78.42",
"AZ_GÜLTIGE_STIMMZETTEL": 140,
"AZ_JA_STIMMEN": 77
}
,
{
"GEMEINDE": "Dübendorf",
"BEZIRK": "Uster",
"STIMMBETEILIGUNG": "   52.12",
"AZ_GÜLTIGE_STIMMZETTEL": 1436,
"AZ_JA_STIMMEN": 993
}
,
{
"GEMEINDE": "Egg",
"BEZIRK": "Uster",
"STIMMBETEILIGUNG": "   62.78",
"AZ_GÜLTIGE_STIMMZETTEL": 413,
"AZ_JA_STIMMEN": 208
}
,
{
"GEMEINDE": "Fällanden",
"BEZIRK": "Uster",
"STIMMBETEILIGUNG": "   67.24",
"AZ_GÜLTIGE_STIMMZETTEL": 182,
"AZ_JA_STIMMEN": 101
}
,
{
"GEMEINDE": "Greifensee",
"BEZIRK": "Uster",
"STIMMBETEILIGUNG": "   72.00",
"AZ_GÜLTIGE_STIMMZETTEL": 71,
"AZ_JA_STIMMEN": 43
}
,
{
"GEMEINDE": "Maur",
"BEZIRK": "Uster",
"STIMMBETEILIGUNG": "   67.32",
"AZ_GÜLTIGE_STIMMZETTEL": 351,
"AZ_JA_STIMMEN": 212
}
,
{
"GEMEINDE": "Mönchaltorf",
"BEZIRK": "Uster",
"STIMMBETEILIGUNG": "   62.37",
"AZ_GÜLTIGE_STIMMZETTEL": 163,
"AZ_JA_STIMMEN": 84
}
,
{
"GEMEINDE": "Schwerzenbach",
"BEZIRK": "Uster",
"STIMMBETEILIGUNG": "   64.29",
"AZ_GÜLTIGE_STIMMZETTEL": 92,
"AZ_JA_STIMMEN": 64
}
,
{
"GEMEINDE": "Uster",
"BEZIRK": "Uster",
"STIMMBETEILIGUNG": "   68.26",
"AZ_GÜLTIGE_STIMMZETTEL": 2544,
"AZ_JA_STIMMEN": 1495
}
,
{
"GEMEINDE": "Volketswil",
"BEZIRK": "Uster",
"STIMMBETEILIGUNG": "   68.73",
"AZ_GÜLTIGE_STIMMZETTEL": 377,
"AZ_JA_STIMMEN": 207
}
,
{
"GEMEINDE": "Wangen-Brüttisellen",
"BEZIRK": "Uster",
"STIMMBETEILIGUNG": "   62.69",
"AZ_GÜLTIGE_STIMMZETTEL": 338,
"AZ_JA_STIMMEN": 202
}
,
{
"GEMEINDE": "Altikon",
"BEZIRK": "Winterthur",
"STIMMBETEILIGUNG": "   79.45",
"AZ_GÜLTIGE_STIMMZETTEL": 109,
"AZ_JA_STIMMEN": 61
}
,
{
"GEMEINDE": "Brütten",
"BEZIRK": "Winterthur",
"STIMMBETEILIGUNG": "   61.84",
"AZ_GÜLTIGE_STIMMZETTEL": 91,
"AZ_JA_STIMMEN": 40
}
,
{
"GEMEINDE": "Dägerlen",
"BEZIRK": "Winterthur",
"STIMMBETEILIGUNG": "   87.59",
"AZ_GÜLTIGE_STIMMZETTEL": 116,
"AZ_JA_STIMMEN": 54
}
,
{
"GEMEINDE": "Dättlikon",
"BEZIRK": "Winterthur",
"STIMMBETEILIGUNG": "   71.70",
"AZ_GÜLTIGE_STIMMZETTEL": 74,
"AZ_JA_STIMMEN": 44
}
,
{
"GEMEINDE": "Dinhard",
"BEZIRK": "Winterthur",
"STIMMBETEILIGUNG": "   86.62",
"AZ_GÜLTIGE_STIMMZETTEL": 129,
"AZ_JA_STIMMEN": 89
}
,
{
"GEMEINDE": "Elgg",
"BEZIRK": "Winterthur",
"STIMMBETEILIGUNG": "   66.37",
"AZ_GÜLTIGE_STIMMZETTEL": 433,
"AZ_JA_STIMMEN": 259
}
,
{
"GEMEINDE": "Ellikon a.d.Th.",
"BEZIRK": "Winterthur",
"STIMMBETEILIGUNG": "   75.00",
"AZ_GÜLTIGE_STIMMZETTEL": 85,
"AZ_JA_STIMMEN": 53
}
,
{
"GEMEINDE": "Elsau",
"BEZIRK": "Winterthur",
"STIMMBETEILIGUNG": "   70.22",
"AZ_GÜLTIGE_STIMMZETTEL": 373,
"AZ_JA_STIMMEN": 224
}
,
{
"GEMEINDE": "Hagenbuch",
"BEZIRK": "Winterthur",
"STIMMBETEILIGUNG": "   90.42",
"AZ_GÜLTIGE_STIMMZETTEL": 140,
"AZ_JA_STIMMEN": 82
}
,
{
"GEMEINDE": "Hettlingen",
"BEZIRK": "Winterthur",
"STIMMBETEILIGUNG": "   72.73",
"AZ_GÜLTIGE_STIMMZETTEL": 144,
"AZ_JA_STIMMEN": 82
}
,
{
"GEMEINDE": "Hofstetten",
"BEZIRK": "Winterthur",
"STIMMBETEILIGUNG": "   85.93",
"AZ_GÜLTIGE_STIMMZETTEL": 110,
"AZ_JA_STIMMEN": 57
}
,
{
"GEMEINDE": "Neftenbach",
"BEZIRK": "Winterthur",
"STIMMBETEILIGUNG": "   68.59",
"AZ_GÜLTIGE_STIMMZETTEL": 368,
"AZ_JA_STIMMEN": 234
}
,
{
"GEMEINDE": "Pfungen",
"BEZIRK": "Winterthur",
"STIMMBETEILIGUNG": "   61.50",
"AZ_GÜLTIGE_STIMMZETTEL": 217,
"AZ_JA_STIMMEN": 125
}
,
{
"GEMEINDE": "Rickenbach",
"BEZIRK": "Winterthur",
"STIMMBETEILIGUNG": "   69.57",
"AZ_GÜLTIGE_STIMMZETTEL": 152,
"AZ_JA_STIMMEN": 109
}
,
{
"GEMEINDE": "Schlatt",
"BEZIRK": "Winterthur",
"STIMMBETEILIGUNG": "   67.63",
"AZ_GÜLTIGE_STIMMZETTEL": 85,
"AZ_JA_STIMMEN": 44
}
,
{
"GEMEINDE": "Seuzach",
"BEZIRK": "Winterthur",
"STIMMBETEILIGUNG": "   67.09",
"AZ_GÜLTIGE_STIMMZETTEL": 416,
"AZ_JA_STIMMEN": 279
}
,
{
"GEMEINDE": "Turbenthal",
"BEZIRK": "Winterthur",
"STIMMBETEILIGUNG": "   72.28",
"AZ_GÜLTIGE_STIMMZETTEL": 508,
"AZ_JA_STIMMEN": 224
}
,
{
"GEMEINDE": "Wiesendangen",
"BEZIRK": "Winterthur",
"STIMMBETEILIGUNG": "   79.66",
"AZ_GÜLTIGE_STIMMZETTEL": 528,
"AZ_JA_STIMMEN": 311
}
,
{
"GEMEINDE": "Winterthur",
"BEZIRK": "Winterthur",
"STIMMBETEILIGUNG": "   74.42",
"AZ_GÜLTIGE_STIMMZETTEL": 15553,
"AZ_JA_STIMMEN": 10290
}
,
{
"GEMEINDE": "Zell",
"BEZIRK": "Winterthur",
"STIMMBETEILIGUNG": "   74.94",
"AZ_GÜLTIGE_STIMMZETTEL": 613,
"AZ_JA_STIMMEN": 291
}
,
{
"GEMEINDE": "Zürich",
"BEZIRK": "Zürich",
"STIMMBETEILIGUNG": "   50.65",
"AZ_GÜLTIGE_STIMMZETTEL": 62172,
"AZ_JA_STIMMEN": 43336
}
]
